1,0.2777777777777778,0.027777777777777776,0.08333333333333333,0.027777777777777776,0.1111111111111111,0.0,0.0,0.05555555555555555,0.0,0.0,0.1111111111111111,0.027777777777777776,0.027777777777777776,0.027777777777777776,0.0,0.027777777777777776,0.0,0.027777777777777776,0.0,0.0,0.1111111111111111,0.0,0.0,0.0,0.05555555555555555,0.22857142857142856,0.0,0.11428571428571428,0.02857142857142857,0.14285714285714285,0.02857142857142857,0.0,0.02857142857142857,0.0,0.0,0.11428571428571428,0.02857142857142857,0.02857142857142857,0.02857142857142857,0.0,0.05714285714285714,0.0,0.0,0.0,0.0,0.11428571428571428,0.0,0.02857142857142857,0.0,0.02857142857142857,0.35294117647058826,0.0,0.058823529411764705,0.0,0.08823529411764706,0.029411764705882353,0.029411764705882353,0.0,0.0,0.0,0.058823529411764705,0.0,0.058823529411764705,0.029411764705882353,0.058823529411764705,0.058823529411764705,0.0,0.0,0.0,0.0,0.058823529411764705,0.0,0.058823529411764705,0.029411764705882353,0.029411764705882353,0.36363636363636365,0.0,0.030303030303030304,0.0,0.12121212121212122,0.0,0.0,0.030303030303030304,0.030303030303030304,0.0,0.09090909090909091,0.030303030303030304,0.06060606060606061,0.0,0.030303030303030304,0.0,0.0,0.030303030303030304,0.0,0.030303030303030304,0.09090909090909091,0.0,0.030303030303030304,0.030303030303030304,0.0,0.25,0.0,0.0625,0.0625,0.15625,0.0,0.0,0.0625,0.0,0.0,0.15625,0.0,0.0625,0.0,0.0,0.03125,0.0,0.0,0.0,0.03125,0.125,0.0,0.0,0.0,0.0,0.25806451612903225,0.0,0.06451612903225806,0.03225806451612903,0.16129032258064516,0.06451612903225806,0.0,0.0,0.0,0.0,0.0967741935483871,0.0,0.06451612903225806,0.03225806451612903,0.03225806451612903,0.06451612903225806,0.0,0.0,0.0,0.0,0.0967741935483871,0.0,0.03225806451612903,0.0,0.0
1,0.30434782608695654,0.043478260869565216,0.043478260869565216,0.0,0.13043478260869565,0.08695652173913043,0.0,0.0,0.0,0.043478260869565216,0.043478260869565216,0.043478260869565216,0.043478260869565216,0.0,0.043478260869565216,0.0,0.0,0.0,0.0,0.0,0.08695652173913043,0.0,0.08695652173913043,0.0,0.0,0.2727272727272727,0.045454545454545456,0.13636363636363635,0.0,0.09090909090909091,0.045454545454545456,0.0,0.0,0.0,0.09090909090909091,0.045454545454545456,0.045454545454545456,0.0,0.0,0.045454545454545456,0.0,0.0,0.0,0.0,0.0,0.13636363636363635,0.0,0.045454545454545456,0.0,0.0,0.38095238095238093,0.047619047619047616,0.14285714285714285,0.0,0.0,0.09523809523809523,0.0,0.047619047619047616,0.0,0.0,0.0,0.0,0.0,0.0,0.09523809523809523,0.0,0.0,0.0,0.0,0.0,0.047619047619047616,0.047619047619047616,0.0,0.0,0.09523809523809523,0.3,0.1,0.1,0.0,0.1,0.1,0.0,0.0,0.0,0.05,0.05,0.0,0.05,0.0,0.0,0.0,0.0,0.0,0.0,0.0,0.05,0.0,0.05,0.0,0.05,0.21052631578947367,0.05263157894736842,0.10526315789473684,0.0,0.21052631578947367,0.05263157894736842,0.05263157894736842,0.05263157894736842,0.0,0.0,0.10526315789473684,0.0,0.0,0.0,0.0,0.0,0.0,0.0,0.0,0.0,0.10526315789473684,0.0,0.05263157894736842,0.0,0.0,0.2777777777777778,0.05555555555555555,0.16666666666666666,0.0,0.05555555555555555,0.05555555555555555,0.0,0.05555555555555555,0.0,0.05555555555555555,0.0,0.05555555555555555,0.0,0.0,0.05555555555555555,0.0,0.0,0.0,0.0,0.0,0.1111111111111111,0.0,0.0,0.0,0.05555555555555555
1,0.0,0.1,0.2,0.0,0.0,0.3,0.0,0.1,0.0,0.0,0.0,0.2,0.1,0.0,0.0,0.0,0.0,0.0,0.0,0.0,0.0,0.0,0.0,0.0,0.0,0.0,0.1111111111111111,0.2222222222222222,0.0,0.0,0.0,0.2222222222222222,0.2222222222222222,0.0,0.0,0.2222222222222222,0.0,0.0,0.0,0.0,0.0,0.0,0.0,0.0,0.0,0.0,0.0,0.0,0.0,0.0,0.125,0.125,0.0,0.0,0.0,0.125,0.125,0.25,0.0,0.0,0.0,0.125,0.125,0.0,0.0,0.0,0.0,0.0,0.0,0.0,0.0,0.0,0.0,0.0,0.0,0.14285714285714285,0.14285714285714285,0.0,0.0,0.0,0.14285714285714285,0.14285714285714285,0.14285714285714285,0.0,0.0,0.0,0.0,0.2857142857142857,0.0,0.0,0.0,0.0,0.0,0.0,0.0,0.0,0.0,0.0,0.0,0.0,0.0,0.0,0.3333333333333333,0.0,0.0,0.16666666666666666,0.16666666666666666,0.16666666666666666,0.0,0.0,0.0,0.16666666666666666,0.0,0.0,0.0,0.0,0.0,0.0,0.0,0.0,0.0,0.0,0.0,0.0,0.0,0.0,0.2,0.2,0.0,0.0,0.0,0.0,0.4,0.0,0.0,0.2,0.0,0.0,0.0,0.0,0.0,0.0,0.0,0.0,0.0,0.0,0.0,0.0,0.0,0.0
1,0.11538461538461539,0.0,0.07692307692307693,0.038461538461538464,0.07692307692307693,0.0,0.0,0.038461538461538464,0.0,0.038461538461538464,0.0,0.0,0.11538461538461539,0.07692307692307693,0.07692307692307693,0.0,0.07692307692307693,0.038461538461538464,0.0,0.0,0.15384615384615385,0.0,0.038461538461538464,0.0,0.038461538461538464,0.08,0.0,0.08,0.08,0.08,0.0,0.0,0.04,0.0,0.04,0.08,0.08,0.0,0.04,0.04,0.0,0.0,0.08,0.0,0.04,0.12,0.0,0.08,0.0,0.04,0.08333333333333333,0.041666666666666664,0.08333333333333333,0.08333333333333333,0.041666666666666664,0.041666666666666664,0.0,0.041666666666666664,0.0,0.0,0.08333333333333333,0.041666666666666664,0.08333333333333333,0.0,0.041666666666666664,0.0,0.0,0.041666666666666664,0.0,0.08333333333333333,0.08333333333333333,0.0,0.0,0.041666666666666664,0.08333333333333333,0.08695652173913043,0.043478260869565216,0.08695652173913043,0.0,0.13043478260869565,0.043478260869565216,0.0,0.0,0.0,0.0,0.0,0.0,0.13043478260869565,0.043478260869565216,0.08695652173913043,0.08695652173913043,0.0,0.043478260869565216,0.0,0.0,0.08695652173913043,0.043478260869565216,0.0,0.043478260869565216,0.043478260869565216,0.09090909090909091,0.0,0.13636363636363635,0.045454545454545456,0.09090909090909091,0.0,0.0,0.0,0.0,0.045454545454545456,0.045454545454545456,0.045454545454545456,0.045454545454545456,0.045454545454545456,0.09090909090909091,0.045454545454545456,0.0,0.045454545454545456,0.0,0.0,0.13636363636363635,0.0,0.045454545454545456,0.0,0.045454545454545456,0.14285714285714285,0.0,0.14285714285714285,0.0,0.09523809523809523,0.0,0.0,0.0,0.0,0.047619047619047616,0.14285714285714285,0.047619047619047616,0.0,0.0,0.047619047619047616,0.0,0.0,0.0,0.047619047619047616,0.047619047619047616,0.047619047619047616,0.0,0.09523809523809523,0.047619047619047616,0.047619047619047616
1,0.18181818181818182,0.045454545454545456,0.18181818181818182,0.045454545454545456,0.045454545454545456,0.13636363636363635,0.0,0.0,0.0,0.0,0.045454545454545456,0.09090909090909091,0.045454545454545456,0.0,0.045454545454545456,0.045454545454545456,0.0,0.0,0.0,0.0,0.045454545454545456,0.0,0.0,0.0,0.045454545454545456,0.19047619047619047,0.047619047619047616,0.09523809523809523,0.047619047619047616,0.14285714285714285,0.047619047619047616,0.0,0.09523809523809523,0.0,0.0,0.14285714285714285,0.09523809523809523,0.0,0.0,0.0,0.047619047619047616,0.0,0.0,0.0,0.0,0.0,0.0,0.047619047619047616,0.0,0.0,0.25,0.15,0.05,0.0,0.05,0.05,0.0,0.0,0.05,0.05,0.1,0.0,0.15,0.0,0.0,0.0,0.0,0.0,0.0,0.05,0.0,0.0,0.05,0.0,0.0,0.21052631578947367,0.05263157894736842,0.10526315789473684,0.05263157894736842,0.05263157894736842,0.10526315789473684,0.05263157894736842,0.0,0.0,0.0,0.10526315789473684,0.0,0.10526315789473684,0.0,0.05263157894736842,0.0,0.0,0.0,0.0,0.05263157894736842,0.0,0.05263157894736842,0.0,0.0,0.0,0.16666666666666666,0.0,0.16666666666666666,0.0,0.16666666666666666,0.1111111111111111,0.0,0.05555555555555555,0.0,0.0,0.1111111111111111,0.1111111111111111,0.0,0.05555555555555555,0.0,0.0,0.0,0.0,0.0,0.0,0.05555555555555555,0.0,0.0,0.0,0.0,0.17647058823529413,0.058823529411764705,0.058823529411764705,0.058823529411764705,0.11764705882352941,0.058823529411764705,0.0,0.058823529411764705,0.0,0.058823529411764705,0.17647058823529413,0.058823529411764705,0.058823529411764705,0.0,0.0,0.0,0.0,0.0,0.0,0.0,0.0,0.0,0.058823529411764705,0.0,0.0
1,0.25,0.0,0.3,0.0,0.0,0.05,0.0,0.0,0.0,0.0,0.3,0.0,0.1,0.0,0.0,0.0,0.0,0.0,0.0,0.0,0.0,0.0,0.0,0.0,0.0,0.2631578947368421,0.0,0.2631578947368421,0.0,0.0,0.05263157894736842,0.0,0.0,0.0,0.0,0.2631578947368421,0.0,0.15789473684210525,0.0,0.0,0.0,0.0,0.0,0.0,0.0,0.0,0.0,0.0,0.0,0.0,0.3333333333333333,0.0,0.2222222222222222,0.0,0.0,0.05555555555555555,0.0,0.0,0.0,0.0,0.16666666666666666,0.0,0.2222222222222222,0.0,0.0,0.0,0.0,0.0,0.0,0.0,0.0,0.0,0.0,0.0,0.0,0.35294117647058826,0.0,0.17647058823529413,0.0,0.0,0.0,0.0,0.058823529411764705,0.0,0.0,0.17647058823529413,0.0,0.23529411764705882,0.0,0.0,0.0,0.0,0.0,0.0,0.0,0.0,0.0,0.0,0.0,0.0,0.1875,0.0,0.3125,0.0,0.0,0.0625,0.0,0.0,0.0,0.0,0.3125,0.0,0.125,0.0,0.0,0.0,0.0,0.0,0.0,0.0,0.0,0.0,0.0,0.0,0.0,0.26666666666666666,0.0,0.26666666666666666,0.0,0.0,0.06666666666666667,0.0,0.0,0.0,0.0,0.2,0.0,0.2,0.0,0.0,0.0,0.0,0.0,0.0,0.0,0.0,0.0,0.0,0.0,0.0
1,0.11538461538461539,0.038461538461538464,0.038461538461538464,0.038461538461538464,0.038461538461538464,0.0,0.038461538461538464,0.07692307692307693,0.0,0.07692307692307693,0.0,0.038461538461538464,0.07692307692307693,0.038461538461538464,0.07692307692307693,0.0,0.038461538461538464,0.038461538461538464,0.0,0.0,0.11538461538461539,0.038461538461538464,0.038461538461538464,0.0,0.038461538461538464,0.04,0.0,0.08,0.08,0.08,0.04,0.04,0.08,0.0,0.04,0.08,0.08,0.0,0.0,0.04,0.0,0.0,0.04,0.0,0.04,0.08,0.04,0.08,0.0,0.04,0.0,0.125,0.08333333333333333,0.041666666666666664,0.041666666666666664,0.08333333333333333,0.041666666666666664,0.041666666666666664,0.0,0.041666666666666664,0.08333333333333333,0.0,0.08333333333333333,0.0,0.041666666666666664,0.0,0.0,0.041666666666666664,0.0,0.041666666666666664,0.08333333333333333,0.0,0.0,0.041666666666666664,0.08333333333333333,0.0,0.08695652173913043,0.08695652173913043,0.0,0.13043478260869565,0.13043478260869565,0.0,0.043478260869565216,0.0,0.0,0.0,0.0,0.08695652173913043,0.043478260869565216,0.08695652173913043,0.043478260869565216,0.0,0.043478260869565216,0.0,0.0,0.08695652173913043,0.043478260869565216,0.0,0.043478260869565216,0.043478260869565216,0.09090909090909091,0.0,0.13636363636363635,0.0,0.09090909090909091,0.045454545454545456,0.0,0.0,0.045454545454545456,0.09090909090909091,0.045454545454545456,0.045454545454545456,0.045454545454545456,0.045454545454545456,0.045454545454545456,0.0,0.0,0.045454545454545456,0.0,0.0,0.09090909090909091,0.045454545454545456,0.045454545454545456,0.0,0.045454545454545456,0.14285714285714285,0.0,0.09523809523809523,0.0,0.09523809523809523,0.047619047619047616,0.0,0.047619047619047616,0.0,0.09523809523809523,0.047619047619047616,0.09523809523809523,0.0,0.0,0.047619047619047616,0.0,0.0,0.0,0.047619047619047616,0.0,0.047619047619047616,0.0,0.09523809523809523,0.047619047619047616,0.047619047619047616
1,0.10714285714285714,0.03571428571428571,0.0,0.03571428571428571,0.17857142857142858,0.03571428571428571,0.0,0.03571428571428571,0.0,0.0,0.03571428571428571,0.0,0.0,0.0,0.0,0.0,0.0,0.0,0.0,0.03571428571428571,0.14285714285714285,0.03571428571428571,0.03571428571428571,0.0,0.2857142857142857,0.07407407407407407,0.037037037037037035,0.0,0.0,0.25925925925925924,0.0,0.0,0.0,0.0,0.037037037037037035,0.0,0.0,0.0,0.0,0.037037037037037035,0.0,0.0,0.0,0.0,0.037037037037037035,0.2222222222222222,0.037037037037037035,0.07407407407407407,0.037037037037037035,0.14814814814814814,0.11538461538461539,0.0,0.038461538461538464,0.0,0.23076923076923078,0.0,0.0,0.0,0.0,0.038461538461538464,0.0,0.038461538461538464,0.0,0.0,0.0,0.038461538461538464,0.0,0.0,0.0,0.0,0.15384615384615385,0.038461538461538464,0.038461538461538464,0.038461538461538464,0.23076923076923078,0.12,0.0,0.0,0.04,0.2,0.04,0.0,0.0,0.0,0.0,0.0,0.0,0.04,0.0,0.0,0.0,0.04,0.0,0.0,0.0,0.16,0.04,0.04,0.0,0.28,0.08333333333333333,0.041666666666666664,0.0,0.041666666666666664,0.20833333333333334,0.0,0.0,0.0,0.0,0.041666666666666664,0.0,0.0,0.0,0.0,0.0,0.041666666666666664,0.0,0.0,0.0,0.0,0.16666666666666666,0.041666666666666664,0.08333333333333333,0.0,0.25,0.08695652173913043,0.0,0.043478260869565216,0.0,0.2608695652173913,0.0,0.0,0.0,0.0,0.043478260869565216,0.0,0.0,0.0,0.0,0.0,0.0,0.0,0.0,0.0,0.043478260869565216,0.21739130434782608,0.08695652173913043,0.043478260869565216,0.0,0.17391304347826086
1,0.2727272727272727,0.0,0.2727272727272727,0.0,0.0,0.0,0.0,0.0,0.0,0.09090909090909091,0.18181818181818182,0.09090909090909091,0.0,0.0,0.0,0.0,0.0,0.0,0.0,0.0,0.0,0.0,0.09090909090909091,0.0,0.0,0.2,0.1,0.2,0.0,0.0,0.0,0.0,0.1,0.0,0.0,0.2,0.0,0.0,0.0,0.1,0.0,0.0,0.0,0.0,0.0,0.1,0.0,0.0,0.0,0.0,0.2222222222222222,0.0,0.1111111111111111,0.0,0.1111111111111111,0.1111111111111111,0.0,0.0,0.0,0.0,0.1111111111111111,0.0,0.2222222222222222,0.0,0.0,0.0,0.0,0.0,0.0,0.0,0.1111111111111111,0.0,0.0,0.0,0.0,0.25,0.0,0.25,0.0,0.0,0.125,0.0,0.0,0.0,0.0,0.125,0.0,0.125,0.0,0.0,0.0,0.0,0.0,0.0,0.0,0.125,0.0,0.0,0.0,0.0,0.2857142857142857,0.0,0.14285714285714285,0.0,0.0,0.14285714285714285,0.0,0.0,0.0,0.0,0.2857142857142857,0.0,0.0,0.0,0.0,0.0,0.0,0.0,0.0,0.0,0.0,0.0,0.14285714285714285,0.0,0.0,0.16666666666666666,0.0,0.16666666666666666,0.0,0.0,0.0,0.0,0.16666666666666666,0.0,0.0,0.3333333333333333,0.0,0.0,0.0,0.0,0.0,0.0,0.0,0.0,0.0,0.16666666666666666,0.0,0.0,0.0,0.0
1,0.25,0.0,0.3333333333333333,0.0,0.0,0.08333333333333333,0.0,0.0,0.0,0.0,0.3333333333333333,0.0,0.0,0.0,0.0,0.0,0.0,0.0,0.0,0.0,0.0,0.0,0.0,0.0,0.0,0.45454545454545453,0.0,0.18181818181818182,0.0,0.0,0.0,0.0,0.09090909090909091,0.0,0.0,0.18181818181818182,0.0,0.09090909090909091,0.0,0.0,0.0,0.0,0.0,0.0,0.0,0.0,0.0,0.0,0.0,0.0,0.4,0.0,0.2,0.0,0.0,0.1,0.0,0.0,0.0,0.0,0.2,0.0,0.1,0.0,0.0,0.0,0.0,0.0,0.0,0.0,0.0,0.0,0.0,0.0,0.0,0.4444444444444444,0.0,0.2222222222222222,0.0,0.0,0.1111111111111111,0.0,0.0,0.0,0.0,0.1111111111111111,0.0,0.1111111111111111,0.0,0.0,0.0,0.0,0.0,0.0,0.0,0.0,0.0,0.0,0.0,0.0,0.375,0.0,0.25,0.0,0.0,0.125,0.0,0.0,0.0,0.0,0.125,0.0,0.125,0.0,0.0,0.0,0.0,0.0,0.0,0.0,0.0,0.0,0.0,0.0,0.0,0.2857142857142857,0.0,0.2857142857142857,0.0,0.0,0.0,0.0,0.14285714285714285,0.0,0.0,0.2857142857142857,0.0,0.0,0.0,0.0,0.0,0.0,0.0,0.0,0.0,0.0,0.0,0.0,0.0,0.0
1,0.4166666666666667,0.0,0.25,0.0,0.0,0.0,0.0,0.0,0.0,0.0,0.25,0.0,0.08333333333333333,0.0,0.0,0.0,0.0,0.0,0.0,0.0,0.0,0.0,0.0,0.0,0.0,0.2727272727272727,0.0,0.36363636363636365,0.0,0.0,0.0,0.0,0.0,0.0,0.0,0.36363636363636365,0.0,0.0,0.0,0.0,0.0,0.0,0.0,0.0,0.0,0.0,0.0,0.0,0.0,0.0,0.5,0.0,0.2,0.0,0.0,0.0,0.0,0.0,0.0,0.0,0.2,0.0,0.1,0.0,0.0,0.0,0.0,0.0,0.0,0.0,0.0,0.0,0.0,0.0,0.0,0.6666666666666666,0.0,0.1111111111111111,0.0,0.0,0.0,0.0,0.0,0.0,0.0,0.0,0.0,0.2222222222222222,0.0,0.0,0.0,0.0,0.0,0.0,0.0,0.0,0.0,0.0,0.0,0.0,0.375,0.0,0.375,0.0,0.0,0.0,0.0,0.0,0.0,0.0,0.25,0.0,0.0,0.0,0.0,0.0,0.0,0.0,0.0,0.0,0.0,0.0,0.0,0.0,0.0,0.2857142857142857,0.0,0.42857142857142855,0.0,0.0,0.0,0.0,0.0,0.0,0.0,0.2857142857142857,0.0,0.0,0.0,0.0,0.0,0.0,0.0,0.0,0.0,0.0,0.0,0.0,0.0,0.0
1,0.34615384615384615,0.0,0.19230769230769232,0.0,0.07692307692307693,0.038461538461538464,0.0,0.0,0.0,0.0,0.07692307692307693,0.0,0.0,0.038461538461538464,0.038461538461538464,0.038461538461538464,0.0,0.0,0.0,0.0,0.07692307692307693,0.038461538461538464,0.0,0.0,0.038461538461538464,0.24,0.0,0.16,0.04,0.16,0.0,0.0,0.04,0.0,0.0,0.16,0.0,0.0,0.0,0.0,0.04,0.0,0.0,0.0,0.0,0.12,0.04,0.0,0.0,0.0,0.375,0.041666666666666664,0.08333333333333333,0.041666666666666664,0.08333333333333333,0.0,0.0,0.0,0.0,0.0,0.125,0.0,0.0,0.0,0.041666666666666664,0.0,0.0,0.0,0.0,0.041666666666666664,0.041666666666666664,0.0,0.125,0.0,0.0,0.43478260869565216,0.043478260869565216,0.08695652173913043,0.043478260869565216,0.043478260869565216,0.0,0.0,0.0,0.0,0.0,0.043478260869565216,0.0,0.08695652173913043,0.0,0.043478260869565216,0.0,0.0,0.0,0.0,0.043478260869565216,0.043478260869565216,0.0,0.043478260869565216,0.0,0.043478260869565216,0.36363636363636365,0.0,0.18181818181818182,0.0,0.13636363636363635,0.0,0.0,0.0,0.0,0.0,0.09090909090909091,0.0,0.0,0.045454545454545456,0.045454545454545456,0.0,0.045454545454545456,0.0,0.0,0.0,0.09090909090909091,0.0,0.0,0.0,0.0,0.2857142857142857,0.0,0.14285714285714285,0.047619047619047616,0.19047619047619047,0.0,0.0,0.0,0.0,0.0,0.09523809523809523,0.047619047619047616,0.047619047619047616,0.0,0.0,0.047619047619047616,0.0,0.0,0.0,0.0,0.09523809523809523,0.0,0.0,0.0,0.0
1,0.2608695652173913,0.043478260869565216,0.043478260869565216,0.0,0.13043478260869565,0.08695652173913043,0.0,0.0,0.0,0.043478260869565216,0.043478260869565216,0.043478260869565216,0.043478260869565216,0.0,0.043478260869565216,0.0,0.0,0.0,0.0,0.0,0.08695652173913043,0.0,0.08695652173913043,0.0,0.043478260869565216,0.2727272727272727,0.045454545454545456,0.13636363636363635,0.0,0.045454545454545456,0.0,0.0,0.0,0.0,0.13636363636363635,0.045454545454545456,0.045454545454545456,0.0,0.0,0.045454545454545456,0.0,0.0,0.0,0.0,0.0,0.13636363636363635,0.0,0.045454545454545456,0.0,0.045454545454545456,0.3333333333333333,0.047619047619047616,0.09523809523809523,0.0,0.047619047619047616,0.09523809523809523,0.0,0.047619047619047616,0.0,0.0,0.0,0.0,0.0,0.0,0.09523809523809523,0.0,0.0,0.0,0.0,0.0,0.047619047619047616,0.047619047619047616,0.047619047619047616,0.0,0.09523809523809523,0.3,0.1,0.05,0.0,0.1,0.1,0.0,0.0,0.0,0.05,0.0,0.0,0.05,0.0,0.05,0.0,0.0,0.0,0.0,0.0,0.05,0.0,0.1,0.0,0.05,0.21052631578947367,0.05263157894736842,0.10526315789473684,0.0,0.15789473684210525,0.05263157894736842,0.05263157894736842,0.05263157894736842,0.0,0.0,0.10526315789473684,0.0,0.0,0.0,0.0,0.0,0.0,0.0,0.0,0.0,0.05263157894736842,0.0,0.05263157894736842,0.0,0.10526315789473684,0.2222222222222222,0.05555555555555555,0.16666666666666666,0.0,0.1111111111111111,0.05555555555555555,0.0,0.05555555555555555,0.0,0.05555555555555555,0.0,0.05555555555555555,0.0,0.0,0.05555555555555555,0.0,0.0,0.0,0.0,0.0,0.1111111111111111,0.0,0.0,0.0,0.05555555555555555
1,0.4166666666666667,0.041666666666666664,0.041666666666666664,0.041666666666666664,0.08333333333333333,0.0,0.0,0.0,0.0,0.041666666666666664,0.125,0.0,0.041666666666666664,0.0,0.0,0.0,0.0,0.041666666666666664,0.0,0.0,0.08333333333333333,0.0,0.041666666666666664,0.0,0.0,0.2608695652173913,0.043478260869565216,0.17391304347826086,0.043478260869565216,0.13043478260869565,0.043478260869565216,0.0,0.0,0.0,0.0,0.13043478260869565,0.0,0.0,0.0,0.0,0.043478260869565216,0.0,0.0,0.0,0.0,0.13043478260869565,0.0,0.0,0.0,0.0,0.4090909090909091,0.0,0.18181818181818182,0.045454545454545456,0.045454545454545456,0.045454545454545456,0.0,0.0,0.0,0.0,0.045454545454545456,0.0,0.0,0.0,0.09090909090909091,0.0,0.0,0.0,0.0,0.0,0.13636363636363635,0.0,0.0,0.0,0.0,0.5238095238095238,0.0,0.14285714285714285,0.0,0.0,0.047619047619047616,0.0,0.0,0.0,0.0,0.047619047619047616,0.0,0.047619047619047616,0.0,0.047619047619047616,0.0,0.0,0.0,0.0,0.0,0.047619047619047616,0.0,0.0,0.047619047619047616,0.047619047619047616,0.4,0.0,0.1,0.05,0.1,0.05,0.0,0.0,0.0,0.0,0.1,0.0,0.05,0.0,0.0,0.0,0.0,0.0,0.0,0.0,0.1,0.0,0.05,0.0,0.0,0.2631578947368421,0.0,0.21052631578947367,0.05263157894736842,0.10526315789473684,0.05263157894736842,0.0,0.0,0.0,0.0,0.15789473684210525,0.0,0.0,0.0,0.0,0.0,0.0,0.0,0.0,0.0,0.15789473684210525,0.0,0.0,0.0,0.0
1,0.55,0.0,0.05,0.0,0.15,0.0,0.0,0.0,0.0,0.0,0.05,0.05,0.0,0.0,0.0,0.0,0.0,0.0,0.0,0.0,0.1,0.0,0.05,0.0,0.0,0.47368421052631576,0.05263157894736842,0.10526315789473684,0.0,0.15789473684210525,0.0,0.0,0.0,0.0,0.0,0.05263157894736842,0.0,0.0,0.0,0.0,0.0,0.0,0.0,0.0,0.0,0.15789473684210525,0.0,0.0,0.0,0.0,0.5555555555555556,0.05555555555555555,0.1111111111111111,0.0,0.05555555555555555,0.0,0.0,0.0,0.0,0.0,0.0,0.0,0.0,0.0,0.05555555555555555,0.0,0.0,0.0,0.0,0.0,0.1111111111111111,0.0,0.0,0.0,0.05555555555555555,0.5294117647058824,0.058823529411764705,0.058823529411764705,0.0,0.11764705882352941,0.0,0.0,0.0,0.0,0.0,0.058823529411764705,0.0,0.0,0.0,0.0,0.0,0.0,0.0,0.0,0.0,0.058823529411764705,0.0,0.058823529411764705,0.0,0.058823529411764705,0.4375,0.0625,0.0625,0.0,0.1875,0.0,0.0,0.0,0.0,0.0,0.0625,0.0,0.0,0.0,0.0,0.0,0.0,0.0,0.0,0.0,0.125,0.0,0.0625,0.0,0.0,0.4,0.0,0.13333333333333333,0.0,0.2,0.0,0.0,0.0,0.0,0.0,0.06666666666666667,0.0,0.0,0.0,0.0,0.0,0.0,0.0,0.0,0.0,0.13333333333333333,0.06666666666666667,0.0,0.0,0.0
1,0.25806451612903225,0.04838709677419355,0.04838709677419355,0.016129032258064516,0.14516129032258066,0.04838709677419355,0.0,0.0,0.0,0.016129032258064516,0.08064516129032258,0.0,0.03225806451612903,0.016129032258064516,0.016129032258064516,0.03225806451612903,0.0,0.016129032258064516,0.0,0.0,0.0967741935483871,0.016129032258064516,0.04838709677419355,0.016129032258064516,0.04838709677419355,0.26229508196721313,0.03278688524590164,0.08196721311475409,0.0,0.14754098360655737,0.01639344262295082,0.01639344262295082,0.03278688524590164,0.0,0.0,0.08196721311475409,0.01639344262295082,0.01639344262295082,0.01639344262295082,0.0,0.03278688524590164,0.0,0.0,0.0,0.01639344262295082,0.13114754098360656,0.0,0.01639344262295082,0.03278688524590164,0.04918032786885246,0.2833333333333333,0.016666666666666666,0.06666666666666667,0.016666666666666666,0.13333333333333333,0.05,0.0,0.016666666666666666,0.0,0.0,0.03333333333333333,0.0,0.03333333333333333,0.03333333333333333,0.03333333333333333,0.03333333333333333,0.016666666666666666,0.0,0.0,0.0,0.13333333333333333,0.016666666666666666,0.03333333333333333,0.0,0.05,0.3050847457627119,0.0,0.0847457627118644,0.03389830508474576,0.1016949152542373,0.05084745762711865,0.01694915254237288,0.0,0.0,0.0,0.05084745762711865,0.01694915254237288,0.06779661016949153,0.0,0.0,0.01694915254237288,0.0,0.0,0.0,0.03389830508474576,0.11864406779661017,0.01694915254237288,0.0,0.01694915254237288,0.06779661016949153,0.27586206896551724,0.0,0.08620689655172414,0.034482758620689655,0.1206896551724138,0.06896551724137931,0.0,0.0,0.0,0.0,0.06896551724137931,0.0,0.017241379310344827,0.0,0.05172413793103448,0.0,0.0,0.034482758620689655,0.0,0.017241379310344827,0.13793103448275862,0.05172413793103448,0.0,0.017241379310344827,0.017241379310344827,0.2982456140350877,0.03508771929824561,0.05263157894736842,0.03508771929824561,0.08771929824561403,0.03508771929824561,0.017543859649122806,0.017543859649122806,0.0,0.0,0.07017543859649122,0.0,0.017543859649122806,0.017543859649122806,0.03508771929824561,0.017543859649122806,0.0,0.017543859649122806,0.0,0.017543859649122806,0.12280701754385964,0.0,0.03508771929824561,0.0,0.07017543859649122
1,0.2727272727272727,0.0,0.2727272727272727,0.0,0.0,0.09090909090909091,0.0,0.0,0.0,0.0,0.2727272727272727,0.0,0.09090909090909091,0.0,0.0,0.0,0.0,0.0,0.0,0.0,0.0,0.0,0.0,0.0,0.0,0.3,0.0,0.3,0.0,0.0,0.0,0.0,0.1,0.0,0.0,0.3,0.0,0.0,0.0,0.0,0.0,0.0,0.0,0.0,0.0,0.0,0.0,0.0,0.0,0.0,0.4444444444444444,0.0,0.1111111111111111,0.0,0.0,0.0,0.0,0.1111111111111111,0.0,0.0,0.2222222222222222,0.0,0.1111111111111111,0.0,0.0,0.0,0.0,0.0,0.0,0.0,0.0,0.0,0.0,0.0,0.0,0.375,0.0,0.125,0.0,0.0,0.125,0.0,0.0,0.0,0.0,0.25,0.0,0.125,0.0,0.0,0.0,0.0,0.0,0.0,0.0,0.0,0.0,0.0,0.0,0.0,0.42857142857142855,0.0,0.14285714285714285,0.0,0.0,0.14285714285714285,0.0,0.0,0.0,0.0,0.14285714285714285,0.0,0.14285714285714285,0.0,0.0,0.0,0.0,0.0,0.0,0.0,0.0,0.0,0.0,0.0,0.0,0.16666666666666666,0.0,0.3333333333333333,0.0,0.0,0.16666666666666666,0.0,0.0,0.0,0.0,0.3333333333333333,0.0,0.0,0.0,0.0,0.0,0.0,0.0,0.0,0.0,0.0,0.0,0.0,0.0,0.0
1,0.10344827586206896,0.034482758620689655,0.0,0.034482758620689655,0.1724137931034483,0.034482758620689655,0.0,0.034482758620689655,0.0,0.0,0.034482758620689655,0.0,0.0,0.0,0.034482758620689655,0.0,0.0,0.0,0.0,0.034482758620689655,0.13793103448275862,0.034482758620689655,0.034482758620689655,0.0,0.27586206896551724,0.07142857142857142,0.03571428571428571,0.0,0.0,0.25,0.0,0.0,0.0,0.0,0.07142857142857142,0.0,0.0,0.0,0.0,0.03571428571428571,0.0,0.0,0.0,0.0,0.03571428571428571,0.21428571428571427,0.03571428571428571,0.07142857142857142,0.03571428571428571,0.14285714285714285,0.1111111111111111,0.0,0.037037037037037035,0.0,0.2222222222222222,0.0,0.0,0.0,0.0,0.037037037037037035,0.0,0.037037037037037035,0.0,0.0,0.0,0.037037037037037035,0.0,0.0,0.0,0.0,0.14814814814814814,0.037037037037037035,0.037037037037037035,0.037037037037037035,0.25925925925925924,0.11538461538461539,0.0,0.0,0.038461538461538464,0.23076923076923078,0.038461538461538464,0.0,0.0,0.0,0.0,0.0,0.0,0.038461538461538464,0.0,0.0,0.0,0.038461538461538464,0.0,0.0,0.0,0.15384615384615385,0.038461538461538464,0.038461538461538464,0.0,0.2692307692307692,0.08,0.04,0.0,0.04,0.2,0.0,0.0,0.0,0.0,0.04,0.0,0.0,0.0,0.0,0.04,0.04,0.0,0.0,0.0,0.0,0.16,0.04,0.08,0.0,0.24,0.08333333333333333,0.0,0.041666666666666664,0.0,0.25,0.0,0.0,0.0,0.0,0.041666666666666664,0.0,0.0,0.0,0.0,0.0,0.0,0.0,0.0,0.0,0.041666666666666664,0.20833333333333334,0.08333333333333333,0.041666666666666664,0.0,0.20833333333333334
1,0.08333333333333333,0.08333333333333333,0.16666666666666666,0.0,0.0,0.0,0.0,0.0,0.08333333333333333,0.0,0.16666666666666666,0.08333333333333333,0.08333333333333333,0.0,0.08333333333333333,0.0,0.0,0.08333333333333333,0.0,0.0,0.08333333333333333,0.0,0.0,0.0,0.0,0.0,0.0,0.18181818181818182,0.09090909090909091,0.09090909090909091,0.0,0.0,0.09090909090909091,0.0,0.0,0.09090909090909091,0.18181818181818182,0.09090909090909091,0.0,0.0,0.09090909090909091,0.0,0.0,0.0,0.0,0.09090909090909091,0.0,0.0,0.0,0.0,0.1,0.1,0.2,0.0,0.0,0.1,0.0,0.0,0.0,0.0,0.1,0.0,0.0,0.1,0.1,0.0,0.0,0.1,0.0,0.0,0.0,0.0,0.1,0.0,0.0,0.2222222222222222,0.1111111111111111,0.0,0.0,0.0,0.0,0.0,0.1111111111111111,0.0,0.0,0.1111111111111111,0.0,0.2222222222222222,0.0,0.0,0.0,0.0,0.0,0.0,0.1111111111111111,0.0,0.0,0.1111111111111111,0.0,0.0,0.0,0.0,0.25,0.0,0.0,0.0,0.0,0.0,0.0,0.125,0.25,0.0,0.125,0.0,0.0,0.125,0.0,0.0,0.0,0.0,0.0,0.125,0.0,0.0,0.0,0.0,0.0,0.14285714285714285,0.0,0.14285714285714285,0.14285714285714285,0.0,0.0,0.0,0.0,0.0,0.14285714285714285,0.2857142857142857,0.0,0.0,0.14285714285714285,0.0,0.0,0.0,0.0,0.0,0.0,0.0,0.0,0.0
1,0.26666666666666666,0.06666666666666667,0.2,0.0,0.0,0.0,0.0,0.06666666666666667,0.0,0.0,0.26666666666666666,0.0,0.13333333333333333,0.0,0.0,0.0,0.0,0.0,0.0,0.0,0.0,0.0,0.0,0.0,0.0,0.07142857142857142,0.07142857142857142,0.42857142857142855,0.0,0.0,0.07142857142857142,0.0,0.0,0.0,0.0,0.35714285714285715,0.0,0.0,0.0,0.0,0.0,0.0,0.0,0.0,0.0,0.0,0.0,0.0,0.0,0.0,0.38461538461538464,0.0,0.23076923076923078,0.0,0.0,0.07692307692307693,0.0,0.0,0.0,0.0,0.07692307692307693,0.0,0.23076923076923078,0.0,0.0,0.0,0.0,0.0,0.0,0.0,0.0,0.0,0.0,0.0,0.0,0.5,0.0,0.08333333333333333,0.0,0.0,0.0,0.0,0.08333333333333333,0.0,0.0,0.08333333333333333,0.0,0.25,0.0,0.0,0.0,0.0,0.0,0.0,0.0,0.0,0.0,0.0,0.0,0.0,0.18181818181818182,0.0,0.36363636363636365,0.0,0.0,0.0,0.0,0.09090909090909091,0.0,0.0,0.36363636363636365,0.0,0.0,0.0,0.0,0.0,0.0,0.0,0.0,0.0,0.0,0.0,0.0,0.0,0.0,0.2,0.0,0.4,0.0,0.0,0.1,0.0,0.0,0.0,0.0,0.2,0.0,0.1,0.0,0.0,0.0,0.0,0.0,0.0,0.0,0.0,0.0,0.0,0.0,0.0
1,0.0,0.1,0.1,0.0,0.0,0.1,0.1,0.2,0.0,0.0,0.1,0.2,0.1,0.0,0.0,0.0,0.0,0.0,0.0,0.0,0.0,0.0,0.0,0.0,0.0,0.0,0.0,0.2222222222222222,0.0,0.0,0.0,0.1111111111111111,0.2222222222222222,0.0,0.0,0.2222222222222222,0.2222222222222222,0.0,0.0,0.0,0.0,0.0,0.0,0.0,0.0,0.0,0.0,0.0,0.0,0.0,0.125,0.125,0.0,0.0,0.0,0.0,0.125,0.125,0.0,0.0,0.0,0.125,0.375,0.0,0.0,0.0,0.0,0.0,0.0,0.0,0.0,0.0,0.0,0.0,0.0,0.0,0.2857142857142857,0.0,0.0,0.0,0.14285714285714285,0.0,0.14285714285714285,0.0,0.0,0.0,0.14285714285714285,0.2857142857142857,0.0,0.0,0.0,0.0,0.0,0.0,0.0,0.0,0.0,0.0,0.0,0.0,0.0,0.0,0.3333333333333333,0.0,0.0,0.0,0.16666666666666666,0.0,0.0,0.0,0.16666666666666666,0.3333333333333333,0.0,0.0,0.0,0.0,0.0,0.0,0.0,0.0,0.0,0.0,0.0,0.0,0.0,0.0,0.2,0.0,0.0,0.0,0.0,0.0,0.2,0.0,0.0,0.0,0.4,0.2,0.0,0.0,0.0,0.0,0.0,0.0,0.0,0.0,0.0,0.0,0.0,0.0
1,0.06896551724137931,0.10344827586206896,0.034482758620689655,0.034482758620689655,0.13793103448275862,0.06896551724137931,0.0,0.0,0.0,0.10344827586206896,0.06896551724137931,0.034482758620689655,0.034482758620689655,0.0,0.0,0.0,0.0,0.034482758620689655,0.0,0.0,0.13793103448275862,0.034482758620689655,0.034482758620689655,0.0,0.06896551724137931,0.17857142857142858,0.03571428571428571,0.03571428571428571,0.03571428571428571,0.10714285714285714,0.03571428571428571,0.03571428571428571,0.03571428571428571,0.0,0.07142857142857142,0.03571428571428571,0.07142857142857142,0.0,0.0,0.03571428571428571,0.0,0.0,0.03571428571428571,0.0,0.0,0.10714285714285714,0.03571428571428571,0.03571428571428571,0.0,0.07142857142857142,0.1111111111111111,0.07407407407407407,0.07407407407407407,0.037037037037037035,0.1111111111111111,0.037037037037037035,0.0,0.037037037037037035,0.0,0.07407407407407407,0.1111111111111111,0.0,0.0,0.0,0.037037037037037035,0.0,0.037037037037037035,0.0,0.0,0.0,0.1111111111111111,0.037037037037037035,0.037037037037037035,0.0,0.07407407407407407,0.11538461538461539,0.07692307692307693,0.15384615384615385,0.0,0.038461538461538464,0.07692307692307693,0.0,0.0,0.0,0.07692307692307693,0.0,0.038461538461538464,0.0,0.0,0.11538461538461539,0.038461538461538464,0.0,0.0,0.0,0.0,0.15384615384615385,0.038461538461538464,0.0,0.038461538461538464,0.038461538461538464,0.16,0.08,0.04,0.04,0.08,0.04,0.08,0.0,0.0,0.0,0.08,0.0,0.0,0.0,0.08,0.0,0.0,0.0,0.0,0.04,0.12,0.0,0.08,0.0,0.08,0.125,0.08333333333333333,0.041666666666666664,0.0,0.125,0.041666666666666664,0.0,0.0,0.0,0.08333333333333333,0.08333333333333333,0.041666666666666664,0.0,0.0,0.041666666666666664,0.0,0.0,0.0,0.0,0.041666666666666664,0.125,0.041666666666666664,0.08333333333333333,0.041666666666666664,0.0
1,0.05555555555555555,0.05555555555555555,0.16666666666666666,0.05555555555555555,0.05555555555555555,0.05555555555555555,0.0,0.0,0.0,0.0,0.16666666666666666,0.0,0.0,0.05555555555555555,0.1111111111111111,0.0,0.0,0.1111111111111111,0.0,0.0,0.05555555555555555,0.0,0.05555555555555555,0.0,0.0,0.11764705882352941,0.0,0.17647058823529413,0.0,0.11764705882352941,0.0,0.0,0.058823529411764705,0.0,0.0,0.11764705882352941,0.058823529411764705,0.058823529411764705,0.058823529411764705,0.0,0.11764705882352941,0.0,0.0,0.0,0.0,0.0,0.0,0.058823529411764705,0.058823529411764705,0.0,0.125,0.0,0.0625,0.125,0.0625,0.0625,0.0,0.0,0.0,0.0,0.125,0.0,0.1875,0.0,0.0,0.0625,0.0625,0.0,0.0,0.0,0.0,0.0,0.0625,0.0,0.0625,0.2,0.0,0.2,0.0,0.0,0.0,0.0,0.0,0.06666666666666667,0.0,0.06666666666666667,0.06666666666666667,0.06666666666666667,0.0,0.13333333333333333,0.06666666666666667,0.0,0.06666666666666667,0.0,0.0,0.06666666666666667,0.0,0.0,0.0,0.0,0.14285714285714285,0.0,0.14285714285714285,0.07142857142857142,0.07142857142857142,0.0,0.0,0.07142857142857142,0.0,0.0,0.2857142857142857,0.0,0.0,0.0,0.0,0.0,0.0,0.07142857142857142,0.0,0.07142857142857142,0.0,0.07142857142857142,0.0,0.0,0.0,0.07692307692307693,0.07692307692307693,0.07692307692307693,0.0,0.15384615384615385,0.07692307692307693,0.0,0.0,0.0,0.0,0.0,0.0,0.23076923076923078,0.07692307692307693,0.0,0.15384615384615385,0.0,0.0,0.0,0.0,0.07692307692307693,0.0,0.0,0.0,0.0
1,0.14285714285714285,0.0,0.2857142857142857,0.0,0.0,0.07142857142857142,0.0,0.0,0.0,0.0,0.2857142857142857,0.0,0.21428571428571427,0.0,0.0,0.0,0.0,0.0,0.0,0.0,0.0,0.0,0.0,0.0,0.0,0.07692307692307693,0.0,0.38461538461538464,0.0,0.0,0.0,0.0,0.07692307692307693,0.0,0.0,0.38461538461538464,0.0,0.07692307692307693,0.0,0.0,0.0,0.0,0.0,0.0,0.0,0.0,0.0,0.0,0.0,0.0,0.4166666666666667,0.0,0.08333333333333333,0.0,0.0,0.0,0.0,0.08333333333333333,0.0,0.0,0.08333333333333333,0.0,0.3333333333333333,0.0,0.0,0.0,0.0,0.0,0.0,0.0,0.0,0.0,0.0,0.0,0.0,0.2727272727272727,0.0,0.18181818181818182,0.0,0.0,0.09090909090909091,0.0,0.0,0.0,0.0,0.18181818181818182,0.0,0.2727272727272727,0.0,0.0,0.0,0.0,0.0,0.0,0.0,0.0,0.0,0.0,0.0,0.0,0.0,0.0,0.4,0.0,0.0,0.0,0.0,0.1,0.0,0.0,0.5,0.0,0.0,0.0,0.0,0.0,0.0,0.0,0.0,0.0,0.0,0.0,0.0,0.0,0.0,0.3333333333333333,0.0,0.1111111111111111,0.0,0.0,0.0,0.0,0.1111111111111111,0.0,0.0,0.2222222222222222,0.0,0.2222222222222222,0.0,0.0,0.0,0.0,0.0,0.0,0.0,0.0,0.0,0.0,0.0,0.0
1,0.3125,0.0,0.0625,0.0,0.1875,0.0,0.0,0.0,0.0,0.0,0.0625,0.0,0.125,0.0,0.0,0.0,0.0,0.0625,0.0,0.0,0.125,0.0,0.0,0.0625,0.0,0.3333333333333333,0.0,0.06666666666666667,0.06666666666666667,0.06666666666666667,0.0,0.0,0.0,0.0,0.0,0.13333333333333333,0.0,0.06666666666666667,0.0,0.0,0.0,0.0,0.06666666666666667,0.0,0.0,0.06666666666666667,0.0,0.06666666666666667,0.0,0.06666666666666667,0.2857142857142857,0.0,0.14285714285714285,0.0,0.07142857142857142,0.0,0.0,0.0,0.0,0.0,0.21428571428571427,0.0,0.0,0.0,0.0,0.0,0.0,0.07142857142857142,0.0,0.0,0.0,0.0,0.07142857142857142,0.07142857142857142,0.07142857142857142,0.07692307692307693,0.0,0.15384615384615385,0.07692307692307693,0.15384615384615385,0.0,0.0,0.0,0.0,0.0,0.23076923076923078,0.0,0.0,0.0,0.0,0.07692307692307693,0.0,0.0,0.0,0.0,0.07692307692307693,0.0,0.15384615384615385,0.0,0.0,0.08333333333333333,0.0,0.25,0.08333333333333333,0.0,0.0,0.0,0.0,0.0,0.0,0.25,0.0,0.0,0.0,0.0,0.08333333333333333,0.0,0.0,0.0,0.0,0.08333333333333333,0.0,0.08333333333333333,0.0,0.08333333333333333,0.09090909090909091,0.0,0.18181818181818182,0.0,0.09090909090909091,0.0,0.0,0.0,0.0,0.0,0.18181818181818182,0.0,0.09090909090909091,0.0,0.0,0.09090909090909091,0.0,0.0,0.0,0.0,0.09090909090909091,0.0,0.09090909090909091,0.09090909090909091,0.0
1,0.3125,0.0625,0.1875,0.0,0.0,0.0,0.0,0.0625,0.0,0.0,0.3125,0.0,0.0625,0.0,0.0,0.0,0.0,0.0,0.0,0.0,0.0,0.0,0.0,0.0,0.0,0.26666666666666666,0.0,0.26666666666666666,0.0,0.0,0.0,0.0,0.06666666666666667,0.0,0.0,0.3333333333333333,0.06666666666666667,0.0,0.0,0.0,0.0,0.0,0.0,0.0,0.0,0.0,0.0,0.0,0.0,0.0,0.35714285714285715,0.07142857142857142,0.14285714285714285,0.0,0.0,0.07142857142857142,0.0,0.0,0.0,0.0,0.14285714285714285,0.0,0.21428571428571427,0.0,0.0,0.0,0.0,0.0,0.0,0.0,0.0,0.0,0.0,0.0,0.0,0.38461538461538464,0.07692307692307693,0.07692307692307693,0.0,0.0,0.07692307692307693,0.0,0.0,0.0,0.0,0.15384615384615385,0.0,0.23076923076923078,0.0,0.0,0.0,0.0,0.0,0.0,0.0,0.0,0.0,0.0,0.0,0.0,0.16666666666666666,0.08333333333333333,0.25,0.0,0.0,0.0,0.0,0.08333333333333333,0.0,0.0,0.4166666666666667,0.0,0.0,0.0,0.0,0.0,0.0,0.0,0.0,0.0,0.0,0.0,0.0,0.0,0.0,0.18181818181818182,0.0,0.36363636363636365,0.0,0.0,0.09090909090909091,0.0,0.0,0.0,0.0,0.2727272727272727,0.09090909090909091,0.0,0.0,0.0,0.0,0.0,0.0,0.0,0.0,0.0,0.0,0.0,0.0,0.0
1,0.47058823529411764,0.0,0.0,0.0,0.23529411764705882,0.0,0.0,0.0,0.0,0.0,0.058823529411764705,0.0,0.0,0.0,0.0,0.0,0.0,0.0,0.0,0.0,0.17647058823529413,0.0,0.058823529411764705,0.0,0.0,0.4375,0.0,0.0625,0.0,0.25,0.0,0.0,0.0,0.0,0.0,0.0,0.0,0.0,0.0,0.0,0.0,0.0,0.0,0.0,0.0,0.25,0.0,0.0,0.0,0.0,0.6,0.0,0.06666666666666667,0.0,0.13333333333333333,0.0,0.0,0.0,0.0,0.0,0.0,0.0,0.0,0.0,0.0,0.0,0.0,0.0,0.0,0.0,0.06666666666666667,0.0,0.0,0.0,0.13333333333333333,0.5714285714285714,0.0,0.0,0.0,0.21428571428571427,0.0,0.0,0.0,0.0,0.0,0.0,0.0,0.0,0.0,0.0,0.0,0.0,0.0,0.0,0.0,0.07142857142857142,0.0,0.07142857142857142,0.0,0.07142857142857142,0.38461538461538464,0.0,0.07692307692307693,0.0,0.3076923076923077,0.0,0.0,0.0,0.0,0.0,0.0,0.0,0.0,0.0,0.0,0.0,0.0,0.0,0.0,0.0,0.23076923076923078,0.0,0.0,0.0,0.0,0.5833333333333334,0.0,0.08333333333333333,0.0,0.16666666666666666,0.0,0.0,0.0,0.0,0.0,0.0,0.0,0.0,0.0,0.0,0.0,0.0,0.0,0.0,0.0,0.08333333333333333,0.0,0.0,0.0,0.08333333333333333
1,0.18181818181818182,0.0,0.0,0.09090909090909091,0.0,0.09090909090909091,0.18181818181818182,0.09090909090909091,0.0,0.0,0.0,0.0,0.0,0.0,0.09090909090909091,0.09090909090909091,0.09090909090909091,0.0,0.0,0.0,0.0,0.0,0.0,0.09090909090909091,0.0,0.1,0.1,0.0,0.0,0.0,0.2,0.1,0.0,0.0,0.1,0.0,0.0,0.0,0.1,0.0,0.0,0.1,0.0,0.1,0.0,0.1,0.0,0.0,0.0,0.0,0.0,0.1111111111111111,0.0,0.0,0.0,0.3333333333333333,0.0,0.0,0.1111111111111111,0.0,0.1111111111111111,0.0,0.0,0.0,0.0,0.0,0.2222222222222222,0.0,0.0,0.0,0.0,0.0,0.0,0.1111111111111111,0.0,0.0,0.125,0.0,0.0,0.0,0.375,0.0,0.0,0.0,0.0,0.0,0.0,0.0,0.125,0.0,0.125,0.125,0.0,0.0,0.0,0.0,0.125,0.0,0.0,0.0,0.14285714285714285,0.0,0.0,0.0,0.0,0.14285714285714285,0.0,0.0,0.14285714285714285,0.0,0.0,0.14285714285714285,0.0,0.0,0.0,0.14285714285714285,0.14285714285714285,0.0,0.0,0.0,0.0,0.14285714285714285,0.0,0.0,0.0,0.16666666666666666,0.0,0.0,0.0,0.0,0.0,0.16666666666666666,0.0,0.0,0.0,0.0,0.16666666666666666,0.0,0.0,0.0,0.3333333333333333,0.0,0.0,0.0,0.0,0.0,0.16666666666666666,0.0,0.0,0.0
1,0.5625,0.0625,0.0,0.0,0.125,0.0625,0.0,0.0625,0.0,0.0,0.0,0.0,0.0,0.0,0.0,0.0,0.0,0.0,0.0,0.0,0.125,0.0,0.0,0.0,0.0,0.6,0.0,0.06666666666666667,0.0,0.13333333333333333,0.06666666666666667,0.0,0.0,0.0,0.0,0.0,0.0,0.0,0.0,0.0,0.0,0.0,0.0,0.0,0.0,0.06666666666666667,0.06666666666666667,0.0,0.0,0.0,0.5714285714285714,0.07142857142857142,0.0,0.0,0.14285714285714285,0.07142857142857142,0.0,0.0,0.0,0.0,0.0,0.0,0.0,0.0,0.0,0.0,0.0,0.0,0.0,0.0,0.07142857142857142,0.0,0.07142857142857142,0.0,0.0,0.5384615384615384,0.07692307692307693,0.07692307692307693,0.0,0.15384615384615385,0.07692307692307693,0.0,0.0,0.0,0.0,0.0,0.0,0.0,0.0,0.0,0.0,0.0,0.0,0.0,0.0,0.07692307692307693,0.0,0.0,0.0,0.0,0.5833333333333334,0.08333333333333333,0.08333333333333333,0.0,0.08333333333333333,0.0,0.0,0.0,0.0,0.08333333333333333,0.0,0.0,0.0,0.0,0.0,0.0,0.0,0.0,0.0,0.0,0.08333333333333333,0.0,0.0,0.0,0.0,0.5454545454545454,0.09090909090909091,0.09090909090909091,0.0,0.09090909090909091,0.09090909090909091,0.0,0.0,0.0,0.0,0.0,0.0,0.0,0.0,0.0,0.0,0.0,0.0,0.0,0.0,0.09090909090909091,0.0,0.0,0.0,0.0
1,0.15789473684210525,0.0,0.0,0.0,0.2631578947368421,0.0,0.0,0.0,0.0,0.0,0.0,0.0,0.0,0.0,0.0,0.0,0.0,0.0,0.0,0.0,0.2631578947368421,0.0,0.0,0.0,0.3157894736842105,0.2222222222222222,0.0,0.0,0.0,0.16666666666666666,0.0,0.0,0.0,0.0,0.0,0.0,0.0,0.0,0.0,0.0,0.0,0.0,0.0,0.0,0.0,0.2222222222222222,0.0,0.0,0.0,0.3888888888888889,0.11764705882352941,0.0,0.0,0.0,0.29411764705882354,0.0,0.0,0.0,0.0,0.0,0.0,0.0,0.0,0.0,0.0,0.0,0.0,0.0,0.0,0.0,0.35294117647058826,0.0,0.0,0.0,0.23529411764705882,0.0625,0.0,0.0,0.0,0.3125,0.0,0.0,0.0,0.0,0.0,0.0,0.0,0.0,0.0,0.0,0.0,0.0,0.0,0.0,0.0,0.375,0.0,0.0,0.0,0.25,0.13333333333333333,0.0,0.0,0.0,0.26666666666666666,0.0,0.0,0.0,0.0,0.0,0.0,0.0,0.0,0.0,0.0,0.0,0.0,0.0,0.0,0.0,0.26666666666666666,0.0,0.0,0.0,0.3333333333333333,0.07142857142857142,0.0,0.0,0.0,0.2857142857142857,0.0,0.0,0.0,0.0,0.0,0.0,0.0,0.0,0.0,0.0,0.0,0.0,0.0,0.0,0.0,0.2857142857142857,0.0,0.0,0.0,0.35714285714285715
1,0.45,0.0,0.0,0.0,0.2,0.0,0.0,0.0,0.0,0.0,0.1,0.0,0.0,0.0,0.0,0.0,0.0,0.0,0.0,0.0,0.1,0.0,0.1,0.0,0.05,0.3684210526315789,0.0,0.05263157894736842,0.0,0.2631578947368421,0.0,0.0,0.0,0.0,0.0,0.05263157894736842,0.0,0.0,0.0,0.0,0.0,0.0,0.0,0.0,0.0,0.21052631578947367,0.0,0.05263157894736842,0.0,0.0,0.5,0.0,0.1111111111111111,0.0,0.1111111111111111,0.0,0.0,0.0,0.0,0.0,0.0,0.0,0.0,0.0,0.05555555555555555,0.0,0.0,0.0,0.0,0.0,0.1111111111111111,0.0,0.0,0.0,0.1111111111111111,0.5294117647058824,0.0,0.058823529411764705,0.0,0.17647058823529413,0.0,0.0,0.0,0.0,0.0,0.058823529411764705,0.0,0.0,0.0,0.0,0.0,0.0,0.0,0.0,0.0,0.0,0.0,0.058823529411764705,0.0,0.11764705882352941,0.375,0.0,0.0625,0.0,0.3125,0.0,0.0,0.0,0.0,0.0,0.0625,0.0,0.0,0.0,0.0,0.0,0.0,0.0,0.0,0.0,0.125,0.0,0.0625,0.0,0.0,0.3333333333333333,0.0,0.13333333333333333,0.0,0.26666666666666666,0.0,0.0,0.0,0.0,0.0,0.0,0.0,0.0,0.0,0.06666666666666667,0.0,0.0,0.0,0.0,0.0,0.2,0.0,0.0,0.0,0.0
1,0.4,0.0,0.2,0.0,0.0,0.0,0.0,0.0,0.0,0.0,0.2,0.0,0.2,0.0,0.0,0.0,0.0,0.0,0.0,0.0,0.0,0.0,0.0,0.0,0.0,0.21052631578947367,0.0,0.42105263157894735,0.0,0.0,0.0,0.0,0.0,0.0,0.0,0.3684210526315789,0.0,0.0,0.0,0.0,0.0,0.0,0.0,0.0,0.0,0.0,0.0,0.0,0.0,0.0,0.2222222222222222,0.0,0.4444444444444444,0.0,0.0,0.0,0.0,0.0,0.0,0.0,0.3333333333333333,0.0,0.0,0.0,0.0,0.0,0.0,0.0,0.0,0.0,0.0,0.0,0.0,0.0,0.0,0.4117647058823529,0.0,0.23529411764705882,0.0,0.0,0.0,0.0,0.0,0.0,0.0,0.17647058823529413,0.0,0.17647058823529413,0.0,0.0,0.0,0.0,0.0,0.0,0.0,0.0,0.0,0.0,0.0,0.0,0.625,0.0,0.0,0.0,0.0,0.0,0.0,0.0,0.0,0.0,0.0,0.0,0.375,0.0,0.0,0.0,0.0,0.0,0.0,0.0,0.0,0.0,0.0,0.0,0.0,0.4,0.0,0.2,0.0,0.0,0.0,0.0,0.0,0.0,0.0,0.2,0.0,0.2,0.0,0.0,0.0,0.0,0.0,0.0,0.0,0.0,0.0,0.0,0.0,0.0
1,0.375,0.0625,0.125,0.0,0.0625,0.0,0.0,0.0,0.0625,0.0,0.125,0.0,0.0625,0.0,0.0,0.0625,0.0,0.0,0.0,0.0,0.0625,0.0,0.0,0.0,0.0,0.26666666666666666,0.06666666666666667,0.2,0.06666666666666667,0.06666666666666667,0.06666666666666667,0.0,0.0,0.0,0.0,0.2,0.0,0.0,0.0,0.0,0.06666666666666667,0.0,0.0,0.0,0.0,0.0,0.0,0.0,0.0,0.0,0.35714285714285715,0.0,0.14285714285714285,0.07142857142857142,0.07142857142857142,0.07142857142857142,0.0,0.0,0.0,0.0,0.21428571428571427,0.0,0.0,0.0,0.0,0.0,0.0,0.07142857142857142,0.0,0.0,0.0,0.0,0.0,0.0,0.0,0.6153846153846154,0.0,0.0,0.0,0.0,0.0,0.0,0.07692307692307693,0.0,0.0,0.07692307692307693,0.0,0.07692307692307693,0.0,0.07692307692307693,0.0,0.0,0.07692307692307693,0.0,0.0,0.0,0.0,0.0,0.0,0.0,0.4166666666666667,0.0,0.08333333333333333,0.0,0.08333333333333333,0.0,0.0,0.08333333333333333,0.0,0.0,0.16666666666666666,0.0,0.08333333333333333,0.0,0.0,0.08333333333333333,0.0,0.0,0.0,0.0,0.0,0.0,0.0,0.0,0.0,0.2727272727272727,0.0,0.2727272727272727,0.0,0.09090909090909091,0.09090909090909091,0.0,0.0,0.0,0.0,0.18181818181818182,0.0,0.0,0.0,0.0,0.09090909090909091,0.0,0.0,0.0,0.0,0.0,0.0,0.0,0.0,0.0
1,0.2222222222222222,0.05555555555555555,0.1111111111111111,0.0,0.0,0.0,0.0,0.16666666666666666,0.0,0.0,0.16666666666666666,0.16666666666666666,0.1111111111111111,0.0,0.0,0.0,0.0,0.0,0.0,0.0,0.0,0.0,0.0,0.0,0.0,0.11764705882352941,0.058823529411764705,0.23529411764705882,0.0,0.0,0.11764705882352941,0.0,0.058823529411764705,0.0,0.0,0.17647058823529413,0.11764705882352941,0.11764705882352941,0.0,0.0,0.0,0.0,0.0,0.0,0.0,0.0,0.0,0.0,0.0,0.0,0.0625,0.125,0.25,0.0,0.0,0.125,0.0625,0.0,0.0,0.0,0.25,0.0,0.125,0.0,0.0,0.0,0.0,0.0,0.0,0.0,0.0,0.0,0.0,0.0,0.0,0.13333333333333333,0.13333333333333333,0.13333333333333333,0.0,0.0,0.06666666666666667,0.0,0.13333333333333333,0.0,0.0,0.2,0.06666666666666667,0.13333333333333333,0.0,0.0,0.0,0.0,0.0,0.0,0.0,0.0,0.0,0.0,0.0,0.0,0.21428571428571427,0.07142857142857142,0.07142857142857142,0.0,0.0,0.07142857142857142,0.0,0.14285714285714285,0.0,0.0,0.14285714285714285,0.07142857142857142,0.21428571428571427,0.0,0.0,0.0,0.0,0.0,0.0,0.0,0.0,0.0,0.0,0.0,0.0,0.23076923076923078,0.0,0.15384615384615385,0.0,0.0,0.15384615384615385,0.07692307692307693,0.0,0.0,0.0,0.07692307692307693,0.07692307692307693,0.23076923076923078,0.0,0.0,0.0,0.0,0.0,0.0,0.0,0.0,0.0,0.0,0.0,0.0
1,0.13793103448275862,0.034482758620689655,0.0,0.034482758620689655,0.1724137931034483,0.034482758620689655,0.0,0.034482758620689655,0.0,0.0,0.034482758620689655,0.0,0.0,0.0,0.06896551724137931,0.0,0.0,0.0,0.0,0.034482758620689655,0.13793103448275862,0.034482758620689655,0.06896551724137931,0.0,0.1724137931034483,0.14285714285714285,0.03571428571428571,0.0,0.0,0.21428571428571427,0.0,0.0,0.0,0.0,0.07142857142857142,0.0,0.0,0.03571428571428571,0.0,0.03571428571428571,0.0,0.0,0.0,0.0,0.03571428571428571,0.17857142857142858,0.03571428571428571,0.07142857142857142,0.03571428571428571,0.10714285714285714,0.14814814814814814,0.0,0.037037037037037035,0.0,0.2222222222222222,0.0,0.0,0.0,0.0,0.037037037037037035,0.037037037037037035,0.037037037037037035,0.0,0.0,0.0,0.037037037037037035,0.0,0.0,0.0,0.0,0.1111111111111111,0.037037037037037035,0.07407407407407407,0.037037037037037035,0.18518518518518517,0.11538461538461539,0.0,0.038461538461538464,0.038461538461538464,0.23076923076923078,0.038461538461538464,0.0,0.0,0.0,0.0,0.0,0.0,0.038461538461538464,0.0,0.038461538461538464,0.0,0.038461538461538464,0.0,0.0,0.0,0.19230769230769232,0.038461538461538464,0.038461538461538464,0.0,0.15384615384615385,0.12,0.04,0.04,0.04,0.16,0.0,0.0,0.0,0.0,0.04,0.0,0.04,0.0,0.0,0.04,0.04,0.0,0.0,0.0,0.0,0.16,0.0,0.08,0.0,0.2,0.08333333333333333,0.0,0.08333333333333333,0.0,0.25,0.041666666666666664,0.0,0.0,0.0,0.0,0.0,0.0,0.041666666666666664,0.0,0.0,0.0,0.0,0.0,0.0,0.041666666666666664,0.20833333333333334,0.08333333333333333,0.0,0.0,0.16666666666666666
1,0.07142857142857142,0.07142857142857142,0.0,0.0,0.07142857142857142,0.0,0.0,0.07142857142857142,0.0,0.07142857142857142,0.07142857142857142,0.0,0.0,0.0,0.0,0.07142857142857142,0.0,0.0,0.0,0.14285714285714285,0.0,0.07142857142857142,0.0,0.21428571428571427,0.07142857142857142,0.0,0.0,0.07692307692307693,0.07692307692307693,0.07692307692307693,0.07692307692307693,0.0,0.0,0.07692307692307693,0.0,0.07692307692307693,0.0,0.0,0.0,0.0,0.0,0.15384615384615385,0.0,0.0,0.0,0.07692307692307693,0.0,0.0,0.07692307692307693,0.23076923076923078,0.08333333333333333,0.0,0.0,0.08333333333333333,0.08333333333333333,0.16666666666666666,0.0,0.0,0.0,0.0,0.0,0.0,0.0,0.0,0.08333333333333333,0.0,0.0,0.08333333333333333,0.0,0.08333333333333333,0.0,0.16666666666666666,0.0,0.08333333333333333,0.08333333333333333,0.09090909090909091,0.0,0.0,0.0,0.09090909090909091,0.0,0.09090909090909091,0.0,0.0,0.09090909090909091,0.0,0.0,0.0,0.09090909090909091,0.0,0.09090909090909091,0.0,0.0,0.09090909090909091,0.0,0.09090909090909091,0.09090909090909091,0.09090909090909091,0.0,0.09090909090909091,0.0,0.0,0.0,0.0,0.1,0.0,0.0,0.1,0.1,0.0,0.0,0.0,0.0,0.0,0.1,0.2,0.0,0.0,0.0,0.0,0.1,0.1,0.0,0.1,0.1,0.0,0.0,0.0,0.1111111111111111,0.0,0.1111111111111111,0.0,0.0,0.0,0.1111111111111111,0.0,0.0,0.0,0.0,0.0,0.0,0.1111111111111111,0.0,0.0,0.1111111111111111,0.2222222222222222,0.0,0.1111111111111111,0.1111111111111111,0.0
1,0.2962962962962963,0.037037037037037035,0.1111111111111111,0.0,0.1111111111111111,0.0,0.0,0.037037037037037035,0.0,0.0,0.07407407407407407,0.0,0.0,0.037037037037037035,0.037037037037037035,0.07407407407407407,0.0,0.0,0.0,0.0,0.07407407407407407,0.0,0.0,0.037037037037037035,0.07407407407407407,0.15384615384615385,0.038461538461538464,0.15384615384615385,0.038461538461538464,0.19230769230769232,0.0,0.0,0.0,0.038461538461538464,0.0,0.15384615384615385,0.0,0.0,0.0,0.0,0.07692307692307693,0.0,0.0,0.0,0.0,0.11538461538461539,0.0,0.0,0.0,0.038461538461538464,0.28,0.0,0.08,0.04,0.16,0.04,0.0,0.0,0.0,0.0,0.16,0.0,0.0,0.0,0.0,0.0,0.0,0.04,0.0,0.04,0.04,0.0,0.04,0.04,0.04,0.4166666666666667,0.0,0.0,0.041666666666666664,0.08333333333333333,0.041666666666666664,0.0,0.0,0.0,0.0,0.0,0.0,0.125,0.0,0.041666666666666664,0.0,0.0,0.0,0.0,0.08333333333333333,0.08333333333333333,0.0,0.0,0.041666666666666664,0.041666666666666664,0.30434782608695654,0.0,0.08695652173913043,0.043478260869565216,0.13043478260869565,0.0,0.0,0.043478260869565216,0.0,0.0,0.08695652173913043,0.0,0.0,0.0,0.08695652173913043,0.043478260869565216,0.0,0.0,0.0,0.0,0.13043478260869565,0.0,0.0,0.0,0.043478260869565216,0.22727272727272727,0.0,0.13636363636363635,0.045454545454545456,0.18181818181818182,0.0,0.0,0.0,0.0,0.045454545454545456,0.18181818181818182,0.0,0.0,0.0,0.0,0.045454545454545456,0.0,0.0,0.0,0.0,0.09090909090909091,0.0,0.0,0.0,0.045454545454545456
1,0.5,0.0,0.11538461538461539,0.038461538461538464,0.07692307692307693,0.038461538461538464,0.0,0.0,0.0,0.0,0.11538461538461539,0.038461538461538464,0.0,0.0,0.0,0.0,0.0,0.038461538461538464,0.0,0.0,0.038461538461538464,0.0,0.0,0.0,0.0,0.48,0.0,0.16,0.04,0.04,0.0,0.0,0.0,0.0,0.04,0.16,0.0,0.0,0.0,0.0,0.0,0.04,0.0,0.0,0.0,0.04,0.0,0.0,0.0,0.0,0.5,0.041666666666666664,0.125,0.041666666666666664,0.041666666666666664,0.0,0.0,0.0,0.0,0.0,0.125,0.0,0.0,0.0,0.041666666666666664,0.041666666666666664,0.0,0.0,0.0,0.0,0.0,0.0,0.041666666666666664,0.0,0.0,0.6086956521739131,0.043478260869565216,0.08695652173913043,0.0,0.043478260869565216,0.0,0.0,0.0,0.0,0.0,0.0,0.0,0.08695652173913043,0.043478260869565216,0.0,0.0,0.0,0.0,0.0,0.043478260869565216,0.043478260869565216,0.0,0.0,0.0,0.0,0.5,0.045454545454545456,0.13636363636363635,0.045454545454545456,0.09090909090909091,0.0,0.0,0.0,0.0,0.0,0.09090909090909091,0.0,0.045454545454545456,0.0,0.0,0.0,0.0,0.0,0.0,0.0,0.045454545454545456,0.0,0.0,0.0,0.0,0.47619047619047616,0.0,0.19047619047619047,0.047619047619047616,0.09523809523809523,0.0,0.0,0.0,0.0,0.0,0.09523809523809523,0.047619047619047616,0.0,0.0,0.0,0.0,0.0,0.0,0.0,0.0,0.047619047619047616,0.0,0.0,0.0,0.0
1,0.17647058823529413,0.11764705882352941,0.23529411764705882,0.0,0.0,0.058823529411764705,0.0,0.058823529411764705,0.0,0.0,0.29411764705882354,0.0,0.0,0.0,0.0,0.0,0.0,0.0,0.0,0.0,0.058823529411764705,0.0,0.0,0.0,0.0,0.375,0.0,0.125,0.0,0.0,0.0625,0.0,0.0625,0.0,0.0,0.125,0.0625,0.125,0.0,0.0,0.0,0.0,0.0,0.0,0.0,0.0,0.0625,0.0,0.0,0.0,0.2,0.06666666666666667,0.26666666666666666,0.0,0.0,0.13333333333333333,0.0,0.0,0.0,0.0,0.2,0.0,0.06666666666666667,0.0,0.0,0.0,0.0,0.0,0.0,0.0,0.06666666666666667,0.0,0.0,0.0,0.0,0.35714285714285715,0.0,0.14285714285714285,0.0,0.0,0.07142857142857142,0.07142857142857142,0.0,0.0,0.0,0.14285714285714285,0.0,0.14285714285714285,0.0,0.0,0.0,0.0,0.0,0.0,0.0,0.0,0.0,0.07142857142857142,0.0,0.0,0.3076923076923077,0.07692307692307693,0.15384615384615385,0.0,0.0,0.0,0.0,0.15384615384615385,0.0,0.0,0.23076923076923078,0.0,0.0,0.0,0.0,0.0,0.0,0.0,0.0,0.0,0.07692307692307693,0.0,0.0,0.0,0.0,0.25,0.0,0.25,0.0,0.0,0.16666666666666666,0.0,0.0,0.0,0.0,0.16666666666666666,0.0,0.08333333333333333,0.0,0.0,0.0,0.0,0.0,0.0,0.0,0.0,0.08333333333333333,0.0,0.0,0.0
1,0.3181818181818182,0.0,0.22727272727272727,0.0,0.0,0.045454545454545456,0.0,0.0,0.0,0.0,0.22727272727272727,0.0,0.18181818181818182,0.0,0.0,0.0,0.0,0.0,0.0,0.0,0.0,0.0,0.0,0.0,0.0,0.14285714285714285,0.0,0.38095238095238093,0.0,0.0,0.047619047619047616,0.0,0.0,0.0,0.0,0.38095238095238093,0.0,0.047619047619047616,0.0,0.0,0.0,0.0,0.0,0.0,0.0,0.0,0.0,0.0,0.0,0.0,0.35,0.0,0.2,0.0,0.0,0.05,0.0,0.0,0.0,0.0,0.15,0.0,0.25,0.0,0.0,0.0,0.0,0.0,0.0,0.0,0.0,0.0,0.0,0.0,0.0,0.42105263157894735,0.0,0.15789473684210525,0.0,0.0,0.05263157894736842,0.0,0.0,0.0,0.0,0.05263157894736842,0.0,0.3157894736842105,0.0,0.0,0.0,0.0,0.0,0.0,0.0,0.0,0.0,0.0,0.0,0.0,0.2222222222222222,0.0,0.3333333333333333,0.0,0.0,0.0,0.0,0.05555555555555555,0.0,0.0,0.2777777777777778,0.0,0.1111111111111111,0.0,0.0,0.0,0.0,0.0,0.0,0.0,0.0,0.0,0.0,0.0,0.0,0.17647058823529413,0.0,0.35294117647058826,0.0,0.0,0.058823529411764705,0.0,0.0,0.0,0.0,0.29411764705882354,0.0,0.11764705882352941,0.0,0.0,0.0,0.0,0.0,0.0,0.0,0.0,0.0,0.0,0.0,0.0
1,0.1111111111111111,0.037037037037037035,0.0,0.037037037037037035,0.18518518518518517,0.037037037037037035,0.0,0.0,0.0,0.037037037037037035,0.037037037037037035,0.0,0.0,0.0,0.037037037037037035,0.0,0.0,0.0,0.0,0.037037037037037035,0.14814814814814814,0.037037037037037035,0.07407407407407407,0.0,0.18518518518518517,0.15384615384615385,0.038461538461538464,0.0,0.0,0.19230769230769232,0.0,0.0,0.0,0.0,0.038461538461538464,0.0,0.0,0.038461538461538464,0.0,0.038461538461538464,0.0,0.0,0.0,0.0,0.038461538461538464,0.19230769230769232,0.038461538461538464,0.038461538461538464,0.038461538461538464,0.15384615384615385,0.16,0.0,0.0,0.0,0.24,0.0,0.0,0.0,0.0,0.04,0.04,0.04,0.0,0.0,0.0,0.04,0.0,0.0,0.0,0.0,0.12,0.04,0.08,0.04,0.16,0.08333333333333333,0.0,0.041666666666666664,0.041666666666666664,0.20833333333333334,0.041666666666666664,0.0,0.0,0.0,0.0,0.0,0.0,0.0,0.0,0.08333333333333333,0.0,0.041666666666666664,0.0,0.0,0.0,0.20833333333333334,0.041666666666666664,0.041666666666666664,0.0,0.16666666666666666,0.13043478260869565,0.043478260869565216,0.043478260869565216,0.0,0.17391304347826086,0.0,0.0,0.0,0.0,0.043478260869565216,0.0,0.043478260869565216,0.0,0.0,0.0,0.043478260869565216,0.0,0.0,0.0,0.0,0.17391304347826086,0.0,0.043478260869565216,0.0,0.2608695652173913,0.09090909090909091,0.0,0.09090909090909091,0.0,0.22727272727272727,0.045454545454545456,0.0,0.0,0.0,0.0,0.0,0.0,0.0,0.0,0.045454545454545456,0.0,0.0,0.0,0.0,0.045454545454545456,0.22727272727272727,0.09090909090909091,0.0,0.0,0.13636363636363635
1,0.045454545454545456,0.09090909090909091,0.09090909090909091,0.0,0.0,0.045454545454545456,0.0,0.13636363636363635,0.0,0.0,0.18181818181818182,0.09090909090909091,0.22727272727272727,0.0,0.045454545454545456,0.0,0.0,0.0,0.0,0.0,0.0,0.0,0.045454545454545456,0.0,0.0,0.0,0.0,0.23809523809523808,0.0,0.0,0.047619047619047616,0.0,0.14285714285714285,0.0,0.0,0.19047619047619047,0.14285714285714285,0.14285714285714285,0.0,0.047619047619047616,0.0,0.0,0.0,0.0,0.0,0.047619047619047616,0.0,0.0,0.0,0.0,0.1,0.0,0.15,0.0,0.0,0.0,0.1,0.1,0.0,0.0,0.2,0.0,0.25,0.0,0.05,0.0,0.0,0.0,0.0,0.0,0.0,0.05,0.0,0.0,0.0,0.10526315789473684,0.05263157894736842,0.05263157894736842,0.0,0.0,0.10526315789473684,0.0,0.05263157894736842,0.0,0.05263157894736842,0.05263157894736842,0.10526315789473684,0.3684210526315789,0.0,0.0,0.0,0.0,0.0,0.0,0.0,0.0,0.0,0.05263157894736842,0.0,0.0,0.05555555555555555,0.0,0.05555555555555555,0.0,0.05555555555555555,0.05555555555555555,0.0,0.16666666666666666,0.0,0.0,0.16666666666666666,0.1111111111111111,0.2777777777777778,0.0,0.0,0.0,0.0,0.0,0.0,0.0,0.0,0.0,0.05555555555555555,0.0,0.0,0.0,0.0,0.17647058823529413,0.0,0.0,0.058823529411764705,0.0,0.17647058823529413,0.0,0.0,0.23529411764705882,0.058823529411764705,0.17647058823529413,0.0,0.058823529411764705,0.0,0.0,0.0,0.0,0.0,0.0,0.058823529411764705,0.0,0.0,0.0
1,0.0,0.0625,0.0625,0.0,0.125,0.0625,0.0,0.0625,0.0,0.0625,0.0625,0.0625,0.0,0.0625,0.0,0.0,0.0,0.0,0.0,0.0625,0.0625,0.0625,0.0625,0.0,0.125,0.0,0.0,0.0,0.06666666666666667,0.13333333333333333,0.13333333333333333,0.06666666666666667,0.0,0.0,0.0,0.06666666666666667,0.0,0.0,0.0,0.13333333333333333,0.0,0.06666666666666667,0.0,0.0,0.0,0.0,0.06666666666666667,0.13333333333333333,0.0,0.13333333333333333,0.07142857142857142,0.0,0.0,0.0,0.14285714285714285,0.0,0.0,0.0,0.0,0.21428571428571427,0.0,0.14285714285714285,0.0,0.0,0.07142857142857142,0.0,0.0,0.07142857142857142,0.0,0.0,0.14285714285714285,0.07142857142857142,0.07142857142857142,0.0,0.0,0.0,0.07692307692307693,0.07692307692307693,0.0,0.07692307692307693,0.07692307692307693,0.0,0.0,0.0,0.07692307692307693,0.0,0.0,0.07692307692307693,0.0,0.15384615384615385,0.07692307692307693,0.0,0.0,0.0,0.0,0.07692307692307693,0.15384615384615385,0.0,0.0,0.07692307692307693,0.0,0.08333333333333333,0.08333333333333333,0.0,0.0,0.0,0.0,0.0,0.0,0.16666666666666666,0.16666666666666666,0.0,0.08333333333333333,0.0,0.0,0.0,0.0,0.0,0.0,0.08333333333333333,0.08333333333333333,0.08333333333333333,0.0,0.0,0.16666666666666666,0.18181818181818182,0.0,0.0,0.0,0.0,0.0,0.0,0.09090909090909091,0.0,0.0,0.0,0.09090909090909091,0.0,0.0,0.18181818181818182,0.0,0.0,0.0,0.0,0.09090909090909091,0.09090909090909091,0.09090909090909091,0.0,0.0,0.18181818181818182
1,0.14285714285714285,0.0,0.23809523809523808,0.0,0.0,0.047619047619047616,0.0,0.047619047619047616,0.0,0.0,0.23809523809523808,0.047619047619047616,0.23809523809523808,0.0,0.0,0.0,0.0,0.0,0.0,0.0,0.0,0.0,0.0,0.0,0.0,0.0,0.0,0.4,0.0,0.0,0.05,0.0,0.05,0.0,0.0,0.35,0.05,0.1,0.0,0.0,0.0,0.0,0.0,0.0,0.0,0.0,0.0,0.0,0.0,0.0,0.21052631578947367,0.05263157894736842,0.15789473684210525,0.0,0.0,0.0,0.0,0.05263157894736842,0.0,0.0,0.21052631578947367,0.0,0.3157894736842105,0.0,0.0,0.0,0.0,0.0,0.0,0.0,0.0,0.0,0.0,0.0,0.0,0.2777777777777778,0.05555555555555555,0.1111111111111111,0.0,0.0,0.05555555555555555,0.0,0.0,0.0,0.0,0.1111111111111111,0.0,0.3888888888888889,0.0,0.0,0.0,0.0,0.0,0.0,0.0,0.0,0.0,0.0,0.0,0.0,0.11764705882352941,0.0,0.35294117647058826,0.0,0.0,0.058823529411764705,0.0,0.0,0.0,0.0,0.23529411764705882,0.058823529411764705,0.17647058823529413,0.0,0.0,0.0,0.0,0.0,0.0,0.0,0.0,0.0,0.0,0.0,0.0,0.125,0.0,0.3125,0.0,0.0,0.0,0.0,0.0625,0.0,0.0,0.25,0.0625,0.1875,0.0,0.0,0.0,0.0,0.0,0.0,0.0,0.0,0.0,0.0,0.0,0.0
1,0.21428571428571427,0.0,0.21428571428571427,0.0,0.0,0.0,0.0,0.0,0.0,0.0,0.21428571428571427,0.0,0.21428571428571427,0.0,0.0,0.07142857142857142,0.0,0.0,0.07142857142857142,0.0,0.0,0.0,0.0,0.0,0.0,0.0,0.0,0.46153846153846156,0.0,0.0,0.0,0.0,0.0,0.0,0.0,0.38461538461538464,0.0,0.0,0.0,0.0,0.15384615384615385,0.0,0.0,0.0,0.0,0.0,0.0,0.0,0.0,0.0,0.25,0.0,0.25,0.0,0.0,0.0,0.0,0.0,0.0,0.0,0.16666666666666666,0.0,0.16666666666666666,0.0,0.0,0.08333333333333333,0.0,0.08333333333333333,0.0,0.0,0.0,0.0,0.0,0.0,0.0,0.45454545454545453,0.0,0.0,0.0,0.0,0.0,0.0,0.0,0.0,0.0,0.0,0.0,0.36363636363636365,0.0,0.0,0.0,0.0,0.18181818181818182,0.0,0.0,0.0,0.0,0.0,0.0,0.0,0.2,0.0,0.2,0.0,0.0,0.0,0.0,0.0,0.0,0.0,0.2,0.0,0.2,0.0,0.0,0.1,0.0,0.1,0.0,0.0,0.0,0.0,0.0,0.0,0.0,0.0,0.0,0.4444444444444444,0.0,0.0,0.0,0.0,0.0,0.0,0.0,0.3333333333333333,0.0,0.0,0.0,0.0,0.2222222222222222,0.0,0.0,0.0,0.0,0.0,0.0,0.0,0.0,0.0
1,0.0,0.1,0.1,0.0,0.0,0.0,0.0,0.2,0.0,0.0,0.2,0.1,0.3,0.0,0.0,0.0,0.0,0.0,0.0,0.0,0.0,0.0,0.0,0.0,0.0,0.0,0.0,0.2222222222222222,0.0,0.0,0.0,0.0,0.1111111111111111,0.0,0.0,0.2222222222222222,0.2222222222222222,0.2222222222222222,0.0,0.0,0.0,0.0,0.0,0.0,0.0,0.0,0.0,0.0,0.0,0.0,0.125,0.0,0.125,0.0,0.0,0.0,0.125,0.0,0.0,0.0,0.0,0.125,0.5,0.0,0.0,0.0,0.0,0.0,0.0,0.0,0.0,0.0,0.0,0.0,0.0,0.0,0.2857142857142857,0.0,0.0,0.0,0.0,0.0,0.14285714285714285,0.0,0.0,0.14285714285714285,0.0,0.42857142857142855,0.0,0.0,0.0,0.0,0.0,0.0,0.0,0.0,0.0,0.0,0.0,0.0,0.0,0.0,0.3333333333333333,0.0,0.0,0.0,0.0,0.0,0.0,0.0,0.16666666666666666,0.3333333333333333,0.16666666666666666,0.0,0.0,0.0,0.0,0.0,0.0,0.0,0.0,0.0,0.0,0.0,0.0,0.0,0.0,0.2,0.0,0.0,0.0,0.0,0.0,0.0,0.0,0.0,0.4,0.4,0.0,0.0,0.0,0.0,0.0,0.0,0.0,0.0,0.0,0.0,0.0,0.0
1,0.14285714285714285,0.047619047619047616,0.2857142857142857,0.0,0.0,0.14285714285714285,0.0,0.0,0.0,0.0,0.14285714285714285,0.09523809523809523,0.14285714285714285,0.0,0.0,0.0,0.0,0.0,0.0,0.0,0.0,0.0,0.0,0.0,0.0,0.2,0.05,0.25,0.0,0.0,0.0,0.0,0.15,0.0,0.0,0.2,0.1,0.05,0.0,0.0,0.0,0.0,0.0,0.0,0.0,0.0,0.0,0.0,0.0,0.0,0.15789473684210525,0.15789473684210525,0.15789473684210525,0.0,0.0,0.10526315789473684,0.0,0.05263157894736842,0.0,0.0,0.10526315789473684,0.0,0.2631578947368421,0.0,0.0,0.0,0.0,0.0,0.0,0.0,0.0,0.0,0.0,0.0,0.0,0.2222222222222222,0.05555555555555555,0.16666666666666666,0.0,0.0,0.1111111111111111,0.05555555555555555,0.0,0.0,0.0,0.05555555555555555,0.05555555555555555,0.2777777777777778,0.0,0.0,0.0,0.0,0.0,0.0,0.0,0.0,0.0,0.0,0.0,0.0,0.11764705882352941,0.0,0.35294117647058826,0.0,0.0,0.058823529411764705,0.0,0.11764705882352941,0.0,0.0,0.23529411764705882,0.11764705882352941,0.0,0.0,0.0,0.0,0.0,0.0,0.0,0.0,0.0,0.0,0.0,0.0,0.0,0.1875,0.0625,0.1875,0.0,0.0,0.0,0.0,0.1875,0.0,0.0,0.1875,0.0625,0.125,0.0,0.0,0.0,0.0,0.0,0.0,0.0,0.0,0.0,0.0,0.0,0.0
1,0.19047619047619047,0.14285714285714285,0.09523809523809523,0.0,0.0,0.0,0.0,0.14285714285714285,0.0,0.0,0.2857142857142857,0.0,0.14285714285714285,0.0,0.0,0.0,0.0,0.0,0.0,0.0,0.0,0.0,0.0,0.0,0.0,0.05,0.05,0.3,0.0,0.0,0.05,0.0,0.1,0.0,0.0,0.35,0.1,0.0,0.0,0.0,0.0,0.0,0.0,0.0,0.0,0.0,0.0,0.0,0.0,0.0,0.21052631578947367,0.0,0.21052631578947367,0.0,0.0,0.10526315789473684,0.05263157894736842,0.0,0.0,0.0,0.10526315789473684,0.10526315789473684,0.21052631578947367,0.0,0.0,0.0,0.0,0.0,0.0,0.0,0.0,0.0,0.0,0.0,0.0,0.2222222222222222,0.16666666666666666,0.05555555555555555,0.0,0.0,0.1111111111111111,0.0,0.05555555555555555,0.0,0.0,0.1111111111111111,0.0,0.2777777777777778,0.0,0.0,0.0,0.0,0.0,0.0,0.0,0.0,0.0,0.0,0.0,0.0,0.17647058823529413,0.11764705882352941,0.17647058823529413,0.0,0.0,0.0,0.0,0.11764705882352941,0.0,0.0,0.29411764705882354,0.058823529411764705,0.058823529411764705,0.0,0.0,0.0,0.0,0.0,0.0,0.0,0.0,0.0,0.0,0.0,0.0,0.125,0.0,0.3125,0.0,0.0,0.125,0.0,0.0,0.0,0.0,0.1875,0.1875,0.0625,0.0,0.0,0.0,0.0,0.0,0.0,0.0,0.0,0.0,0.0,0.0,0.0
1,0.09090909090909091,0.0,0.09090909090909091,0.09090909090909091,0.0,0.09090909090909091,0.18181818181818182,0.0,0.09090909090909091,0.0,0.09090909090909091,0.09090909090909091,0.0,0.0,0.0,0.0,0.09090909090909091,0.0,0.0,0.0,0.0,0.0,0.09090909090909091,0.0,0.0,0.1,0.0,0.0,0.1,0.0,0.1,0.1,0.1,0.1,0.0,0.1,0.1,0.0,0.0,0.0,0.0,0.1,0.0,0.0,0.0,0.0,0.1,0.0,0.0,0.0,0.1111111111111111,0.0,0.0,0.0,0.0,0.1111111111111111,0.2222222222222222,0.1111111111111111,0.0,0.0,0.0,0.0,0.0,0.2222222222222222,0.0,0.1111111111111111,0.0,0.0,0.0,0.0,0.0,0.1111111111111111,0.0,0.0,0.0,0.0,0.0,0.0,0.125,0.0,0.375,0.125,0.0,0.0,0.0,0.0,0.125,0.0,0.0,0.0,0.0,0.0,0.125,0.0,0.0,0.0,0.0,0.0,0.125,0.0,0.0,0.0,0.0,0.0,0.0,0.2857142857142857,0.0,0.14285714285714285,0.14285714285714285,0.0,0.0,0.14285714285714285,0.0,0.0,0.0,0.14285714285714285,0.0,0.0,0.0,0.0,0.0,0.14285714285714285,0.0,0.0,0.0,0.0,0.0,0.0,0.0,0.0,0.16666666666666666,0.0,0.16666666666666666,0.16666666666666666,0.0,0.16666666666666666,0.0,0.0,0.0,0.0,0.16666666666666666,0.0,0.0,0.0,0.0,0.0,0.16666666666666666,0.0,0.0,0.0
1,0.4666666666666667,0.0,0.06666666666666667,0.06666666666666667,0.06666666666666667,0.06666666666666667,0.0,0.0,0.0,0.0,0.06666666666666667,0.0,0.06666666666666667,0.0,0.0,0.0,0.06666666666666667,0.0,0.0,0.0,0.06666666666666667,0.0,0.0,0.0,0.0,0.2857142857142857,0.07142857142857142,0.14285714285714285,0.07142857142857142,0.07142857142857142,0.07142857142857142,0.0,0.0,0.0,0.0,0.14285714285714285,0.0,0.0,0.0,0.0,0.07142857142857142,0.0,0.0,0.0,0.0,0.07142857142857142,0.0,0.0,0.0,0.0,0.46153846153846156,0.07692307692307693,0.07692307692307693,0.0,0.07692307692307693,0.0,0.0,0.0,0.0,0.0,0.07692307692307693,0.0,0.0,0.07692307692307693,0.0,0.07692307692307693,0.0,0.0,0.0,0.0,0.0,0.0,0.07692307692307693,0.0,0.0,0.5833333333333334,0.0,0.08333333333333333,0.0,0.08333333333333333,0.0,0.0,0.0,0.0,0.0,0.0,0.08333333333333333,0.0,0.08333333333333333,0.0,0.0,0.0,0.0,0.0,0.0,0.0,0.0,0.08333333333333333,0.0,0.0,0.36363636363636365,0.0,0.18181818181818182,0.09090909090909091,0.09090909090909091,0.0,0.0,0.0,0.0,0.0,0.09090909090909091,0.09090909090909091,0.0,0.0,0.0,0.0,0.0,0.0,0.0,0.0,0.09090909090909091,0.0,0.0,0.0,0.0,0.3,0.1,0.2,0.1,0.0,0.0,0.0,0.0,0.0,0.0,0.2,0.0,0.0,0.0,0.0,0.0,0.0,0.0,0.0,0.0,0.1,0.0,0.0,0.0,0.0
1,0.0,0.0,0.08,0.0,0.04,0.04,0.04,0.12,0.0,0.04,0.08,0.08,0.08,0.0,0.08,0.0,0.0,0.0,0.0,0.0,0.04,0.12,0.0,0.0,0.16,0.041666666666666664,0.041666666666666664,0.0,0.0,0.041666666666666664,0.041666666666666664,0.0,0.08333333333333333,0.0,0.08333333333333333,0.041666666666666664,0.041666666666666664,0.08333333333333333,0.0,0.16666666666666666,0.0,0.0,0.0,0.0,0.0,0.041666666666666664,0.125,0.125,0.0,0.041666666666666664,0.0,0.0,0.08695652173913043,0.0,0.043478260869565216,0.0,0.08695652173913043,0.0,0.0,0.13043478260869565,0.13043478260869565,0.043478260869565216,0.0,0.0,0.13043478260869565,0.0,0.0,0.0,0.0,0.0,0.043478260869565216,0.08695652173913043,0.17391304347826086,0.0,0.043478260869565216,0.0,0.0,0.045454545454545456,0.0,0.09090909090909091,0.045454545454545456,0.09090909090909091,0.045454545454545456,0.0,0.045454545454545456,0.045454545454545456,0.045454545454545456,0.09090909090909091,0.0,0.09090909090909091,0.0,0.0,0.0,0.0,0.0,0.045454545454545456,0.09090909090909091,0.09090909090909091,0.0,0.13636363636363635,0.0,0.047619047619047616,0.0,0.0,0.09523809523809523,0.047619047619047616,0.0,0.14285714285714285,0.0,0.0,0.047619047619047616,0.09523809523809523,0.09523809523809523,0.0,0.047619047619047616,0.0,0.0,0.0,0.0,0.0,0.047619047619047616,0.09523809523809523,0.047619047619047616,0.0,0.19047619047619047,0.0,0.05,0.0,0.0,0.1,0.0,0.05,0.15,0.0,0.0,0.05,0.05,0.1,0.0,0.1,0.0,0.0,0.0,0.0,0.0,0.1,0.05,0.05,0.0,0.15
1,0.4666666666666667,0.06666666666666667,0.06666666666666667,0.0,0.06666666666666667,0.0,0.0,0.0,0.06666666666666667,0.0,0.06666666666666667,0.0,0.06666666666666667,0.0,0.0,0.06666666666666667,0.0,0.0,0.0,0.0,0.06666666666666667,0.0,0.0,0.0,0.0,0.2857142857142857,0.07142857142857142,0.14285714285714285,0.07142857142857142,0.07142857142857142,0.07142857142857142,0.0,0.0,0.0,0.0,0.14285714285714285,0.0,0.0,0.0,0.0,0.07142857142857142,0.0,0.0,0.0,0.0,0.07142857142857142,0.0,0.0,0.0,0.0,0.38461538461538464,0.0,0.07692307692307693,0.07692307692307693,0.07692307692307693,0.07692307692307693,0.0,0.0,0.0,0.0,0.15384615384615385,0.0,0.0,0.0,0.0,0.0,0.0,0.07692307692307693,0.0,0.0,0.07692307692307693,0.0,0.0,0.0,0.0,0.5833333333333334,0.0,0.0,0.0,0.0,0.0,0.0,0.08333333333333333,0.0,0.0,0.08333333333333333,0.0,0.0,0.0,0.08333333333333333,0.0,0.0,0.08333333333333333,0.0,0.0,0.08333333333333333,0.0,0.0,0.0,0.0,0.5454545454545454,0.0,0.09090909090909091,0.0,0.0,0.0,0.0,0.09090909090909091,0.0,0.0,0.09090909090909091,0.0,0.0,0.0,0.09090909090909091,0.09090909090909091,0.0,0.0,0.0,0.0,0.0,0.0,0.0,0.0,0.0,0.3,0.0,0.2,0.0,0.1,0.1,0.0,0.0,0.0,0.0,0.2,0.0,0.0,0.0,0.0,0.1,0.0,0.0,0.0,0.0,0.0,0.0,0.0,0.0,0.0
1,0.1,0.0,0.1,0.0,0.2,0.0,0.0,0.0,0.0,0.0,0.2,0.0,0.2,0.0,0.0,0.0,0.0,0.0,0.0,0.0,0.1,0.0,0.1,0.0,0.0,0.1111111111111111,0.0,0.2222222222222222,0.0,0.1111111111111111,0.0,0.0,0.0,0.0,0.0,0.2222222222222222,0.0,0.0,0.0,0.1111111111111111,0.0,0.0,0.0,0.0,0.0,0.0,0.0,0.2222222222222222,0.0,0.0,0.125,0.0,0.25,0.0,0.0,0.0,0.0,0.0,0.0,0.0,0.125,0.0,0.125,0.0,0.125,0.0,0.0,0.0,0.0,0.0,0.125,0.0,0.125,0.0,0.0,0.14285714285714285,0.0,0.2857142857142857,0.0,0.0,0.0,0.0,0.0,0.0,0.0,0.14285714285714285,0.0,0.14285714285714285,0.0,0.14285714285714285,0.0,0.0,0.0,0.0,0.0,0.14285714285714285,0.0,0.0,0.0,0.0,0.16666666666666666,0.0,0.16666666666666666,0.0,0.0,0.0,0.0,0.0,0.0,0.0,0.3333333333333333,0.0,0.16666666666666666,0.0,0.0,0.0,0.0,0.0,0.0,0.0,0.0,0.0,0.0,0.0,0.16666666666666666,0.0,0.0,0.0,0.0,0.2,0.0,0.0,0.0,0.0,0.0,0.2,0.0,0.4,0.0,0.0,0.0,0.0,0.0,0.0,0.0,0.2,0.0,0.0,0.0,0.0
1,0.09090909090909091,0.09090909090909091,0.09090909090909091,0.0,0.09090909090909091,0.09090909090909091,0.09090909090909091,0.09090909090909091,0.0,0.0,0.18181818181818182,0.0,0.0,0.0,0.0,0.0,0.0,0.0,0.0,0.0,0.0,0.09090909090909091,0.0,0.0,0.09090909090909091,0.2,0.0,0.0,0.0,0.2,0.0,0.0,0.2,0.0,0.0,0.1,0.1,0.0,0.0,0.0,0.0,0.0,0.0,0.0,0.0,0.0,0.2,0.0,0.0,0.0,0.1111111111111111,0.1111111111111111,0.1111111111111111,0.0,0.1111111111111111,0.1111111111111111,0.0,0.0,0.0,0.0,0.1111111111111111,0.0,0.0,0.0,0.1111111111111111,0.0,0.0,0.0,0.0,0.0,0.0,0.1111111111111111,0.1111111111111111,0.0,0.0,0.125,0.25,0.0,0.0,0.125,0.125,0.0,0.0,0.0,0.0,0.0,0.0,0.125,0.0,0.125,0.0,0.0,0.0,0.0,0.0,0.0,0.0,0.125,0.0,0.0,0.14285714285714285,0.14285714285714285,0.14285714285714285,0.0,0.14285714285714285,0.0,0.0,0.0,0.0,0.14285714285714285,0.14285714285714285,0.14285714285714285,0.0,0.0,0.0,0.0,0.0,0.0,0.0,0.0,0.0,0.0,0.0,0.0,0.0,0.0,0.16666666666666666,0.16666666666666666,0.0,0.16666666666666666,0.0,0.0,0.0,0.0,0.16666666666666666,0.16666666666666666,0.16666666666666666,0.0,0.0,0.0,0.0,0.0,0.0,0.0,0.0,0.0,0.0,0.0,0.0,0.0
1,0.15789473684210525,0.0,0.15789473684210525,0.0,0.0,0.0,0.0,0.05263157894736842,0.0,0.0,0.15789473684210525,0.05263157894736842,0.21052631578947367,0.0,0.05263157894736842,0.0,0.0,0.0,0.0,0.0,0.05263157894736842,0.0,0.0,0.0,0.10526315789473684,0.0,0.0,0.3333333333333333,0.0,0.0,0.0,0.0,0.05555555555555555,0.0,0.0,0.2777777777777778,0.0,0.05555555555555555,0.0,0.1111111111111111,0.0,0.0,0.0,0.0,0.0,0.1111111111111111,0.0,0.0,0.0,0.05555555555555555,0.11764705882352941,0.0,0.17647058823529413,0.0,0.058823529411764705,0.058823529411764705,0.0,0.0,0.0,0.0,0.11764705882352941,0.0,0.17647058823529413,0.0,0.11764705882352941,0.0,0.0,0.0,0.0,0.0,0.11764705882352941,0.0,0.058823529411764705,0.0,0.0,0.1875,0.0,0.0,0.0,0.125,0.0625,0.0,0.0,0.0,0.0,0.125,0.0,0.25,0.0,0.0625,0.0,0.0,0.0,0.0,0.0,0.0625,0.0,0.125,0.0,0.0,0.06666666666666667,0.0,0.06666666666666667,0.0,0.13333333333333333,0.0,0.0,0.06666666666666667,0.0,0.0,0.26666666666666666,0.0,0.13333333333333333,0.0,0.06666666666666667,0.0,0.0,0.0,0.0,0.0,0.06666666666666667,0.0,0.13333333333333333,0.0,0.0,0.07142857142857142,0.0,0.14285714285714285,0.0,0.07142857142857142,0.0,0.0,0.07142857142857142,0.0,0.0,0.14285714285714285,0.0,0.14285714285714285,0.0,0.14285714285714285,0.0,0.0,0.0,0.0,0.0,0.14285714285714285,0.0,0.07142857142857142,0.0,0.0
1,0.2608695652173913,0.0,0.0,0.0,0.2608695652173913,0.0,0.0,0.0,0.0,0.0,0.21739130434782608,0.0,0.0,0.0,0.0,0.0,0.0,0.0,0.0,0.0,0.0,0.0,0.2608695652173913,0.0,0.0,0.0,0.0,0.2727272727272727,0.0,0.2727272727272727,0.0,0.0,0.0,0.0,0.0,0.22727272727272727,0.0,0.0,0.0,0.0,0.0,0.0,0.0,0.0,0.0,0.22727272727272727,0.0,0.0,0.0,0.0,0.23809523809523808,0.0,0.2857142857142857,0.0,0.0,0.0,0.0,0.0,0.0,0.0,0.0,0.0,0.0,0.0,0.23809523809523808,0.0,0.0,0.0,0.0,0.0,0.23809523809523808,0.0,0.0,0.0,0.0,0.5,0.0,0.0,0.0,0.0,0.0,0.0,0.0,0.0,0.0,0.0,0.0,0.25,0.0,0.0,0.0,0.0,0.0,0.0,0.0,0.0,0.0,0.0,0.0,0.25,0.2631578947368421,0.0,0.0,0.0,0.2631578947368421,0.0,0.0,0.0,0.0,0.0,0.21052631578947367,0.0,0.0,0.0,0.0,0.0,0.0,0.0,0.0,0.0,0.0,0.0,0.2631578947368421,0.0,0.0,0.0,0.0,0.2777777777777778,0.0,0.2777777777777778,0.0,0.0,0.0,0.0,0.0,0.2222222222222222,0.0,0.0,0.0,0.0,0.0,0.0,0.0,0.0,0.0,0.2222222222222222,0.0,0.0,0.0,0.0
1,0.3333333333333333,0.0,0.25,0.0,0.0,0.08333333333333333,0.0,0.0,0.0,0.0,0.25,0.0,0.08333333333333333,0.0,0.0,0.0,0.0,0.0,0.0,0.0,0.0,0.0,0.0,0.0,0.0,0.2727272727272727,0.0,0.2727272727272727,0.0,0.0,0.0,0.0,0.09090909090909091,0.0,0.0,0.36363636363636365,0.0,0.0,0.0,0.0,0.0,0.0,0.0,0.0,0.0,0.0,0.0,0.0,0.0,0.0,0.4,0.0,0.2,0.0,0.0,0.1,0.0,0.0,0.0,0.0,0.2,0.0,0.1,0.0,0.0,0.0,0.0,0.0,0.0,0.0,0.0,0.0,0.0,0.0,0.0,0.4444444444444444,0.0,0.1111111111111111,0.0,0.0,0.1111111111111111,0.0,0.0,0.0,0.0,0.1111111111111111,0.0,0.2222222222222222,0.0,0.0,0.0,0.0,0.0,0.0,0.0,0.0,0.0,0.0,0.0,0.0,0.375,0.0,0.125,0.0,0.0,0.0,0.0,0.125,0.0,0.0,0.25,0.0,0.125,0.0,0.0,0.0,0.0,0.0,0.0,0.0,0.0,0.0,0.0,0.0,0.0,0.2857142857142857,0.0,0.14285714285714285,0.0,0.0,0.0,0.0,0.14285714285714285,0.0,0.0,0.42857142857142855,0.0,0.0,0.0,0.0,0.0,0.0,0.0,0.0,0.0,0.0,0.0,0.0,0.0,0.0
1,0.0,0.0,0.0,0.0,0.0,0.0,0.16666666666666666,0.08333333333333333,0.0,0.16666666666666666,0.0,0.08333333333333333,0.3333333333333333,0.0,0.0,0.0,0.0,0.0,0.0,0.0,0.0,0.16666666666666666,0.0,0.0,0.0,0.0,0.0,0.0,0.0,0.0,0.0,0.2727272727272727,0.09090909090909091,0.0,0.09090909090909091,0.0,0.09090909090909091,0.18181818181818182,0.0,0.09090909090909091,0.0,0.0,0.0,0.0,0.0,0.0,0.09090909090909091,0.09090909090909091,0.0,0.0,0.0,0.0,0.0,0.0,0.0,0.0,0.2,0.2,0.0,0.1,0.0,0.2,0.0,0.0,0.1,0.0,0.0,0.0,0.0,0.0,0.0,0.1,0.1,0.0,0.0,0.0,0.0,0.0,0.0,0.0,0.0,0.2222222222222222,0.2222222222222222,0.0,0.0,0.0,0.2222222222222222,0.0,0.0,0.1111111111111111,0.0,0.0,0.0,0.0,0.0,0.0,0.0,0.1111111111111111,0.0,0.1111111111111111,0.0,0.0,0.0,0.0,0.0,0.0,0.0,0.375,0.0,0.125,0.0,0.375,0.0,0.0,0.0,0.0,0.0,0.0,0.0,0.0,0.0,0.125,0.0,0.0,0.0,0.0,0.0,0.0,0.0,0.0,0.0,0.14285714285714285,0.2857142857142857,0.0,0.0,0.0,0.2857142857142857,0.0,0.0,0.14285714285714285,0.0,0.0,0.0,0.0,0.0,0.0,0.0,0.14285714285714285,0.0,0.0
1,0.13793103448275862,0.034482758620689655,0.1724137931034483,0.034482758620689655,0.06896551724137931,0.0,0.0,0.0,0.0,0.0,0.20689655172413793,0.0,0.13793103448275862,0.034482758620689655,0.0,0.06896551724137931,0.0,0.0,0.034482758620689655,0.0,0.0,0.0,0.06896551724137931,0.0,0.0,0.10714285714285714,0.03571428571428571,0.17857142857142858,0.07142857142857142,0.03571428571428571,0.0,0.0,0.0,0.0,0.0,0.25,0.0,0.14285714285714285,0.0,0.0,0.03571428571428571,0.0,0.0,0.03571428571428571,0.03571428571428571,0.03571428571428571,0.0,0.03571428571428571,0.0,0.0,0.18518518518518517,0.037037037037037035,0.14814814814814814,0.037037037037037035,0.0,0.0,0.0,0.0,0.0,0.0,0.18518518518518517,0.0,0.14814814814814814,0.037037037037037035,0.037037037037037035,0.0,0.0,0.037037037037037035,0.037037037037037035,0.037037037037037035,0.037037037037037035,0.0,0.037037037037037035,0.0,0.0,0.19230769230769232,0.0,0.07692307692307693,0.038461538461538464,0.07692307692307693,0.0,0.0,0.0,0.0,0.0,0.15384615384615385,0.038461538461538464,0.15384615384615385,0.07692307692307693,0.0,0.038461538461538464,0.0,0.07692307692307693,0.0,0.0,0.038461538461538464,0.0,0.038461538461538464,0.0,0.0,0.12,0.0,0.2,0.08,0.0,0.0,0.0,0.0,0.0,0.0,0.16,0.04,0.12,0.04,0.04,0.04,0.0,0.04,0.0,0.04,0.08,0.0,0.0,0.0,0.0,0.16666666666666666,0.0,0.16666666666666666,0.041666666666666664,0.041666666666666664,0.0,0.0,0.0,0.0,0.0,0.125,0.0,0.125,0.08333333333333333,0.041666666666666664,0.08333333333333333,0.0,0.041666666666666664,0.0,0.0,0.0,0.041666666666666664,0.041666666666666664,0.0,0.0
1,0.45454545454545453,0.0,0.18181818181818182,0.0,0.0,0.09090909090909091,0.0,0.0,0.0,0.0,0.18181818181818182,0.0,0.09090909090909091,0.0,0.0,0.0,0.0,0.0,0.0,0.0,0.0,0.0,0.0,0.0,0.0,0.3,0.0,0.3,0.0,0.0,0.1,0.0,0.0,0.0,0.0,0.3,0.0,0.0,0.0,0.0,0.0,0.0,0.0,0.0,0.0,0.0,0.0,0.0,0.0,0.0,0.4444444444444444,0.0,0.2222222222222222,0.0,0.0,0.1111111111111111,0.0,0.0,0.0,0.0,0.1111111111111111,0.0,0.1111111111111111,0.0,0.0,0.0,0.0,0.0,0.0,0.0,0.0,0.0,0.0,0.0,0.0,0.5,0.0,0.25,0.0,0.0,0.125,0.0,0.0,0.0,0.0,0.0,0.0,0.125,0.0,0.0,0.0,0.0,0.0,0.0,0.0,0.0,0.0,0.0,0.0,0.0,0.42857142857142855,0.0,0.2857142857142857,0.0,0.0,0.0,0.0,0.14285714285714285,0.0,0.0,0.14285714285714285,0.0,0.0,0.0,0.0,0.0,0.0,0.0,0.0,0.0,0.0,0.0,0.0,0.0,0.0,0.3333333333333333,0.0,0.3333333333333333,0.0,0.0,0.16666666666666666,0.0,0.0,0.0,0.0,0.16666666666666666,0.0,0.0,0.0,0.0,0.0,0.0,0.0,0.0,0.0,0.0,0.0,0.0,0.0,0.0
1,0.16666666666666666,0.08333333333333333,0.0,0.0,0.16666666666666666,0.08333333333333333,0.0,0.0,0.0,0.08333333333333333,0.0,0.0,0.0,0.0,0.08333333333333333,0.0,0.0,0.0,0.0,0.0,0.16666666666666666,0.08333333333333333,0.08333333333333333,0.0,0.0,0.18181818181818182,0.18181818181818182,0.0,0.0,0.09090909090909091,0.09090909090909091,0.0,0.09090909090909091,0.0,0.0,0.0,0.0,0.0,0.0,0.0,0.0,0.0,0.0,0.0,0.0,0.09090909090909091,0.0,0.0,0.0,0.2727272727272727,0.3,0.1,0.0,0.0,0.1,0.0,0.0,0.0,0.0,0.2,0.0,0.0,0.0,0.0,0.0,0.0,0.0,0.0,0.0,0.0,0.1,0.1,0.1,0.0,0.0,0.1111111111111111,0.1111111111111111,0.1111111111111111,0.0,0.2222222222222222,0.0,0.1111111111111111,0.0,0.0,0.0,0.0,0.0,0.0,0.0,0.0,0.0,0.0,0.0,0.0,0.0,0.2222222222222222,0.0,0.0,0.0,0.1111111111111111,0.125,0.125,0.125,0.0,0.25,0.0,0.0,0.0,0.0,0.125,0.0,0.0,0.0,0.0,0.0,0.0,0.0,0.0,0.0,0.0,0.125,0.125,0.0,0.0,0.0,0.14285714285714285,0.14285714285714285,0.0,0.0,0.2857142857142857,0.0,0.0,0.14285714285714285,0.0,0.0,0.0,0.0,0.0,0.0,0.0,0.0,0.0,0.0,0.0,0.0,0.14285714285714285,0.0,0.0,0.0,0.14285714285714285
1,0.35714285714285715,0.0,0.0,0.0,0.21428571428571427,0.07142857142857142,0.0,0.0,0.0,0.0,0.07142857142857142,0.0,0.0,0.0,0.0,0.0,0.0,0.0,0.0,0.0,0.07142857142857142,0.07142857142857142,0.07142857142857142,0.0,0.07142857142857142,0.3076923076923077,0.0,0.07692307692307693,0.0,0.23076923076923078,0.0,0.0,0.0,0.0,0.07692307692307693,0.07692307692307693,0.0,0.0,0.0,0.0,0.0,0.0,0.0,0.0,0.0,0.15384615384615385,0.07692307692307693,0.0,0.0,0.0,0.25,0.08333333333333333,0.0,0.0,0.25,0.0,0.0,0.08333333333333333,0.0,0.0,0.08333333333333333,0.0,0.0,0.0,0.0,0.0,0.0,0.0,0.0,0.0,0.16666666666666666,0.0,0.0,0.0,0.08333333333333333,0.2727272727272727,0.09090909090909091,0.0,0.0,0.18181818181818182,0.09090909090909091,0.0,0.0,0.0,0.0,0.09090909090909091,0.0,0.0,0.0,0.0,0.0,0.0,0.0,0.0,0.0,0.09090909090909091,0.0,0.09090909090909091,0.0,0.09090909090909091,0.3,0.1,0.0,0.0,0.1,0.1,0.0,0.0,0.0,0.0,0.0,0.0,0.0,0.0,0.1,0.0,0.0,0.0,0.0,0.0,0.2,0.0,0.1,0.0,0.0,0.2222222222222222,0.0,0.1111111111111111,0.0,0.1111111111111111,0.1111111111111111,0.0,0.0,0.0,0.0,0.1111111111111111,0.0,0.0,0.0,0.0,0.0,0.0,0.0,0.0,0.0,0.2222222222222222,0.0,0.0,0.0,0.1111111111111111
1,0.36363636363636365,0.030303030303030304,0.09090909090909091,0.030303030303030304,0.09090909090909091,0.0,0.0,0.030303030303030304,0.0,0.0,0.09090909090909091,0.0,0.030303030303030304,0.0,0.030303030303030304,0.0,0.0,0.0,0.0,0.030303030303030304,0.12121212121212122,0.0,0.0,0.0,0.06060606060606061,0.28125,0.03125,0.15625,0.03125,0.125,0.0,0.0,0.0,0.0,0.03125,0.15625,0.0,0.0,0.0,0.0,0.03125,0.0,0.0,0.0,0.0,0.09375,0.0,0.0,0.0,0.0625,0.41935483870967744,0.0,0.0967741935483871,0.03225806451612903,0.06451612903225806,0.03225806451612903,0.0,0.0,0.0,0.0,0.0967741935483871,0.0,0.03225806451612903,0.0,0.03225806451612903,0.0,0.0,0.0,0.0,0.03225806451612903,0.03225806451612903,0.0,0.03225806451612903,0.0,0.0967741935483871,0.43333333333333335,0.0,0.03333333333333333,0.03333333333333333,0.13333333333333333,0.03333333333333333,0.0,0.0,0.0,0.0,0.1,0.0,0.03333333333333333,0.0,0.03333333333333333,0.0,0.0,0.0,0.0,0.03333333333333333,0.03333333333333333,0.0,0.06666666666666667,0.0,0.03333333333333333,0.3793103448275862,0.0,0.06896551724137931,0.034482758620689655,0.1724137931034483,0.0,0.0,0.034482758620689655,0.0,0.0,0.13793103448275862,0.0,0.034482758620689655,0.0,0.0,0.034482758620689655,0.0,0.0,0.0,0.0,0.06896551724137931,0.0,0.0,0.0,0.034482758620689655,0.35714285714285715,0.0,0.10714285714285714,0.03571428571428571,0.14285714285714285,0.0,0.0,0.03571428571428571,0.0,0.0,0.17857142857142858,0.0,0.0,0.0,0.0,0.0,0.0,0.0,0.0,0.03571428571428571,0.07142857142857142,0.0,0.0,0.0,0.03571428571428571
1,0.044444444444444446,0.022222222222222223,0.044444444444444446,0.0,0.15555555555555556,0.0,0.0,0.0,0.0,0.044444444444444446,0.06666666666666667,0.0,0.0,0.0,0.06666666666666667,0.0,0.022222222222222223,0.0,0.0,0.0,0.15555555555555556,0.0,0.08888888888888889,0.022222222222222223,0.26666666666666666,0.09090909090909091,0.0,0.06818181818181818,0.0,0.11363636363636363,0.022727272727272728,0.0,0.022727272727272728,0.0,0.0,0.045454545454545456,0.0,0.0,0.0,0.09090909090909091,0.0,0.0,0.0,0.0,0.022727272727272728,0.11363636363636363,0.045454545454545456,0.045454545454545456,0.022727272727272728,0.29545454545454547,0.13953488372093023,0.0,0.023255813953488372,0.0,0.11627906976744186,0.0,0.0,0.0,0.0,0.023255813953488372,0.046511627906976744,0.023255813953488372,0.0,0.0,0.06976744186046512,0.0,0.0,0.023255813953488372,0.0,0.0,0.09302325581395349,0.023255813953488372,0.09302325581395349,0.023255813953488372,0.3023255813953488,0.047619047619047616,0.023809523809523808,0.023809523809523808,0.0,0.19047619047619047,0.0,0.0,0.023809523809523808,0.0,0.0,0.07142857142857142,0.0,0.0,0.0,0.07142857142857142,0.0,0.0,0.0,0.0,0.0,0.16666666666666666,0.023809523809523808,0.09523809523809523,0.023809523809523808,0.23809523809523808,0.04878048780487805,0.0,0.04878048780487805,0.0,0.1951219512195122,0.024390243902439025,0.0,0.0,0.0,0.0,0.024390243902439025,0.0,0.04878048780487805,0.0,0.07317073170731707,0.0,0.0,0.0,0.0,0.0,0.1951219512195122,0.04878048780487805,0.04878048780487805,0.024390243902439025,0.21951219512195122,0.15,0.0,0.025,0.025,0.1,0.0,0.0,0.0,0.0,0.025,0.05,0.0,0.025,0.0,0.075,0.0,0.0,0.0,0.0,0.0,0.1,0.05,0.1,0.0,0.275
1,0.125,0.0,0.08333333333333333,0.0,0.20833333333333334,0.041666666666666664,0.0,0.0,0.0,0.0,0.16666666666666666,0.0,0.0,0.0,0.041666666666666664,0.0,0.0,0.0,0.0,0.0,0.08333333333333333,0.041666666666666664,0.08333333333333333,0.0,0.125,0.13043478260869565,0.0,0.043478260869565216,0.0,0.2608695652173913,0.0,0.0,0.043478260869565216,0.0,0.0,0.043478260869565216,0.043478260869565216,0.043478260869565216,0.0,0.08695652173913043,0.0,0.0,0.0,0.0,0.0,0.21739130434782608,0.0,0.043478260869565216,0.0,0.043478260869565216,0.13636363636363635,0.045454545454545456,0.09090909090909091,0.0,0.13636363636363635,0.045454545454545456,0.0,0.0,0.0,0.0,0.13636363636363635,0.0,0.0,0.0,0.09090909090909091,0.0,0.0,0.0,0.0,0.0,0.09090909090909091,0.0,0.045454545454545456,0.0,0.18181818181818182,0.2857142857142857,0.0,0.0,0.0,0.14285714285714285,0.047619047619047616,0.0,0.0,0.0,0.0,0.0,0.047619047619047616,0.09523809523809523,0.0,0.09523809523809523,0.0,0.0,0.0,0.0,0.0,0.09523809523809523,0.0,0.047619047619047616,0.0,0.14285714285714285,0.1,0.0,0.05,0.0,0.25,0.05,0.0,0.0,0.0,0.0,0.15,0.0,0.0,0.0,0.1,0.0,0.0,0.0,0.0,0.0,0.15,0.0,0.1,0.0,0.05,0.15789473684210525,0.0,0.10526315789473684,0.0,0.15789473684210525,0.0,0.0,0.0,0.0,0.05263157894736842,0.10526315789473684,0.0,0.05263157894736842,0.0,0.05263157894736842,0.0,0.0,0.0,0.0,0.0,0.15789473684210525,0.0,0.0,0.0,0.15789473684210525
1,0.2903225806451613,0.03225806451612903,0.16129032258064516,0.0,0.0,0.03225806451612903,0.03225806451612903,0.03225806451612903,0.0,0.03225806451612903,0.12903225806451613,0.03225806451612903,0.0967741935483871,0.0,0.0,0.0,0.0,0.0,0.0,0.0,0.03225806451612903,0.0,0.0,0.0,0.0967741935483871,0.23333333333333334,0.0,0.23333333333333334,0.0,0.03333333333333333,0.03333333333333333,0.06666666666666667,0.0,0.0,0.03333333333333333,0.16666666666666666,0.03333333333333333,0.03333333333333333,0.0,0.0,0.0,0.0,0.0,0.0,0.0,0.06666666666666667,0.0,0.0,0.0,0.06666666666666667,0.3103448275862069,0.0,0.1724137931034483,0.0,0.034482758620689655,0.0,0.06896551724137931,0.0,0.0,0.06896551724137931,0.10344827586206896,0.0,0.10344827586206896,0.0,0.0,0.0,0.0,0.0,0.0,0.0,0.10344827586206896,0.0,0.0,0.0,0.034482758620689655,0.32142857142857145,0.0,0.14285714285714285,0.0,0.03571428571428571,0.03571428571428571,0.0,0.0,0.0,0.10714285714285714,0.03571428571428571,0.03571428571428571,0.14285714285714285,0.0,0.0,0.0,0.0,0.0,0.0,0.0,0.14285714285714285,0.0,0.0,0.0,0.0,0.18518518518518517,0.0,0.25925925925925924,0.0,0.037037037037037035,0.037037037037037035,0.037037037037037035,0.0,0.0,0.07407407407407407,0.14814814814814814,0.0,0.037037037037037035,0.0,0.037037037037037035,0.0,0.0,0.0,0.0,0.0,0.14814814814814814,0.0,0.0,0.0,0.0,0.2692307692307692,0.0,0.23076923076923078,0.0,0.0,0.038461538461538464,0.0,0.0,0.0,0.11538461538461539,0.11538461538461539,0.0,0.038461538461538464,0.0,0.038461538461538464,0.0,0.0,0.0,0.0,0.0,0.11538461538461539,0.0,0.038461538461538464,0.0,0.0
1,0.26666666666666666,0.06666666666666667,0.13333333333333333,0.0,0.06666666666666667,0.0,0.0,0.0,0.06666666666666667,0.0,0.13333333333333333,0.0,0.13333333333333333,0.0,0.0,0.06666666666666667,0.0,0.0,0.0,0.0,0.06666666666666667,0.0,0.0,0.0,0.0,0.07142857142857142,0.07142857142857142,0.2857142857142857,0.07142857142857142,0.07142857142857142,0.07142857142857142,0.0,0.0,0.0,0.0,0.21428571428571427,0.0,0.0,0.0,0.0,0.07142857142857142,0.0,0.0,0.0,0.0,0.07142857142857142,0.0,0.0,0.0,0.0,0.38461538461538464,0.0,0.15384615384615385,0.07692307692307693,0.0,0.07692307692307693,0.0,0.0,0.0,0.0,0.07692307692307693,0.0,0.0,0.0,0.07692307692307693,0.0,0.0,0.07692307692307693,0.0,0.0,0.0,0.0,0.07692307692307693,0.0,0.0,0.5,0.0,0.08333333333333333,0.0,0.0,0.0,0.0,0.08333333333333333,0.0,0.0,0.08333333333333333,0.0,0.0,0.0,0.08333333333333333,0.0,0.0,0.08333333333333333,0.0,0.0,0.0,0.0,0.08333333333333333,0.0,0.0,0.18181818181818182,0.0,0.2727272727272727,0.0,0.09090909090909091,0.0,0.0,0.09090909090909091,0.0,0.0,0.18181818181818182,0.0,0.0,0.0,0.0,0.09090909090909091,0.0,0.0,0.0,0.0,0.09090909090909091,0.0,0.0,0.0,0.0,0.2,0.0,0.3,0.0,0.1,0.1,0.0,0.0,0.0,0.0,0.1,0.0,0.1,0.0,0.0,0.1,0.0,0.0,0.0,0.0,0.0,0.0,0.0,0.0,0.0
1,0.09090909090909091,0.0,0.09090909090909091,0.09090909090909091,0.0,0.09090909090909091,0.18181818181818182,0.0,0.09090909090909091,0.0,0.09090909090909091,0.09090909090909091,0.0,0.0,0.0,0.0,0.09090909090909091,0.0,0.0,0.0,0.0,0.0,0.09090909090909091,0.0,0.0,0.1,0.0,0.0,0.1,0.0,0.1,0.1,0.1,0.1,0.0,0.1,0.1,0.0,0.0,0.0,0.0,0.1,0.0,0.0,0.0,0.0,0.1,0.0,0.0,0.0,0.1111111111111111,0.0,0.0,0.0,0.0,0.1111111111111111,0.2222222222222222,0.1111111111111111,0.0,0.0,0.0,0.0,0.0,0.2222222222222222,0.0,0.1111111111111111,0.0,0.0,0.0,0.0,0.0,0.1111111111111111,0.0,0.0,0.0,0.0,0.0,0.0,0.125,0.0,0.375,0.125,0.0,0.0,0.0,0.0,0.125,0.0,0.0,0.0,0.0,0.0,0.125,0.0,0.0,0.0,0.0,0.0,0.125,0.0,0.0,0.0,0.0,0.0,0.0,0.2857142857142857,0.0,0.14285714285714285,0.14285714285714285,0.0,0.0,0.14285714285714285,0.0,0.0,0.0,0.14285714285714285,0.0,0.0,0.0,0.0,0.0,0.14285714285714285,0.0,0.0,0.0,0.0,0.0,0.0,0.0,0.0,0.16666666666666666,0.0,0.16666666666666666,0.16666666666666666,0.0,0.16666666666666666,0.0,0.0,0.0,0.0,0.16666666666666666,0.0,0.0,0.0,0.0,0.0,0.16666666666666666,0.0,0.0,0.0
1,0.15789473684210525,0.05263157894736842,0.15789473684210525,0.0,0.0,0.05263157894736842,0.0,0.10526315789473684,0.0,0.0,0.10526315789473684,0.15789473684210525,0.10526315789473684,0.0,0.05263157894736842,0.0,0.0,0.0,0.0,0.0,0.05263157894736842,0.0,0.0,0.0,0.0,0.1111111111111111,0.05555555555555555,0.16666666666666666,0.0,0.05555555555555555,0.05555555555555555,0.0,0.1111111111111111,0.0,0.0,0.2222222222222222,0.1111111111111111,0.05555555555555555,0.0,0.0,0.0,0.0,0.0,0.0,0.0,0.0,0.0,0.05555555555555555,0.0,0.0,0.17647058823529413,0.11764705882352941,0.11764705882352941,0.0,0.0,0.058823529411764705,0.058823529411764705,0.0,0.0,0.058823529411764705,0.17647058823529413,0.0,0.17647058823529413,0.0,0.0,0.0,0.0,0.0,0.0,0.0,0.0,0.0,0.058823529411764705,0.0,0.0,0.125,0.0625,0.1875,0.0,0.0,0.125,0.0,0.0625,0.0,0.0,0.125,0.0625,0.125,0.0,0.0625,0.0,0.0,0.0,0.0,0.0,0.0,0.0625,0.0,0.0,0.0,0.13333333333333333,0.06666666666666667,0.13333333333333333,0.0,0.06666666666666667,0.06666666666666667,0.0,0.13333333333333333,0.0,0.0,0.2,0.06666666666666667,0.13333333333333333,0.0,0.0,0.0,0.0,0.0,0.0,0.0,0.0,0.0,0.0,0.0,0.0,0.21428571428571427,0.07142857142857142,0.07142857142857142,0.0,0.07142857142857142,0.14285714285714285,0.0,0.07142857142857142,0.0,0.0,0.07142857142857142,0.07142857142857142,0.21428571428571427,0.0,0.0,0.0,0.0,0.0,0.0,0.0,0.0,0.0,0.0,0.0,0.0
1,0.3076923076923077,0.0,0.23076923076923078,0.0,0.0,0.07692307692307693,0.0,0.0,0.0,0.0,0.23076923076923078,0.0,0.15384615384615385,0.0,0.0,0.0,0.0,0.0,0.0,0.0,0.0,0.0,0.0,0.0,0.0,0.16666666666666666,0.0,0.3333333333333333,0.0,0.0,0.0,0.0,0.08333333333333333,0.0,0.0,0.4166666666666667,0.0,0.0,0.0,0.0,0.0,0.0,0.0,0.0,0.0,0.0,0.0,0.0,0.0,0.0,0.36363636363636365,0.0,0.09090909090909091,0.0,0.0,0.0,0.0,0.09090909090909091,0.0,0.0,0.2727272727272727,0.0,0.18181818181818182,0.0,0.0,0.0,0.0,0.0,0.0,0.0,0.0,0.0,0.0,0.0,0.0,0.5,0.0,0.0,0.0,0.0,0.1,0.0,0.0,0.0,0.0,0.1,0.0,0.3,0.0,0.0,0.0,0.0,0.0,0.0,0.0,0.0,0.0,0.0,0.0,0.0,0.2222222222222222,0.0,0.2222222222222222,0.0,0.0,0.1111111111111111,0.0,0.0,0.0,0.0,0.3333333333333333,0.0,0.1111111111111111,0.0,0.0,0.0,0.0,0.0,0.0,0.0,0.0,0.0,0.0,0.0,0.0,0.125,0.0,0.25,0.0,0.0,0.0,0.0,0.125,0.0,0.0,0.5,0.0,0.0,0.0,0.0,0.0,0.0,0.0,0.0,0.0,0.0,0.0,0.0,0.0,0.0
1,0.17391304347826086,0.0,0.13043478260869565,0.0,0.13043478260869565,0.08695652173913043,0.0,0.043478260869565216,0.0,0.0,0.13043478260869565,0.043478260869565216,0.043478260869565216,0.0,0.043478260869565216,0.0,0.0,0.0,0.0,0.0,0.043478260869565216,0.043478260869565216,0.043478260869565216,0.0,0.043478260869565216,0.09090909090909091,0.09090909090909091,0.18181818181818182,0.0,0.09090909090909091,0.0,0.0,0.045454545454545456,0.0,0.09090909090909091,0.18181818181818182,0.0,0.0,0.0,0.045454545454545456,0.0,0.0,0.0,0.0,0.0,0.13636363636363635,0.0,0.045454545454545456,0.0,0.0,0.23809523809523808,0.047619047619047616,0.19047619047619047,0.0,0.0,0.047619047619047616,0.0,0.0,0.0,0.047619047619047616,0.09523809523809523,0.047619047619047616,0.047619047619047616,0.0,0.047619047619047616,0.0,0.0,0.0,0.0,0.0,0.047619047619047616,0.0,0.0,0.0,0.14285714285714285,0.25,0.05,0.05,0.0,0.15,0.1,0.0,0.0,0.0,0.0,0.05,0.0,0.15,0.0,0.05,0.0,0.0,0.0,0.0,0.0,0.0,0.05,0.05,0.0,0.05,0.15789473684210525,0.05263157894736842,0.05263157894736842,0.0,0.21052631578947367,0.05263157894736842,0.0,0.05263157894736842,0.0,0.0,0.10526315789473684,0.05263157894736842,0.05263157894736842,0.0,0.05263157894736842,0.0,0.0,0.0,0.0,0.0,0.05263157894736842,0.0,0.10526315789473684,0.0,0.0,0.16666666666666666,0.05555555555555555,0.16666666666666666,0.0,0.1111111111111111,0.0,0.0,0.05555555555555555,0.0,0.05555555555555555,0.16666666666666666,0.05555555555555555,0.0,0.0,0.0,0.0,0.0,0.0,0.0,0.0,0.05555555555555555,0.0,0.0,0.0,0.1111111111111111
1,0.12903225806451613,0.03225806451612903,0.0,0.03225806451612903,0.16129032258064516,0.03225806451612903,0.0,0.0,0.0,0.03225806451612903,0.0,0.0,0.0,0.0,0.03225806451612903,0.0,0.0,0.0,0.0,0.03225806451612903,0.16129032258064516,0.03225806451612903,0.03225806451612903,0.0,0.2903225806451613,0.13333333333333333,0.03333333333333333,0.0,0.0,0.2,0.0,0.0,0.0,0.0,0.06666666666666667,0.0,0.0,0.0,0.0,0.03333333333333333,0.0,0.0,0.0,0.0,0.03333333333333333,0.16666666666666666,0.03333333333333333,0.03333333333333333,0.03333333333333333,0.23333333333333334,0.10344827586206896,0.0,0.0,0.0,0.27586206896551724,0.0,0.0,0.0,0.0,0.034482758620689655,0.034482758620689655,0.0,0.0,0.0,0.0,0.034482758620689655,0.0,0.0,0.0,0.0,0.13793103448275862,0.06896551724137931,0.034482758620689655,0.034482758620689655,0.2413793103448276,0.10714285714285714,0.0,0.03571428571428571,0.03571428571428571,0.21428571428571427,0.0,0.0,0.0,0.0,0.03571428571428571,0.0,0.0,0.0,0.0,0.03571428571428571,0.0,0.03571428571428571,0.0,0.0,0.0,0.21428571428571427,0.03571428571428571,0.0,0.0,0.25,0.07407407407407407,0.037037037037037035,0.037037037037037035,0.037037037037037035,0.18518518518518517,0.0,0.0,0.0,0.0,0.037037037037037035,0.0,0.037037037037037035,0.0,0.0,0.0,0.037037037037037035,0.0,0.0,0.0,0.0,0.18518518518518517,0.0,0.0,0.0,0.3333333333333333,0.038461538461538464,0.0,0.038461538461538464,0.0,0.3076923076923077,0.038461538461538464,0.0,0.0,0.0,0.0,0.0,0.0,0.0,0.0,0.038461538461538464,0.0,0.0,0.0,0.0,0.038461538461538464,0.23076923076923078,0.07692307692307693,0.0,0.0,0.19230769230769232
1,0.23529411764705882,0.058823529411764705,0.058823529411764705,0.058823529411764705,0.17647058823529413,0.11764705882352941,0.0,0.0,0.0,0.0,0.058823529411764705,0.0,0.058823529411764705,0.0,0.0,0.0,0.058823529411764705,0.0,0.0,0.0,0.11764705882352941,0.0,0.0,0.0,0.0,0.25,0.0625,0.0625,0.0,0.1875,0.0,0.0,0.0625,0.0625,0.0,0.125,0.0,0.0,0.0,0.0,0.0625,0.0,0.0,0.0,0.0,0.125,0.0,0.0,0.0,0.0,0.4,0.0,0.0,0.06666666666666667,0.06666666666666667,0.0,0.06666666666666667,0.06666666666666667,0.0,0.0,0.13333333333333333,0.0,0.0,0.0,0.0,0.0,0.0,0.06666666666666667,0.0,0.0,0.0,0.0,0.0,0.0,0.13333333333333333,0.2857142857142857,0.07142857142857142,0.07142857142857142,0.0,0.14285714285714285,0.14285714285714285,0.0,0.0,0.0,0.0,0.07142857142857142,0.0,0.0,0.0,0.07142857142857142,0.0,0.0,0.07142857142857142,0.0,0.0,0.07142857142857142,0.0,0.0,0.0,0.0,0.3076923076923077,0.0,0.07692307692307693,0.0,0.15384615384615385,0.07692307692307693,0.0,0.07692307692307693,0.0,0.0,0.07692307692307693,0.0,0.0,0.0,0.07692307692307693,0.07692307692307693,0.0,0.0,0.0,0.0,0.07692307692307693,0.0,0.0,0.0,0.0,0.25,0.0,0.08333333333333333,0.0,0.16666666666666666,0.08333333333333333,0.0,0.08333333333333333,0.0,0.0,0.16666666666666666,0.0,0.0,0.0,0.0,0.08333333333333333,0.0,0.0,0.0,0.0,0.0,0.0,0.0,0.0,0.08333333333333333
1,0.16666666666666666,0.041666666666666664,0.125,0.0,0.08333333333333333,0.08333333333333333,0.041666666666666664,0.041666666666666664,0.0,0.0,0.16666666666666666,0.08333333333333333,0.08333333333333333,0.0,0.0,0.0,0.0,0.0,0.0,0.0,0.041666666666666664,0.0,0.041666666666666664,0.0,0.0,0.17391304347826086,0.043478260869565216,0.17391304347826086,0.0,0.043478260869565216,0.0,0.0,0.13043478260869565,0.0,0.0,0.2608695652173913,0.043478260869565216,0.0,0.0,0.043478260869565216,0.0,0.0,0.0,0.0,0.0,0.043478260869565216,0.043478260869565216,0.0,0.0,0.0,0.22727272727272727,0.09090909090909091,0.045454545454545456,0.0,0.045454545454545456,0.045454545454545456,0.045454545454545456,0.045454545454545456,0.0,0.0,0.09090909090909091,0.0,0.22727272727272727,0.0,0.045454545454545456,0.0,0.0,0.0,0.0,0.0,0.09090909090909091,0.0,0.0,0.0,0.0,0.3333333333333333,0.047619047619047616,0.047619047619047616,0.0,0.0,0.047619047619047616,0.047619047619047616,0.0,0.0,0.047619047619047616,0.09523809523809523,0.047619047619047616,0.19047619047619047,0.0,0.047619047619047616,0.0,0.0,0.0,0.0,0.0,0.0,0.0,0.047619047619047616,0.0,0.0,0.15,0.05,0.15,0.0,0.05,0.0,0.0,0.1,0.0,0.05,0.35,0.05,0.0,0.0,0.0,0.0,0.0,0.0,0.0,0.0,0.0,0.0,0.05,0.0,0.0,0.21052631578947367,0.0,0.10526315789473684,0.0,0.05263157894736842,0.05263157894736842,0.0,0.10526315789473684,0.0,0.0,0.21052631578947367,0.05263157894736842,0.10526315789473684,0.0,0.05263157894736842,0.0,0.0,0.0,0.0,0.0,0.05263157894736842,0.0,0.0,0.0,0.0
1,0.25,0.08333333333333333,0.125,0.0,0.041666666666666664,0.041666666666666664,0.0,0.08333333333333333,0.0,0.0,0.20833333333333334,0.0,0.125,0.0,0.0,0.0,0.0,0.0,0.0,0.0,0.0,0.0,0.041666666666666664,0.0,0.0,0.17391304347826086,0.043478260869565216,0.2608695652173913,0.0,0.043478260869565216,0.08695652173913043,0.043478260869565216,0.0,0.0,0.0,0.21739130434782608,0.0,0.08695652173913043,0.0,0.0,0.0,0.0,0.0,0.0,0.0,0.0,0.0,0.043478260869565216,0.0,0.0,0.36363636363636365,0.0,0.13636363636363635,0.0,0.045454545454545456,0.09090909090909091,0.0,0.045454545454545456,0.0,0.0,0.045454545454545456,0.045454545454545456,0.18181818181818182,0.0,0.0,0.0,0.0,0.0,0.0,0.0,0.0,0.0,0.045454545454545456,0.0,0.0,0.3333333333333333,0.047619047619047616,0.19047619047619047,0.0,0.0,0.047619047619047616,0.0,0.09523809523809523,0.0,0.0,0.14285714285714285,0.0,0.047619047619047616,0.0,0.047619047619047616,0.0,0.0,0.0,0.0,0.0,0.0,0.0,0.047619047619047616,0.0,0.0,0.15,0.05,0.35,0.0,0.05,0.15,0.0,0.0,0.0,0.0,0.2,0.0,0.05,0.0,0.0,0.0,0.0,0.0,0.0,0.0,0.0,0.0,0.0,0.0,0.0,0.2631578947368421,0.0,0.2631578947368421,0.0,0.05263157894736842,0.10526315789473684,0.0,0.05263157894736842,0.0,0.0,0.10526315789473684,0.05263157894736842,0.10526315789473684,0.0,0.0,0.0,0.0,0.0,0.0,0.0,0.0,0.0,0.0,0.0,0.0
1,0.0,0.0,0.04,0.08,0.08,0.04,0.08,0.0,0.0,0.04,0.0,0.0,0.28,0.04,0.04,0.08,0.04,0.0,0.0,0.0,0.08,0.0,0.04,0.0,0.04,0.041666666666666664,0.041666666666666664,0.041666666666666664,0.0,0.041666666666666664,0.041666666666666664,0.041666666666666664,0.041666666666666664,0.0,0.041666666666666664,0.041666666666666664,0.0,0.25,0.041666666666666664,0.041666666666666664,0.0,0.041666666666666664,0.0,0.041666666666666664,0.041666666666666664,0.041666666666666664,0.0,0.041666666666666664,0.041666666666666664,0.041666666666666664,0.043478260869565216,0.043478260869565216,0.043478260869565216,0.0,0.043478260869565216,0.043478260869565216,0.0,0.043478260869565216,0.0,0.08695652173913043,0.043478260869565216,0.0,0.21739130434782608,0.08695652173913043,0.043478260869565216,0.0,0.08695652173913043,0.0,0.0,0.0,0.043478260869565216,0.0,0.043478260869565216,0.043478260869565216,0.043478260869565216,0.0,0.045454545454545456,0.045454545454545456,0.045454545454545456,0.0,0.045454545454545456,0.0,0.045454545454545456,0.0,0.09090909090909091,0.045454545454545456,0.045454545454545456,0.18181818181818182,0.09090909090909091,0.045454545454545456,0.0,0.045454545454545456,0.0,0.0,0.045454545454545456,0.09090909090909091,0.0,0.045454545454545456,0.0,0.045454545454545456,0.047619047619047616,0.0,0.047619047619047616,0.0,0.047619047619047616,0.047619047619047616,0.0,0.047619047619047616,0.0,0.09523809523809523,0.047619047619047616,0.09523809523809523,0.19047619047619047,0.047619047619047616,0.047619047619047616,0.047619047619047616,0.047619047619047616,0.0,0.0,0.0,0.0,0.0,0.0,0.09523809523809523,0.047619047619047616,0.05,0.0,0.0,0.0,0.1,0.05,0.0,0.05,0.05,0.05,0.0,0.15,0.2,0.1,0.0,0.0,0.0,0.0,0.0,0.1,0.1,0.0,0.0,0.0,0.0
1,0.5789473684210527,0.0,0.0,0.0,0.10526315789473684,0.0,0.0,0.0,0.0,0.0,0.0,0.0,0.0,0.0,0.0,0.0,0.0,0.0,0.0,0.0,0.10526315789473684,0.0,0.0,0.0,0.21052631578947367,0.5555555555555556,0.0,0.0,0.0,0.1111111111111111,0.0,0.0,0.0,0.0,0.0,0.0,0.0,0.0,0.0,0.0,0.0,0.0,0.0,0.0,0.0,0.16666666666666666,0.0,0.0,0.0,0.16666666666666666,0.5294117647058824,0.0,0.0,0.0,0.11764705882352941,0.0,0.0,0.0,0.0,0.0,0.0,0.0,0.0,0.0,0.0,0.0,0.0,0.0,0.0,0.0,0.17647058823529413,0.0,0.0,0.0,0.17647058823529413,0.5,0.0,0.0,0.0,0.125,0.0,0.0,0.0,0.0,0.0,0.0,0.0,0.0,0.0,0.0,0.0,0.0,0.0,0.0,0.0,0.25,0.0,0.0,0.0,0.125,0.5333333333333333,0.0,0.0,0.0,0.06666666666666667,0.0,0.0,0.0,0.0,0.0,0.0,0.0,0.0,0.0,0.0,0.0,0.0,0.0,0.0,0.0,0.26666666666666666,0.0,0.0,0.0,0.13333333333333333,0.5,0.0,0.0,0.0,0.07142857142857142,0.0,0.0,0.0,0.0,0.0,0.0,0.0,0.0,0.0,0.0,0.0,0.0,0.0,0.0,0.0,0.35714285714285715,0.0,0.0,0.0,0.07142857142857142
1,0.08333333333333333,0.16666666666666666,0.16666666666666666,0.0,0.0,0.16666666666666666,0.0,0.08333333333333333,0.0,0.0,0.25,0.0,0.08333333333333333,0.0,0.0,0.0,0.0,0.0,0.0,0.0,0.0,0.0,0.0,0.0,0.0,0.2727272727272727,0.0,0.09090909090909091,0.0,0.0,0.0,0.0,0.2727272727272727,0.0,0.0,0.18181818181818182,0.18181818181818182,0.0,0.0,0.0,0.0,0.0,0.0,0.0,0.0,0.0,0.0,0.0,0.0,0.0,0.0,0.2,0.2,0.0,0.0,0.3,0.0,0.0,0.0,0.0,0.2,0.0,0.1,0.0,0.0,0.0,0.0,0.0,0.0,0.0,0.0,0.0,0.0,0.0,0.0,0.3333333333333333,0.0,0.1111111111111111,0.0,0.0,0.1111111111111111,0.2222222222222222,0.0,0.0,0.0,0.0,0.0,0.2222222222222222,0.0,0.0,0.0,0.0,0.0,0.0,0.0,0.0,0.0,0.0,0.0,0.0,0.125,0.125,0.25,0.0,0.0,0.125,0.0,0.125,0.0,0.0,0.25,0.0,0.0,0.0,0.0,0.0,0.0,0.0,0.0,0.0,0.0,0.0,0.0,0.0,0.0,0.2857142857142857,0.0,0.14285714285714285,0.0,0.0,0.0,0.0,0.2857142857142857,0.0,0.0,0.14285714285714285,0.14285714285714285,0.0,0.0,0.0,0.0,0.0,0.0,0.0,0.0,0.0,0.0,0.0,0.0,0.0
1,0.0,0.0,0.034482758620689655,0.10344827586206896,0.10344827586206896,0.034482758620689655,0.0,0.0,0.0,0.06896551724137931,0.0,0.0,0.034482758620689655,0.0,0.06896551724137931,0.0,0.06896551724137931,0.0,0.0,0.06896551724137931,0.1724137931034483,0.034482758620689655,0.034482758620689655,0.034482758620689655,0.13793103448275862,0.03571428571428571,0.03571428571428571,0.03571428571428571,0.0,0.14285714285714285,0.03571428571428571,0.0,0.03571428571428571,0.0,0.03571428571428571,0.03571428571428571,0.0,0.0,0.0,0.03571428571428571,0.03571428571428571,0.03571428571428571,0.0,0.0,0.07142857142857142,0.07142857142857142,0.03571428571428571,0.03571428571428571,0.10714285714285714,0.17857142857142858,0.07407407407407407,0.037037037037037035,0.037037037037037035,0.037037037037037035,0.07407407407407407,0.037037037037037035,0.0,0.0,0.0,0.07407407407407407,0.0,0.0,0.0,0.037037037037037035,0.0,0.07407407407407407,0.0,0.037037037037037035,0.0,0.037037037037037035,0.037037037037037035,0.037037037037037035,0.037037037037037035,0.037037037037037035,0.2962962962962963,0.038461538461538464,0.0,0.038461538461538464,0.07692307692307693,0.11538461538461539,0.038461538461538464,0.0,0.038461538461538464,0.0,0.038461538461538464,0.0,0.0,0.0,0.0,0.038461538461538464,0.0,0.0,0.0,0.0,0.15384615384615385,0.11538461538461539,0.07692307692307693,0.038461538461538464,0.038461538461538464,0.15384615384615385,0.0,0.08,0.0,0.0,0.16,0.0,0.0,0.04,0.04,0.04,0.0,0.0,0.0,0.0,0.04,0.12,0.0,0.04,0.0,0.0,0.08,0.0,0.0,0.08,0.28,0.125,0.0,0.0,0.0,0.125,0.0,0.0,0.0,0.0,0.125,0.041666666666666664,0.0,0.0,0.0,0.0,0.0,0.0,0.041666666666666664,0.08333333333333333,0.041666666666666664,0.041666666666666664,0.08333333333333333,0.041666666666666664,0.041666666666666664,0.20833333333333334
1,0.08333333333333333,0.0,0.0,0.0,0.08333333333333333,0.0,0.08333333333333333,0.16666666666666666,0.0,0.16666666666666666,0.0,0.08333333333333333,0.08333333333333333,0.0,0.0,0.0,0.0,0.0,0.0,0.0,0.0,0.25,0.0,0.0,0.0,0.0,0.09090909090909091,0.0,0.0,0.09090909090909091,0.0,0.2727272727272727,0.09090909090909091,0.0,0.09090909090909091,0.0,0.0,0.0,0.0,0.09090909090909091,0.0,0.0,0.0,0.0,0.0,0.0,0.09090909090909091,0.18181818181818182,0.0,0.0,0.0,0.1,0.1,0.0,0.0,0.0,0.2,0.1,0.0,0.1,0.0,0.1,0.0,0.0,0.0,0.0,0.0,0.0,0.0,0.0,0.0,0.1,0.1,0.0,0.1,0.0,0.1111111111111111,0.1111111111111111,0.0,0.0,0.0,0.1111111111111111,0.2222222222222222,0.0,0.1111111111111111,0.0,0.1111111111111111,0.0,0.0,0.0,0.0,0.0,0.0,0.0,0.0,0.0,0.1111111111111111,0.0,0.0,0.1111111111111111,0.0,0.125,0.0,0.0,0.125,0.0,0.25,0.125,0.0,0.0,0.0,0.0,0.0,0.0,0.125,0.0,0.0,0.0,0.0,0.0,0.0,0.125,0.125,0.0,0.0,0.0,0.14285714285714285,0.0,0.0,0.14285714285714285,0.0,0.0,0.14285714285714285,0.0,0.14285714285714285,0.0,0.14285714285714285,0.0,0.0,0.0,0.0,0.0,0.0,0.0,0.0,0.0,0.14285714285714285,0.14285714285714285,0.0,0.0
1,0.2727272727272727,0.0,0.2727272727272727,0.0,0.0,0.0,0.0,0.09090909090909091,0.0,0.0,0.18181818181818182,0.09090909090909091,0.09090909090909091,0.0,0.0,0.0,0.0,0.0,0.0,0.0,0.0,0.0,0.0,0.0,0.0,0.2,0.1,0.2,0.0,0.0,0.0,0.0,0.1,0.0,0.0,0.3,0.0,0.1,0.0,0.0,0.0,0.0,0.0,0.0,0.0,0.0,0.0,0.0,0.0,0.0,0.2222222222222222,0.0,0.2222222222222222,0.0,0.0,0.1111111111111111,0.0,0.0,0.0,0.0,0.2222222222222222,0.0,0.2222222222222222,0.0,0.0,0.0,0.0,0.0,0.0,0.0,0.0,0.0,0.0,0.0,0.0,0.25,0.0,0.25,0.0,0.0,0.125,0.0,0.0,0.0,0.0,0.25,0.0,0.125,0.0,0.0,0.0,0.0,0.0,0.0,0.0,0.0,0.0,0.0,0.0,0.0,0.2857142857142857,0.0,0.14285714285714285,0.0,0.0,0.14285714285714285,0.0,0.0,0.0,0.0,0.2857142857142857,0.0,0.14285714285714285,0.0,0.0,0.0,0.0,0.0,0.0,0.0,0.0,0.0,0.0,0.0,0.0,0.16666666666666666,0.0,0.16666666666666666,0.0,0.0,0.0,0.0,0.16666666666666666,0.0,0.0,0.5,0.0,0.0,0.0,0.0,0.0,0.0,0.0,0.0,0.0,0.0,0.0,0.0,0.0,0.0
1,0.4375,0.0,0.0625,0.0,0.125,0.0,0.0625,0.0,0.0,0.0625,0.0,0.0,0.0,0.0,0.0,0.0,0.0,0.0,0.0,0.0,0.1875,0.0,0.0,0.0,0.0625,0.3333333333333333,0.0,0.06666666666666667,0.0,0.2,0.06666666666666667,0.0,0.0,0.0,0.06666666666666667,0.0,0.0,0.0,0.0,0.0,0.0,0.0,0.0,0.0,0.0,0.26666666666666666,0.0,0.0,0.0,0.0,0.42857142857142855,0.0,0.0,0.0,0.14285714285714285,0.14285714285714285,0.0,0.0,0.0,0.0,0.0,0.0,0.0,0.0,0.0,0.0,0.0,0.0,0.0,0.0,0.14285714285714285,0.0,0.07142857142857142,0.0,0.07142857142857142,0.46153846153846156,0.0,0.07692307692307693,0.0,0.07692307692307693,0.07692307692307693,0.0,0.0,0.0,0.07692307692307693,0.0,0.0,0.0,0.0,0.0,0.0,0.0,0.0,0.0,0.0,0.15384615384615385,0.0,0.0,0.0,0.07692307692307693,0.4166666666666667,0.0,0.08333333333333333,0.0,0.08333333333333333,0.0,0.0,0.0,0.0,0.16666666666666666,0.0,0.0,0.0,0.0,0.0,0.0,0.0,0.0,0.0,0.0,0.25,0.0,0.0,0.0,0.0,0.36363636363636365,0.0,0.09090909090909091,0.0,0.09090909090909091,0.09090909090909091,0.0,0.0,0.0,0.09090909090909091,0.0,0.0,0.0,0.0,0.0,0.0,0.0,0.0,0.0,0.0,0.2727272727272727,0.0,0.0,0.0,0.0
1,0.11538461538461539,0.038461538461538464,0.038461538461538464,0.038461538461538464,0.07692307692307693,0.038461538461538464,0.038461538461538464,0.07692307692307693,0.0,0.038461538461538464,0.0,0.11538461538461539,0.038461538461538464,0.038461538461538464,0.038461538461538464,0.0,0.038461538461538464,0.038461538461538464,0.0,0.0,0.11538461538461539,0.0,0.038461538461538464,0.0,0.038461538461538464,0.08,0.04,0.08,0.04,0.08,0.0,0.0,0.08,0.04,0.08,0.08,0.12,0.0,0.0,0.0,0.0,0.0,0.08,0.0,0.0,0.12,0.04,0.0,0.0,0.04,0.08333333333333333,0.041666666666666664,0.08333333333333333,0.08333333333333333,0.041666666666666664,0.041666666666666664,0.125,0.041666666666666664,0.0,0.0,0.08333333333333333,0.0,0.08333333333333333,0.0,0.041666666666666664,0.0,0.041666666666666664,0.0,0.0,0.041666666666666664,0.08333333333333333,0.0,0.0,0.0,0.08333333333333333,0.08695652173913043,0.08695652173913043,0.08695652173913043,0.0,0.08695652173913043,0.043478260869565216,0.08695652173913043,0.043478260869565216,0.0,0.0,0.0,0.043478260869565216,0.08695652173913043,0.0,0.08695652173913043,0.08695652173913043,0.0,0.0,0.0,0.0,0.08695652173913043,0.0,0.0,0.043478260869565216,0.043478260869565216,0.09090909090909091,0.045454545454545456,0.13636363636363635,0.045454545454545456,0.045454545454545456,0.0,0.0,0.0,0.0,0.13636363636363635,0.045454545454545456,0.13636363636363635,0.0,0.0,0.045454545454545456,0.045454545454545456,0.0,0.045454545454545456,0.0,0.0,0.13636363636363635,0.0,0.045454545454545456,0.0,0.0,0.14285714285714285,0.09523809523809523,0.09523809523809523,0.0,0.047619047619047616,0.047619047619047616,0.0,0.047619047619047616,0.0,0.047619047619047616,0.09523809523809523,0.047619047619047616,0.0,0.0,0.047619047619047616,0.0,0.047619047619047616,0.0,0.0,0.047619047619047616,0.047619047619047616,0.0,0.047619047619047616,0.047619047619047616,0.047619047619047616
1,0.08536585365853659,0.0,0.06097560975609756,0.024390243902439025,0.14634146341463414,0.012195121951219513,0.0,0.024390243902439025,0.0,0.012195121951219513,0.06097560975609756,0.024390243902439025,0.024390243902439025,0.024390243902439025,0.07317073170731707,0.024390243902439025,0.012195121951219513,0.012195121951219513,0.012195121951219513,0.012195121951219513,0.13414634146341464,0.012195121951219513,0.08536585365853659,0.012195121951219513,0.10975609756097561,0.08641975308641975,0.0,0.08641975308641975,0.04938271604938271,0.09876543209876543,0.0,0.0,0.012345679012345678,0.012345679012345678,0.024691358024691357,0.06172839506172839,0.037037037037037035,0.037037037037037035,0.0,0.07407407407407407,0.024691358024691357,0.0,0.024691358024691357,0.0,0.024691358024691357,0.14814814814814814,0.012345679012345678,0.037037037037037035,0.012345679012345678,0.13580246913580246,0.125,0.025,0.05,0.025,0.0875,0.0125,0.0,0.025,0.0,0.0125,0.05,0.0125,0.05,0.025,0.075,0.0125,0.0,0.025,0.0,0.0375,0.125,0.0125,0.05,0.0125,0.15,0.13924050632911392,0.02531645569620253,0.02531645569620253,0.012658227848101266,0.11392405063291139,0.02531645569620253,0.012658227848101266,0.0,0.0,0.012658227848101266,0.0379746835443038,0.0,0.0759493670886076,0.012658227848101266,0.08860759493670886,0.012658227848101266,0.0,0.0,0.0,0.06329113924050633,0.11392405063291139,0.0,0.10126582278481013,0.0379746835443038,0.08860759493670886,0.038461538461538464,0.0,0.08974358974358974,0.038461538461538464,0.15384615384615385,0.0,0.0,0.01282051282051282,0.0,0.038461538461538464,0.07692307692307693,0.0,0.05128205128205128,0.01282051282051282,0.07692307692307693,0.038461538461538464,0.01282051282051282,0.01282051282051282,0.0,0.01282051282051282,0.1794871794871795,0.02564102564102564,0.02564102564102564,0.01282051282051282,0.08974358974358974,0.1038961038961039,0.0,0.09090909090909091,0.025974025974025976,0.1038961038961039,0.012987012987012988,0.0,0.0,0.0,0.03896103896103896,0.09090909090909091,0.03896103896103896,0.025974025974025976,0.012987012987012988,0.05194805194805195,0.025974025974025976,0.0,0.0,0.0,0.05194805194805195,0.1038961038961039,0.0,0.07792207792207792,0.025974025974025976,0.11688311688311688
1,0.4666666666666667,0.06666666666666667,0.13333333333333333,0.0,0.0,0.06666666666666667,0.0,0.0,0.0,0.0,0.13333333333333333,0.0,0.13333333333333333,0.0,0.0,0.0,0.0,0.0,0.0,0.0,0.0,0.0,0.0,0.0,0.0,0.35714285714285715,0.07142857142857142,0.2857142857142857,0.0,0.0,0.07142857142857142,0.0,0.0,0.0,0.0,0.21428571428571427,0.0,0.0,0.0,0.0,0.0,0.0,0.0,0.0,0.0,0.0,0.0,0.0,0.0,0.0,0.46153846153846156,0.0,0.3076923076923077,0.0,0.0,0.07692307692307693,0.0,0.0,0.0,0.0,0.15384615384615385,0.0,0.0,0.0,0.0,0.0,0.0,0.0,0.0,0.0,0.0,0.0,0.0,0.0,0.0,0.5,0.0,0.25,0.0,0.0,0.0,0.0,0.08333333333333333,0.0,0.0,0.16666666666666666,0.0,0.0,0.0,0.0,0.0,0.0,0.0,0.0,0.0,0.0,0.0,0.0,0.0,0.0,0.45454545454545453,0.0,0.2727272727272727,0.0,0.0,0.0,0.0,0.09090909090909091,0.0,0.0,0.18181818181818182,0.0,0.0,0.0,0.0,0.0,0.0,0.0,0.0,0.0,0.0,0.0,0.0,0.0,0.0,0.4,0.0,0.3,0.0,0.0,0.1,0.0,0.0,0.0,0.0,0.1,0.0,0.1,0.0,0.0,0.0,0.0,0.0,0.0,0.0,0.0,0.0,0.0,0.0,0.0
1,0.25,0.08333333333333333,0.08333333333333333,0.0,0.08333333333333333,0.0,0.0,0.0,0.08333333333333333,0.0,0.08333333333333333,0.0,0.08333333333333333,0.0,0.0,0.08333333333333333,0.08333333333333333,0.0,0.0,0.0,0.0,0.0,0.0,0.08333333333333333,0.0,0.0,0.09090909090909091,0.18181818181818182,0.18181818181818182,0.09090909090909091,0.09090909090909091,0.0,0.0,0.0,0.0,0.18181818181818182,0.0,0.0,0.0,0.0,0.09090909090909091,0.0,0.0,0.0,0.0,0.0,0.09090909090909091,0.0,0.0,0.0,0.2,0.1,0.1,0.2,0.0,0.1,0.0,0.0,0.0,0.0,0.1,0.0,0.0,0.0,0.1,0.0,0.0,0.1,0.0,0.0,0.0,0.0,0.0,0.0,0.0,0.4444444444444444,0.1111111111111111,0.0,0.0,0.0,0.0,0.0,0.1111111111111111,0.0,0.0,0.0,0.0,0.0,0.1111111111111111,0.1111111111111111,0.0,0.0,0.1111111111111111,0.0,0.0,0.0,0.0,0.0,0.0,0.0,0.25,0.0,0.125,0.0,0.125,0.0,0.0,0.125,0.0,0.0,0.0,0.125,0.0,0.125,0.0,0.125,0.0,0.0,0.0,0.0,0.0,0.0,0.0,0.0,0.0,0.0,0.0,0.2857142857142857,0.14285714285714285,0.14285714285714285,0.14285714285714285,0.0,0.0,0.0,0.0,0.0,0.14285714285714285,0.0,0.0,0.0,0.14285714285714285,0.0,0.0,0.0,0.0,0.0,0.0,0.0,0.0,0.0
1,0.021739130434782608,0.0,0.043478260869565216,0.0,0.15217391304347827,0.021739130434782608,0.0,0.0,0.0,0.043478260869565216,0.043478260869565216,0.0,0.021739130434782608,0.021739130434782608,0.08695652173913043,0.021739130434782608,0.021739130434782608,0.0,0.0,0.021739130434782608,0.10869565217391304,0.043478260869565216,0.10869565217391304,0.043478260869565216,0.17391304347826086,0.08888888888888889,0.0,0.06666666666666667,0.0,0.06666666666666667,0.022222222222222223,0.0,0.044444444444444446,0.0,0.0,0.044444444444444446,0.0,0.0,0.022222222222222223,0.1111111111111111,0.0,0.0,0.022222222222222223,0.0,0.044444444444444446,0.06666666666666667,0.06666666666666667,0.044444444444444446,0.044444444444444446,0.24444444444444444,0.045454545454545456,0.0,0.022727272727272728,0.022727272727272728,0.13636363636363635,0.0,0.0,0.0,0.0,0.045454545454545456,0.022727272727272728,0.045454545454545456,0.0,0.022727272727272728,0.09090909090909091,0.045454545454545456,0.0,0.022727272727272728,0.0,0.0,0.11363636363636363,0.022727272727272728,0.13636363636363635,0.022727272727272728,0.18181818181818182,0.046511627906976744,0.023255813953488372,0.046511627906976744,0.023255813953488372,0.09302325581395349,0.0,0.0,0.023255813953488372,0.0,0.023255813953488372,0.06976744186046512,0.0,0.046511627906976744,0.0,0.06976744186046512,0.023255813953488372,0.0,0.023255813953488372,0.0,0.0,0.09302325581395349,0.046511627906976744,0.046511627906976744,0.046511627906976744,0.2558139534883721,0.023809523809523808,0.0,0.0,0.023809523809523808,0.19047619047619047,0.023809523809523808,0.023809523809523808,0.0,0.0,0.0,0.07142857142857142,0.0,0.07142857142857142,0.0,0.047619047619047616,0.0,0.0,0.023809523809523808,0.0,0.023809523809523808,0.11904761904761904,0.047619047619047616,0.07142857142857142,0.047619047619047616,0.19047619047619047,0.07317073170731707,0.0,0.04878048780487805,0.04878048780487805,0.07317073170731707,0.0,0.0,0.0,0.0,0.04878048780487805,0.04878048780487805,0.0,0.024390243902439025,0.0,0.12195121951219512,0.024390243902439025,0.0,0.0,0.0,0.024390243902439025,0.0975609756097561,0.07317073170731707,0.0975609756097561,0.024390243902439025,0.17073170731707318
1,0.4666666666666667,0.06666666666666667,0.06666666666666667,0.0,0.06666666666666667,0.0,0.0,0.0,0.06666666666666667,0.0,0.06666666666666667,0.0,0.06666666666666667,0.0,0.0,0.06666666666666667,0.0,0.0,0.0,0.0,0.06666666666666667,0.0,0.0,0.0,0.0,0.2857142857142857,0.07142857142857142,0.14285714285714285,0.07142857142857142,0.07142857142857142,0.07142857142857142,0.0,0.0,0.0,0.0,0.14285714285714285,0.0,0.0,0.0,0.0,0.07142857142857142,0.0,0.0,0.0,0.0,0.07142857142857142,0.0,0.0,0.0,0.0,0.46153846153846156,0.0,0.07692307692307693,0.07692307692307693,0.0,0.07692307692307693,0.0,0.0,0.0,0.0,0.07692307692307693,0.0,0.0,0.0,0.07692307692307693,0.0,0.0,0.07692307692307693,0.0,0.0,0.07692307692307693,0.0,0.0,0.0,0.0,0.5833333333333334,0.0,0.0,0.0,0.0,0.0,0.0,0.08333333333333333,0.0,0.0,0.08333333333333333,0.0,0.0,0.0,0.08333333333333333,0.0,0.0,0.08333333333333333,0.0,0.0,0.08333333333333333,0.0,0.0,0.0,0.0,0.36363636363636365,0.0,0.09090909090909091,0.0,0.09090909090909091,0.0,0.0,0.09090909090909091,0.0,0.0,0.18181818181818182,0.0,0.0,0.0,0.0,0.09090909090909091,0.0,0.0,0.0,0.0,0.09090909090909091,0.0,0.0,0.0,0.0,0.3,0.0,0.2,0.0,0.1,0.1,0.0,0.0,0.0,0.0,0.2,0.0,0.0,0.0,0.0,0.1,0.0,0.0,0.0,0.0,0.0,0.0,0.0,0.0,0.0
1,0.0,0.0,0.0,0.0,0.15789473684210525,0.0,0.0,0.0,0.0,0.05263157894736842,0.10526315789473684,0.05263157894736842,0.0,0.0,0.05263157894736842,0.0,0.0,0.0,0.0,0.0,0.05263157894736842,0.0,0.21052631578947367,0.0,0.3157894736842105,0.05555555555555555,0.0,0.05555555555555555,0.0,0.0,0.0,0.0,0.0,0.0,0.05555555555555555,0.0,0.0,0.0,0.0,0.2222222222222222,0.0,0.0,0.0,0.0,0.0,0.1111111111111111,0.05555555555555555,0.16666666666666666,0.0,0.2777777777777778,0.0,0.058823529411764705,0.0,0.0,0.058823529411764705,0.0,0.0,0.0,0.0,0.058823529411764705,0.058823529411764705,0.0,0.058823529411764705,0.0,0.058823529411764705,0.0,0.0,0.0,0.0,0.0,0.11764705882352941,0.0,0.11764705882352941,0.0,0.4117647058823529,0.0,0.0,0.0625,0.0,0.0625,0.0,0.0,0.0,0.0,0.0625,0.0625,0.0,0.0,0.0,0.125,0.0,0.0,0.0,0.0,0.0,0.0625,0.0625,0.125,0.0,0.375,0.0,0.06666666666666667,0.0,0.0,0.06666666666666667,0.0,0.0,0.0,0.0,0.06666666666666667,0.0,0.0,0.06666666666666667,0.0,0.13333333333333333,0.0,0.0,0.0,0.0,0.0,0.13333333333333333,0.0,0.13333333333333333,0.0,0.3333333333333333,0.0,0.0,0.0,0.0,0.14285714285714285,0.0,0.0,0.07142857142857142,0.0,0.0,0.0,0.07142857142857142,0.0,0.0,0.07142857142857142,0.0,0.0,0.0,0.0,0.0,0.07142857142857142,0.0,0.14285714285714285,0.0,0.42857142857142855
1,0.11764705882352941,0.058823529411764705,0.17647058823529413,0.0,0.0,0.058823529411764705,0.0,0.058823529411764705,0.0,0.0,0.17647058823529413,0.058823529411764705,0.23529411764705882,0.0,0.0,0.0,0.0,0.0,0.0,0.0,0.058823529411764705,0.0,0.0,0.0,0.0,0.0625,0.0,0.25,0.0,0.0,0.0,0.0,0.125,0.0,0.0,0.3125,0.0625,0.125,0.0,0.0,0.0,0.0,0.0,0.0,0.0,0.0,0.0625,0.0,0.0,0.0,0.13333333333333333,0.06666666666666667,0.06666666666666667,0.0,0.0,0.06666666666666667,0.0,0.06666666666666667,0.0,0.0,0.2,0.0,0.3333333333333333,0.0,0.0,0.0,0.0,0.0,0.0,0.0,0.0,0.0,0.06666666666666667,0.0,0.0,0.21428571428571427,0.0,0.07142857142857142,0.0,0.0,0.07142857142857142,0.0,0.07142857142857142,0.0,0.0,0.14285714285714285,0.07142857142857142,0.2857142857142857,0.0,0.0,0.0,0.0,0.0,0.0,0.0,0.0,0.0,0.07142857142857142,0.0,0.0,0.07692307692307693,0.0,0.23076923076923078,0.0,0.0,0.0,0.0,0.15384615384615385,0.0,0.0,0.3076923076923077,0.07692307692307693,0.07692307692307693,0.0,0.0,0.0,0.0,0.0,0.0,0.0,0.07692307692307693,0.0,0.0,0.0,0.0,0.08333333333333333,0.0,0.16666666666666666,0.0,0.0,0.0,0.08333333333333333,0.08333333333333333,0.0,0.0,0.3333333333333333,0.0,0.16666666666666666,0.0,0.0,0.0,0.0,0.0,0.0,0.0,0.0,0.0,0.08333333333333333,0.0,0.0
1,0.2,0.0,0.06666666666666667,0.2,0.06666666666666667,0.06666666666666667,0.0,0.0,0.0,0.0,0.0,0.0,0.0,0.0,0.06666666666666667,0.06666666666666667,0.0,0.0,0.0,0.06666666666666667,0.2,0.0,0.0,0.0,0.0,0.21428571428571427,0.0,0.0,0.14285714285714285,0.14285714285714285,0.07142857142857142,0.0,0.0,0.0,0.0,0.07142857142857142,0.0,0.0,0.0,0.0,0.07142857142857142,0.0,0.07142857142857142,0.0,0.0,0.07142857142857142,0.0,0.0,0.07142857142857142,0.07142857142857142,0.23076923076923078,0.0,0.07692307692307693,0.15384615384615385,0.07692307692307693,0.0,0.0,0.0,0.07692307692307693,0.0,0.0,0.0,0.0,0.0,0.07692307692307693,0.07692307692307693,0.0,0.0,0.0,0.07692307692307693,0.15384615384615385,0.0,0.0,0.0,0.0,0.25,0.0,0.08333333333333333,0.0,0.16666666666666666,0.0,0.0,0.0,0.0,0.08333333333333333,0.08333333333333333,0.0,0.0,0.0,0.0,0.16666666666666666,0.0,0.0,0.0,0.0,0.0,0.0,0.0,0.16666666666666666,0.0,0.36363636363636365,0.0,0.09090909090909091,0.0,0.09090909090909091,0.09090909090909091,0.0,0.0,0.0,0.0,0.0,0.0,0.0,0.09090909090909091,0.0,0.0,0.0,0.0,0.09090909090909091,0.09090909090909091,0.09090909090909091,0.0,0.0,0.0,0.0,0.2,0.0,0.0,0.2,0.2,0.1,0.0,0.0,0.0,0.0,0.0,0.0,0.0,0.0,0.0,0.2,0.0,0.0,0.0,0.0,0.0,0.0,0.1,0.0,0.0
1,0.4,0.06666666666666667,0.06666666666666667,0.06666666666666667,0.06666666666666667,0.06666666666666667,0.0,0.0,0.0,0.0,0.06666666666666667,0.0,0.06666666666666667,0.0,0.0,0.06666666666666667,0.0,0.0,0.0,0.0,0.06666666666666667,0.0,0.0,0.0,0.0,0.42857142857142855,0.07142857142857142,0.14285714285714285,0.07142857142857142,0.0,0.0,0.0,0.0,0.0,0.07142857142857142,0.14285714285714285,0.0,0.0,0.0,0.0,0.07142857142857142,0.0,0.0,0.0,0.0,0.0,0.0,0.0,0.0,0.0,0.38461538461538464,0.07692307692307693,0.07692307692307693,0.07692307692307693,0.07692307692307693,0.07692307692307693,0.0,0.0,0.0,0.0,0.15384615384615385,0.0,0.0,0.0,0.0,0.0,0.0,0.07692307692307693,0.0,0.0,0.0,0.0,0.0,0.0,0.0,0.5,0.08333333333333333,0.08333333333333333,0.0,0.08333333333333333,0.0,0.0,0.0,0.0,0.0,0.16666666666666666,0.0,0.0,0.0,0.0,0.0,0.0,0.08333333333333333,0.0,0.0,0.0,0.0,0.0,0.0,0.0,0.45454545454545453,0.0,0.18181818181818182,0.0,0.09090909090909091,0.0,0.0,0.0,0.0,0.0,0.09090909090909091,0.09090909090909091,0.0,0.0,0.0,0.09090909090909091,0.0,0.0,0.0,0.0,0.0,0.0,0.0,0.0,0.0,0.4,0.0,0.2,0.0,0.1,0.0,0.0,0.0,0.0,0.0,0.1,0.1,0.0,0.0,0.0,0.1,0.0,0.0,0.0,0.0,0.0,0.0,0.0,0.0,0.0
1,0.36363636363636365,0.045454545454545456,0.045454545454545456,0.045454545454545456,0.09090909090909091,0.045454545454545456,0.0,0.0,0.0,0.045454545454545456,0.09090909090909091,0.045454545454545456,0.0,0.0,0.0,0.0,0.0,0.045454545454545456,0.0,0.0,0.09090909090909091,0.0,0.045454545454545456,0.0,0.0,0.2857142857142857,0.047619047619047616,0.14285714285714285,0.047619047619047616,0.09523809523809523,0.09523809523809523,0.0,0.0,0.0,0.0,0.09523809523809523,0.0,0.0,0.0,0.047619047619047616,0.0,0.047619047619047616,0.0,0.0,0.0,0.09523809523809523,0.0,0.0,0.0,0.0,0.4,0.05,0.15,0.05,0.0,0.05,0.0,0.0,0.0,0.0,0.05,0.0,0.0,0.0,0.1,0.0,0.0,0.0,0.0,0.05,0.1,0.0,0.0,0.0,0.0,0.42105263157894735,0.05263157894736842,0.10526315789473684,0.0,0.10526315789473684,0.05263157894736842,0.0,0.0,0.0,0.0,0.05263157894736842,0.0,0.05263157894736842,0.0,0.0,0.05263157894736842,0.0,0.0,0.0,0.0,0.0,0.0,0.0,0.05263157894736842,0.05263157894736842,0.3888888888888889,0.05555555555555555,0.05555555555555555,0.05555555555555555,0.16666666666666666,0.0,0.0,0.05555555555555555,0.0,0.0,0.1111111111111111,0.0,0.0,0.0,0.0,0.0,0.0,0.0,0.0,0.0,0.05555555555555555,0.0,0.05555555555555555,0.0,0.0,0.29411764705882354,0.0,0.17647058823529413,0.058823529411764705,0.17647058823529413,0.058823529411764705,0.0,0.0,0.0,0.0,0.11764705882352941,0.0,0.0,0.0,0.0,0.0,0.0,0.0,0.0,0.0,0.058823529411764705,0.058823529411764705,0.0,0.0,0.0
1,0.1875,0.0625,0.125,0.0,0.125,0.0625,0.0,0.0625,0.0,0.0,0.1875,0.0,0.0625,0.0,0.0,0.0,0.0,0.0,0.0,0.0,0.0625,0.0,0.0625,0.0,0.0,0.13333333333333333,0.0,0.3333333333333333,0.0,0.06666666666666667,0.0,0.0,0.0,0.0,0.06666666666666667,0.2,0.06666666666666667,0.0,0.0,0.0,0.0,0.0,0.0,0.0,0.0,0.13333333333333333,0.0,0.0,0.0,0.0,0.2857142857142857,0.07142857142857142,0.14285714285714285,0.0,0.0,0.07142857142857142,0.0,0.0,0.0,0.0,0.07142857142857142,0.0,0.21428571428571427,0.0,0.0,0.0,0.0,0.0,0.0,0.0,0.07142857142857142,0.0,0.0,0.0,0.07142857142857142,0.3076923076923077,0.07692307692307693,0.07692307692307693,0.0,0.07692307692307693,0.07692307692307693,0.0,0.0,0.0,0.0,0.07692307692307693,0.0,0.15384615384615385,0.0,0.0,0.0,0.0,0.0,0.0,0.0,0.0,0.0,0.15384615384615385,0.0,0.0,0.16666666666666666,0.0,0.3333333333333333,0.0,0.0,0.0,0.0,0.0,0.0,0.08333333333333333,0.16666666666666666,0.08333333333333333,0.0,0.0,0.0,0.0,0.0,0.0,0.0,0.0,0.08333333333333333,0.0,0.08333333333333333,0.0,0.0,0.18181818181818182,0.0,0.2727272727272727,0.0,0.0,0.0,0.0,0.09090909090909091,0.0,0.0,0.09090909090909091,0.09090909090909091,0.09090909090909091,0.0,0.0,0.0,0.0,0.0,0.0,0.0,0.18181818181818182,0.0,0.0,0.0,0.0
1,0.18181818181818182,0.0,0.2727272727272727,0.0,0.0,0.09090909090909091,0.0,0.0,0.0,0.0,0.2727272727272727,0.0,0.18181818181818182,0.0,0.0,0.0,0.0,0.0,0.0,0.0,0.0,0.0,0.0,0.0,0.0,0.1,0.0,0.4,0.0,0.0,0.0,0.0,0.1,0.0,0.0,0.4,0.0,0.0,0.0,0.0,0.0,0.0,0.0,0.0,0.0,0.0,0.0,0.0,0.0,0.0,0.4444444444444444,0.0,0.1111111111111111,0.0,0.0,0.0,0.0,0.1111111111111111,0.0,0.0,0.1111111111111111,0.0,0.2222222222222222,0.0,0.0,0.0,0.0,0.0,0.0,0.0,0.0,0.0,0.0,0.0,0.0,0.375,0.0,0.125,0.0,0.0,0.125,0.0,0.0,0.0,0.0,0.125,0.0,0.25,0.0,0.0,0.0,0.0,0.0,0.0,0.0,0.0,0.0,0.0,0.0,0.0,0.0,0.0,0.42857142857142855,0.0,0.0,0.14285714285714285,0.0,0.0,0.0,0.0,0.42857142857142855,0.0,0.0,0.0,0.0,0.0,0.0,0.0,0.0,0.0,0.0,0.0,0.0,0.0,0.0,0.3333333333333333,0.0,0.16666666666666666,0.0,0.0,0.0,0.0,0.16666666666666666,0.0,0.0,0.16666666666666666,0.0,0.16666666666666666,0.0,0.0,0.0,0.0,0.0,0.0,0.0,0.0,0.0,0.0,0.0,0.0
1,0.1,0.03333333333333333,0.0,0.03333333333333333,0.2,0.03333333333333333,0.0,0.03333333333333333,0.0,0.0,0.03333333333333333,0.0,0.0,0.0,0.03333333333333333,0.0,0.0,0.0,0.0,0.03333333333333333,0.16666666666666666,0.03333333333333333,0.03333333333333333,0.0,0.23333333333333334,0.1724137931034483,0.034482758620689655,0.0,0.0,0.1724137931034483,0.0,0.0,0.0,0.0,0.06896551724137931,0.0,0.0,0.0,0.0,0.034482758620689655,0.0,0.0,0.0,0.0,0.034482758620689655,0.1724137931034483,0.034482758620689655,0.06896551724137931,0.034482758620689655,0.1724137931034483,0.14285714285714285,0.0,0.03571428571428571,0.0,0.21428571428571427,0.0,0.0,0.0,0.0,0.03571428571428571,0.0,0.03571428571428571,0.0,0.0,0.0,0.03571428571428571,0.0,0.0,0.0,0.0,0.14285714285714285,0.03571428571428571,0.03571428571428571,0.03571428571428571,0.25,0.07407407407407407,0.0,0.0,0.037037037037037035,0.2962962962962963,0.037037037037037035,0.0,0.0,0.0,0.0,0.0,0.0,0.037037037037037035,0.0,0.0,0.0,0.037037037037037035,0.0,0.0,0.0,0.2222222222222222,0.037037037037037035,0.037037037037037035,0.0,0.18518518518518517,0.15384615384615385,0.038461538461538464,0.0,0.0,0.19230769230769232,0.0,0.0,0.0,0.0,0.038461538461538464,0.0,0.0,0.0,0.0,0.038461538461538464,0.038461538461538464,0.0,0.0,0.0,0.0,0.15384615384615385,0.038461538461538464,0.07692307692307693,0.038461538461538464,0.19230769230769232,0.08,0.0,0.04,0.04,0.24,0.04,0.0,0.0,0.0,0.0,0.0,0.0,0.0,0.0,0.0,0.0,0.0,0.0,0.0,0.04,0.2,0.08,0.04,0.0,0.2
1,0.3125,0.0625,0.125,0.0,0.0625,0.0,0.0,0.0,0.0625,0.0,0.125,0.0,0.0625,0.0,0.0,0.0625,0.0,0.0,0.0,0.0,0.0625,0.0,0.0,0.0,0.0625,0.13333333333333333,0.06666666666666667,0.2,0.06666666666666667,0.13333333333333333,0.06666666666666667,0.0,0.0,0.0,0.0,0.2,0.0,0.0,0.0,0.0,0.06666666666666667,0.0,0.0,0.0,0.0,0.06666666666666667,0.0,0.0,0.0,0.0,0.35714285714285715,0.0,0.14285714285714285,0.07142857142857142,0.07142857142857142,0.07142857142857142,0.0,0.0,0.0,0.0,0.14285714285714285,0.0,0.0,0.0,0.07142857142857142,0.0,0.0,0.07142857142857142,0.0,0.0,0.0,0.0,0.0,0.0,0.0,0.5384615384615384,0.0,0.0,0.0,0.07692307692307693,0.0,0.0,0.07692307692307693,0.0,0.0,0.07692307692307693,0.0,0.07692307692307693,0.0,0.07692307692307693,0.0,0.0,0.07692307692307693,0.0,0.0,0.0,0.0,0.0,0.0,0.0,0.3333333333333333,0.0,0.08333333333333333,0.0,0.16666666666666666,0.0,0.0,0.08333333333333333,0.0,0.0,0.16666666666666666,0.0,0.08333333333333333,0.0,0.0,0.08333333333333333,0.0,0.0,0.0,0.0,0.0,0.0,0.0,0.0,0.0,0.18181818181818182,0.0,0.2727272727272727,0.0,0.18181818181818182,0.09090909090909091,0.0,0.0,0.0,0.0,0.18181818181818182,0.0,0.0,0.0,0.0,0.09090909090909091,0.0,0.0,0.0,0.0,0.0,0.0,0.0,0.0,0.0
1,0.2916666666666667,0.041666666666666664,0.20833333333333334,0.0,0.0,0.08333333333333333,0.041666666666666664,0.0,0.0,0.0,0.16666666666666666,0.0,0.16666666666666666,0.0,0.0,0.0,0.0,0.0,0.0,0.0,0.0,0.0,0.0,0.0,0.0,0.30434782608695654,0.0,0.2608695652173913,0.0,0.0,0.08695652173913043,0.043478260869565216,0.0,0.0,0.0,0.17391304347826086,0.0,0.13043478260869565,0.0,0.0,0.0,0.0,0.0,0.0,0.0,0.0,0.0,0.0,0.0,0.0,0.4090909090909091,0.0,0.18181818181818182,0.0,0.0,0.045454545454545456,0.045454545454545456,0.045454545454545456,0.0,0.0,0.09090909090909091,0.0,0.18181818181818182,0.0,0.0,0.0,0.0,0.0,0.0,0.0,0.0,0.0,0.0,0.0,0.0,0.3333333333333333,0.0,0.2857142857142857,0.0,0.0,0.14285714285714285,0.0,0.0,0.0,0.0,0.09523809523809523,0.0,0.14285714285714285,0.0,0.0,0.0,0.0,0.0,0.0,0.0,0.0,0.0,0.0,0.0,0.0,0.3,0.0,0.35,0.0,0.0,0.1,0.0,0.05,0.0,0.0,0.15,0.0,0.05,0.0,0.0,0.0,0.0,0.0,0.0,0.0,0.0,0.0,0.0,0.0,0.0,0.3157894736842105,0.0,0.3157894736842105,0.0,0.0,0.10526315789473684,0.0,0.05263157894736842,0.0,0.0,0.10526315789473684,0.0,0.10526315789473684,0.0,0.0,0.0,0.0,0.0,0.0,0.0,0.0,0.0,0.0,0.0,0.0
1,0.25,0.08333333333333333,0.08333333333333333,0.0,0.08333333333333333,0.08333333333333333,0.08333333333333333,0.0,0.0,0.08333333333333333,0.08333333333333333,0.0,0.0,0.0,0.0,0.0,0.0,0.0,0.0,0.0,0.08333333333333333,0.08333333333333333,0.0,0.0,0.0,0.09090909090909091,0.2727272727272727,0.0,0.0,0.09090909090909091,0.18181818181818182,0.0,0.09090909090909091,0.0,0.0,0.09090909090909091,0.0,0.0,0.0,0.0,0.0,0.0,0.0,0.0,0.0,0.09090909090909091,0.0,0.0,0.0,0.09090909090909091,0.1,0.3,0.0,0.0,0.1,0.1,0.0,0.1,0.0,0.0,0.0,0.0,0.0,0.0,0.1,0.0,0.0,0.0,0.0,0.0,0.2,0.0,0.0,0.0,0.0,0.2222222222222222,0.1111111111111111,0.1111111111111111,0.0,0.1111111111111111,0.1111111111111111,0.0,0.0,0.0,0.0,0.0,0.1111111111111111,0.0,0.0,0.0,0.0,0.0,0.0,0.0,0.0,0.1111111111111111,0.1111111111111111,0.0,0.0,0.0,0.375,0.0,0.125,0.0,0.0,0.0,0.125,0.0,0.0,0.0,0.0,0.0,0.0,0.0,0.125,0.0,0.0,0.0,0.0,0.0,0.125,0.125,0.0,0.0,0.0,0.2857142857142857,0.0,0.14285714285714285,0.0,0.0,0.0,0.14285714285714285,0.0,0.0,0.0,0.14285714285714285,0.0,0.0,0.0,0.0,0.0,0.0,0.0,0.0,0.0,0.14285714285714285,0.14285714285714285,0.0,0.0,0.0
1,0.4,0.0,0.0,0.0,0.3,0.0,0.0,0.0,0.0,0.0,0.0,0.0,0.0,0.0,0.0,0.0,0.0,0.0,0.0,0.0,0.3,0.0,0.0,0.0,0.0,0.4444444444444444,0.0,0.0,0.0,0.2222222222222222,0.0,0.0,0.0,0.0,0.0,0.0,0.0,0.0,0.0,0.0,0.0,0.0,0.0,0.0,0.0,0.2222222222222222,0.0,0.0,0.0,0.1111111111111111,0.375,0.0,0.0,0.0,0.25,0.0,0.0,0.0,0.0,0.0,0.0,0.0,0.0,0.0,0.0,0.0,0.0,0.0,0.0,0.0,0.25,0.0,0.0,0.0,0.125,0.2857142857142857,0.0,0.0,0.0,0.2857142857142857,0.0,0.0,0.0,0.0,0.0,0.0,0.0,0.0,0.0,0.0,0.0,0.0,0.0,0.0,0.0,0.42857142857142855,0.0,0.0,0.0,0.0,0.5,0.0,0.0,0.0,0.0,0.0,0.0,0.0,0.0,0.0,0.0,0.0,0.0,0.0,0.0,0.0,0.0,0.0,0.0,0.0,0.16666666666666666,0.0,0.0,0.0,0.3333333333333333,0.4,0.0,0.0,0.0,0.2,0.0,0.0,0.0,0.0,0.0,0.0,0.0,0.0,0.0,0.0,0.0,0.0,0.0,0.0,0.0,0.4,0.0,0.0,0.0,0.0
1,0.3333333333333333,0.0,0.2,0.0,0.06666666666666667,0.0,0.0,0.06666666666666667,0.0,0.0,0.2,0.0,0.06666666666666667,0.0,0.0,0.0,0.0,0.0,0.0,0.0,0.0,0.06666666666666667,0.0,0.0,0.0,0.2857142857142857,0.07142857142857142,0.21428571428571427,0.0,0.0,0.0,0.0,0.07142857142857142,0.0,0.0,0.2857142857142857,0.0,0.0,0.0,0.0,0.0,0.0,0.0,0.0,0.0,0.0,0.0,0.07142857142857142,0.0,0.0,0.38461538461538464,0.0,0.15384615384615385,0.0,0.0,0.07692307692307693,0.0,0.0,0.0,0.0,0.15384615384615385,0.0,0.15384615384615385,0.0,0.0,0.0,0.0,0.0,0.0,0.0,0.0,0.0,0.07692307692307693,0.0,0.0,0.25,0.0,0.3333333333333333,0.0,0.0,0.08333333333333333,0.0,0.0,0.0,0.0,0.25,0.0,0.0,0.0,0.0,0.0,0.0,0.0,0.0,0.0,0.08333333333333333,0.0,0.0,0.0,0.0,0.36363636363636365,0.0,0.18181818181818182,0.0,0.0,0.09090909090909091,0.0,0.0,0.0,0.0,0.18181818181818182,0.0,0.09090909090909091,0.0,0.0,0.0,0.0,0.0,0.0,0.0,0.09090909090909091,0.0,0.0,0.0,0.0,0.4,0.0,0.1,0.0,0.0,0.1,0.0,0.0,0.0,0.0,0.1,0.0,0.2,0.0,0.0,0.0,0.0,0.0,0.0,0.0,0.1,0.0,0.0,0.0,0.0
1,0.07291666666666667,0.03125,0.0625,0.03125,0.09375,0.041666666666666664,0.0,0.010416666666666666,0.0,0.03125,0.03125,0.010416666666666666,0.010416666666666666,0.010416666666666666,0.0625,0.010416666666666666,0.020833333333333332,0.0,0.010416666666666666,0.041666666666666664,0.125,0.03125,0.041666666666666664,0.03125,0.1875,0.06315789473684211,0.021052631578947368,0.06315789473684211,0.021052631578947368,0.12631578947368421,0.031578947368421054,0.010526315789473684,0.0,0.021052631578947368,0.021052631578947368,0.031578947368421054,0.010526315789473684,0.021052631578947368,0.010526315789473684,0.05263157894736842,0.021052631578947368,0.010526315789473684,0.0,0.010526315789473684,0.042105263157894736,0.12631578947368421,0.042105263157894736,0.042105263157894736,0.021052631578947368,0.17894736842105263,0.0851063829787234,0.010638297872340425,0.0425531914893617,0.0,0.1595744680851064,0.010638297872340425,0.010638297872340425,0.010638297872340425,0.02127659574468085,0.031914893617021274,0.05319148936170213,0.010638297872340425,0.0,0.031914893617021274,0.031914893617021274,0.010638297872340425,0.0,0.0,0.02127659574468085,0.05319148936170213,0.11702127659574468,0.06382978723404255,0.07446808510638298,0.010638297872340425,0.13829787234042554,0.06451612903225806,0.03225806451612903,0.06451612903225806,0.043010752688172046,0.0967741935483871,0.03225806451612903,0.010752688172043012,0.0,0.010752688172043012,0.03225806451612903,0.021505376344086023,0.010752688172043012,0.010752688172043012,0.010752688172043012,0.07526881720430108,0.010752688172043012,0.010752688172043012,0.010752688172043012,0.010752688172043012,0.043010752688172046,0.13978494623655913,0.03225806451612903,0.043010752688172046,0.010752688172043012,0.17204301075268819,0.07608695652173914,0.03260869565217391,0.021739130434782608,0.043478260869565216,0.13043478260869565,0.010869565217391304,0.0,0.010869565217391304,0.010869565217391304,0.05434782608695652,0.043478260869565216,0.010869565217391304,0.021739130434782608,0.0,0.05434782608695652,0.010869565217391304,0.010869565217391304,0.0,0.010869565217391304,0.05434782608695652,0.13043478260869565,0.043478260869565216,0.06521739130434782,0.021739130434782608,0.13043478260869565,0.08791208791208792,0.03296703296703297,0.03296703296703297,0.03296703296703297,0.12087912087912088,0.02197802197802198,0.0,0.01098901098901099,0.02197802197802198,0.03296703296703297,0.03296703296703297,0.01098901098901099,0.01098901098901099,0.0,0.07692307692307693,0.02197802197802198,0.01098901098901099,0.0,0.0,0.04395604395604396,0.10989010989010989,0.03296703296703297,0.06593406593406594,0.03296703296703297,0.15384615384615385
1,0.3333333333333333,0.047619047619047616,0.23809523809523808,0.0,0.0,0.09523809523809523,0.0,0.0,0.0,0.0,0.23809523809523808,0.0,0.047619047619047616,0.0,0.0,0.0,0.0,0.0,0.0,0.0,0.0,0.0,0.0,0.0,0.0,0.35,0.05,0.2,0.0,0.0,0.0,0.0,0.1,0.0,0.0,0.3,0.0,0.0,0.0,0.0,0.0,0.0,0.0,0.0,0.0,0.0,0.0,0.0,0.0,0.0,0.42105263157894735,0.0,0.21052631578947367,0.0,0.0,0.10526315789473684,0.0,0.0,0.0,0.0,0.15789473684210525,0.05263157894736842,0.05263157894736842,0.0,0.0,0.0,0.0,0.0,0.0,0.0,0.0,0.0,0.0,0.0,0.0,0.5,0.05555555555555555,0.1111111111111111,0.0,0.0,0.1111111111111111,0.0,0.0,0.0,0.0,0.05555555555555555,0.0,0.16666666666666666,0.0,0.0,0.0,0.0,0.0,0.0,0.0,0.0,0.0,0.0,0.0,0.0,0.35294117647058826,0.058823529411764705,0.23529411764705882,0.0,0.0,0.11764705882352941,0.0,0.0,0.0,0.0,0.17647058823529413,0.0,0.058823529411764705,0.0,0.0,0.0,0.0,0.0,0.0,0.0,0.0,0.0,0.0,0.0,0.0,0.375,0.0625,0.1875,0.0,0.0,0.0,0.0,0.125,0.0,0.0,0.25,0.0,0.0,0.0,0.0,0.0,0.0,0.0,0.0,0.0,0.0,0.0,0.0,0.0,0.0
1,0.4166666666666667,0.0,0.25,0.0,0.0,0.08333333333333333,0.0,0.0,0.0,0.0,0.25,0.0,0.0,0.0,0.0,0.0,0.0,0.0,0.0,0.0,0.0,0.0,0.0,0.0,0.0,0.6363636363636364,0.0,0.09090909090909091,0.0,0.0,0.0,0.0,0.09090909090909091,0.0,0.0,0.09090909090909091,0.0,0.09090909090909091,0.0,0.0,0.0,0.0,0.0,0.0,0.0,0.0,0.0,0.0,0.0,0.0,0.5,0.0,0.2,0.0,0.0,0.1,0.0,0.0,0.0,0.0,0.2,0.0,0.0,0.0,0.0,0.0,0.0,0.0,0.0,0.0,0.0,0.0,0.0,0.0,0.0,0.5555555555555556,0.0,0.2222222222222222,0.0,0.0,0.1111111111111111,0.0,0.0,0.0,0.0,0.1111111111111111,0.0,0.0,0.0,0.0,0.0,0.0,0.0,0.0,0.0,0.0,0.0,0.0,0.0,0.0,0.5,0.0,0.25,0.0,0.0,0.125,0.0,0.0,0.0,0.0,0.125,0.0,0.0,0.0,0.0,0.0,0.0,0.0,0.0,0.0,0.0,0.0,0.0,0.0,0.0,0.42857142857142855,0.0,0.2857142857142857,0.0,0.0,0.14285714285714285,0.0,0.0,0.0,0.0,0.14285714285714285,0.0,0.0,0.0,0.0,0.0,0.0,0.0,0.0,0.0,0.0,0.0,0.0,0.0,0.0
1,0.13333333333333333,0.03333333333333333,0.0,0.03333333333333333,0.16666666666666666,0.03333333333333333,0.0,0.03333333333333333,0.0,0.0,0.03333333333333333,0.0,0.0,0.03333333333333333,0.03333333333333333,0.0,0.0,0.0,0.0,0.03333333333333333,0.13333333333333333,0.03333333333333333,0.06666666666666667,0.0,0.2,0.10344827586206896,0.034482758620689655,0.0,0.0,0.2413793103448276,0.0,0.0,0.0,0.034482758620689655,0.034482758620689655,0.0,0.0,0.034482758620689655,0.0,0.034482758620689655,0.0,0.0,0.0,0.0,0.034482758620689655,0.20689655172413793,0.034482758620689655,0.06896551724137931,0.034482758620689655,0.10344827586206896,0.10714285714285714,0.0,0.03571428571428571,0.0,0.25,0.0,0.0,0.0,0.0,0.03571428571428571,0.03571428571428571,0.03571428571428571,0.0,0.0,0.0,0.03571428571428571,0.0,0.0,0.0,0.0,0.10714285714285714,0.03571428571428571,0.07142857142857142,0.07142857142857142,0.17857142857142858,0.1111111111111111,0.0,0.037037037037037035,0.07407407407407407,0.18518518518518517,0.037037037037037035,0.0,0.0,0.0,0.0,0.0,0.0,0.037037037037037035,0.0,0.037037037037037035,0.0,0.037037037037037035,0.0,0.0,0.0,0.14814814814814814,0.037037037037037035,0.037037037037037035,0.0,0.2222222222222222,0.11538461538461539,0.038461538461538464,0.038461538461538464,0.038461538461538464,0.15384615384615385,0.0,0.0,0.0,0.0,0.038461538461538464,0.0,0.038461538461538464,0.0,0.038461538461538464,0.0,0.038461538461538464,0.0,0.0,0.0,0.0,0.15384615384615385,0.0,0.07692307692307693,0.0,0.23076923076923078,0.08,0.0,0.08,0.04,0.2,0.0,0.0,0.0,0.0,0.04,0.0,0.0,0.04,0.0,0.0,0.0,0.0,0.0,0.0,0.04,0.2,0.08,0.0,0.04,0.16
1,0.36666666666666664,0.0,0.23333333333333334,0.0,0.0,0.03333333333333333,0.0,0.0,0.0,0.0,0.23333333333333334,0.0,0.13333333333333333,0.0,0.0,0.0,0.0,0.0,0.0,0.0,0.0,0.0,0.0,0.0,0.0,0.27586206896551724,0.0,0.3103448275862069,0.0,0.0,0.0,0.0,0.034482758620689655,0.0,0.0,0.3448275862068966,0.0,0.034482758620689655,0.0,0.0,0.0,0.0,0.0,0.0,0.0,0.0,0.0,0.0,0.0,0.0,0.4642857142857143,0.0,0.14285714285714285,0.0,0.0,0.0,0.0,0.03571428571428571,0.0,0.0,0.17857142857142858,0.0,0.17857142857142858,0.0,0.0,0.0,0.0,0.0,0.0,0.0,0.0,0.0,0.0,0.0,0.0,0.48148148148148145,0.0,0.1111111111111111,0.0,0.0,0.037037037037037035,0.0,0.0,0.0,0.0,0.14814814814814814,0.0,0.2222222222222222,0.0,0.0,0.0,0.0,0.0,0.0,0.0,0.0,0.0,0.0,0.0,0.0,0.34615384615384615,0.0,0.23076923076923078,0.0,0.0,0.038461538461538464,0.0,0.0,0.0,0.0,0.2692307692307692,0.0,0.11538461538461539,0.0,0.0,0.0,0.0,0.0,0.0,0.0,0.0,0.0,0.0,0.0,0.0,0.36,0.0,0.2,0.0,0.0,0.0,0.0,0.04,0.0,0.0,0.28,0.0,0.12,0.0,0.0,0.0,0.0,0.0,0.0,0.0,0.0,0.0,0.0,0.0,0.0
1,0.11764705882352941,0.17647058823529413,0.058823529411764705,0.0,0.0,0.058823529411764705,0.0,0.17647058823529413,0.0,0.0,0.17647058823529413,0.058823529411764705,0.11764705882352941,0.0,0.0,0.0,0.0,0.0,0.0,0.0,0.058823529411764705,0.0,0.0,0.0,0.0,0.0625,0.0,0.25,0.0,0.0,0.0625,0.125,0.0625,0.0,0.0,0.25,0.0625,0.0625,0.0,0.0,0.0,0.0,0.0,0.0,0.0,0.0,0.0625,0.0,0.0,0.0,0.13333333333333333,0.06666666666666667,0.06666666666666667,0.0,0.0,0.13333333333333333,0.0,0.13333333333333333,0.0,0.0,0.13333333333333333,0.13333333333333333,0.13333333333333333,0.0,0.0,0.0,0.0,0.0,0.0,0.0,0.0,0.0,0.06666666666666667,0.0,0.0,0.21428571428571427,0.0,0.07142857142857142,0.0,0.0,0.07142857142857142,0.14285714285714285,0.07142857142857142,0.0,0.0,0.14285714285714285,0.07142857142857142,0.14285714285714285,0.0,0.0,0.0,0.0,0.0,0.0,0.0,0.0,0.0,0.07142857142857142,0.0,0.0,0.07692307692307693,0.15384615384615385,0.07692307692307693,0.0,0.0,0.07692307692307693,0.0,0.23076923076923078,0.0,0.0,0.23076923076923078,0.07692307692307693,0.0,0.0,0.0,0.0,0.0,0.0,0.0,0.0,0.07692307692307693,0.0,0.0,0.0,0.0,0.08333333333333333,0.0,0.16666666666666666,0.0,0.0,0.16666666666666666,0.08333333333333333,0.08333333333333333,0.0,0.0,0.16666666666666666,0.08333333333333333,0.08333333333333333,0.0,0.0,0.0,0.0,0.0,0.0,0.0,0.0,0.08333333333333333,0.0,0.0,0.0
1,0.3,0.0,0.2,0.0,0.05,0.0,0.0,0.0,0.0,0.05,0.2,0.0,0.1,0.0,0.0,0.0,0.0,0.0,0.0,0.0,0.05,0.05,0.0,0.0,0.0,0.10526315789473684,0.05263157894736842,0.3157894736842105,0.0,0.05263157894736842,0.05263157894736842,0.0,0.0,0.0,0.0,0.3157894736842105,0.0,0.0,0.0,0.0,0.0,0.0,0.0,0.0,0.0,0.05263157894736842,0.0,0.0,0.0,0.05263157894736842,0.2222222222222222,0.05555555555555555,0.1111111111111111,0.0,0.1111111111111111,0.05555555555555555,0.0,0.0,0.0,0.0,0.16666666666666666,0.0,0.16666666666666666,0.0,0.0,0.0,0.0,0.0,0.0,0.0,0.05555555555555555,0.0,0.05555555555555555,0.0,0.0,0.35294117647058826,0.058823529411764705,0.058823529411764705,0.0,0.058823529411764705,0.0,0.0,0.058823529411764705,0.0,0.0,0.0,0.0,0.23529411764705882,0.0,0.058823529411764705,0.0,0.0,0.0,0.0,0.0,0.11764705882352941,0.0,0.0,0.0,0.0,0.25,0.0,0.25,0.0,0.0625,0.0625,0.0,0.0,0.0,0.0,0.125,0.0625,0.0625,0.0,0.0,0.0,0.0,0.0,0.0,0.0,0.0625,0.0,0.0625,0.0,0.0,0.2,0.0,0.3333333333333333,0.0,0.0,0.06666666666666667,0.0,0.0,0.0,0.0,0.2,0.0,0.0,0.0,0.06666666666666667,0.0,0.0,0.0,0.0,0.0,0.06666666666666667,0.0,0.06666666666666667,0.0,0.0
1,0.3333333333333333,0.0,0.26666666666666666,0.0,0.0,0.0,0.0,0.0,0.0,0.0,0.3333333333333333,0.0,0.06666666666666667,0.0,0.0,0.0,0.0,0.0,0.0,0.0,0.0,0.0,0.0,0.0,0.0,0.21428571428571427,0.0,0.35714285714285715,0.0,0.0,0.0,0.0,0.0,0.0,0.0,0.42857142857142855,0.0,0.0,0.0,0.0,0.0,0.0,0.0,0.0,0.0,0.0,0.0,0.0,0.0,0.0,0.5384615384615384,0.0,0.07692307692307693,0.0,0.0,0.0,0.0,0.0,0.0,0.0,0.07692307692307693,0.0,0.3076923076923077,0.0,0.0,0.0,0.0,0.0,0.0,0.0,0.0,0.0,0.0,0.0,0.0,0.4166666666666667,0.0,0.16666666666666666,0.0,0.0,0.0,0.0,0.0,0.0,0.0,0.25,0.0,0.16666666666666666,0.0,0.0,0.0,0.0,0.0,0.0,0.0,0.0,0.0,0.0,0.0,0.0,0.2727272727272727,0.0,0.2727272727272727,0.0,0.0,0.0,0.0,0.0,0.0,0.0,0.45454545454545453,0.0,0.0,0.0,0.0,0.0,0.0,0.0,0.0,0.0,0.0,0.0,0.0,0.0,0.0,0.5,0.0,0.1,0.0,0.0,0.0,0.0,0.0,0.0,0.0,0.2,0.0,0.2,0.0,0.0,0.0,0.0,0.0,0.0,0.0,0.0,0.0,0.0,0.0,0.0
1,0.14285714285714285,0.047619047619047616,0.23809523809523808,0.0,0.047619047619047616,0.14285714285714285,0.0,0.0,0.0,0.0,0.14285714285714285,0.09523809523809523,0.09523809523809523,0.0,0.0,0.0,0.0,0.0,0.0,0.0,0.0,0.0,0.0,0.0,0.047619047619047616,0.2,0.05,0.15,0.0,0.1,0.0,0.0,0.15,0.0,0.0,0.2,0.1,0.05,0.0,0.0,0.0,0.0,0.0,0.0,0.0,0.0,0.0,0.0,0.0,0.0,0.15789473684210525,0.15789473684210525,0.10526315789473684,0.0,0.05263157894736842,0.10526315789473684,0.0,0.05263157894736842,0.0,0.0,0.10526315789473684,0.0,0.21052631578947367,0.0,0.05263157894736842,0.0,0.0,0.0,0.0,0.0,0.0,0.0,0.0,0.0,0.0,0.2222222222222222,0.05555555555555555,0.1111111111111111,0.0,0.05555555555555555,0.1111111111111111,0.05555555555555555,0.0,0.0,0.0,0.05555555555555555,0.05555555555555555,0.2222222222222222,0.0,0.05555555555555555,0.0,0.0,0.0,0.0,0.0,0.0,0.0,0.0,0.0,0.0,0.11764705882352941,0.0,0.29411764705882354,0.0,0.058823529411764705,0.058823529411764705,0.0,0.058823529411764705,0.0,0.058823529411764705,0.23529411764705882,0.11764705882352941,0.0,0.0,0.0,0.0,0.0,0.0,0.0,0.0,0.0,0.0,0.0,0.0,0.0,0.1875,0.0625,0.125,0.0,0.0625,0.0,0.0,0.125,0.0,0.0625,0.1875,0.0625,0.125,0.0,0.0,0.0,0.0,0.0,0.0,0.0,0.0,0.0,0.0,0.0,0.0
1,0.4166666666666667,0.0,0.08333333333333333,0.0,0.16666666666666666,0.08333333333333333,0.0,0.0,0.0,0.0,0.08333333333333333,0.0,0.0,0.0,0.0,0.0,0.0,0.0,0.0,0.0,0.16666666666666666,0.0,0.0,0.0,0.0,0.45454545454545453,0.0,0.09090909090909091,0.0,0.09090909090909091,0.0,0.0,0.0,0.0,0.09090909090909091,0.09090909090909091,0.0,0.0,0.0,0.0,0.0,0.0,0.0,0.0,0.0,0.18181818181818182,0.0,0.0,0.0,0.0,0.5,0.0,0.1,0.0,0.0,0.1,0.0,0.0,0.0,0.0,0.0,0.0,0.0,0.0,0.1,0.0,0.0,0.0,0.0,0.0,0.2,0.0,0.0,0.0,0.0,0.5555555555555556,0.0,0.0,0.0,0.1111111111111111,0.1111111111111111,0.0,0.0,0.0,0.0,0.1111111111111111,0.0,0.0,0.0,0.0,0.0,0.0,0.0,0.0,0.0,0.0,0.0,0.1111111111111111,0.0,0.0,0.375,0.0,0.125,0.0,0.125,0.125,0.0,0.0,0.0,0.0,0.125,0.0,0.0,0.0,0.0,0.0,0.0,0.0,0.0,0.0,0.125,0.0,0.0,0.0,0.0,0.42857142857142855,0.0,0.0,0.0,0.14285714285714285,0.0,0.0,0.14285714285714285,0.0,0.0,0.14285714285714285,0.0,0.0,0.0,0.0,0.0,0.0,0.0,0.0,0.0,0.14285714285714285,0.0,0.0,0.0,0.0
1,0.2857142857142857,0.07142857142857142,0.21428571428571427,0.0,0.0,0.14285714285714285,0.0,0.0,0.0,0.0,0.21428571428571427,0.0,0.07142857142857142,0.0,0.0,0.0,0.0,0.0,0.0,0.0,0.0,0.0,0.0,0.0,0.0,0.3076923076923077,0.0,0.23076923076923078,0.0,0.0,0.0,0.07692307692307693,0.07692307692307693,0.0,0.0,0.3076923076923077,0.0,0.0,0.0,0.0,0.0,0.0,0.0,0.0,0.0,0.0,0.0,0.0,0.0,0.0,0.3333333333333333,0.0,0.25,0.0,0.0,0.16666666666666666,0.0,0.0,0.0,0.0,0.16666666666666666,0.0,0.08333333333333333,0.0,0.0,0.0,0.0,0.0,0.0,0.0,0.0,0.0,0.0,0.0,0.0,0.5454545454545454,0.0,0.09090909090909091,0.0,0.0,0.09090909090909091,0.0,0.09090909090909091,0.0,0.0,0.0,0.0,0.18181818181818182,0.0,0.0,0.0,0.0,0.0,0.0,0.0,0.0,0.0,0.0,0.0,0.0,0.3,0.0,0.3,0.0,0.0,0.2,0.0,0.0,0.0,0.0,0.2,0.0,0.0,0.0,0.0,0.0,0.0,0.0,0.0,0.0,0.0,0.0,0.0,0.0,0.0,0.3333333333333333,0.0,0.2222222222222222,0.0,0.0,0.1111111111111111,0.0,0.1111111111111111,0.0,0.0,0.2222222222222222,0.0,0.0,0.0,0.0,0.0,0.0,0.0,0.0,0.0,0.0,0.0,0.0,0.0,0.0
1,0.06896551724137931,0.034482758620689655,0.06896551724137931,0.034482758620689655,0.2413793103448276,0.0,0.0,0.0,0.034482758620689655,0.034482758620689655,0.034482758620689655,0.0,0.0,0.0,0.034482758620689655,0.034482758620689655,0.0,0.0,0.0,0.0,0.27586206896551724,0.034482758620689655,0.0,0.0,0.06896551724137931,0.21428571428571427,0.0,0.03571428571428571,0.03571428571428571,0.14285714285714285,0.07142857142857142,0.0,0.0,0.0,0.0,0.03571428571428571,0.0,0.0,0.0,0.03571428571428571,0.0,0.0,0.0,0.0,0.03571428571428571,0.10714285714285714,0.07142857142857142,0.03571428571428571,0.03571428571428571,0.14285714285714285,0.18518518518518517,0.07407407407407407,0.0,0.0,0.18518518518518517,0.0,0.0,0.037037037037037035,0.0,0.037037037037037035,0.037037037037037035,0.0,0.0,0.037037037037037035,0.0,0.037037037037037035,0.0,0.0,0.0,0.0,0.14814814814814814,0.0,0.037037037037037035,0.037037037037037035,0.14814814814814814,0.15384615384615385,0.038461538461538464,0.038461538461538464,0.07692307692307693,0.15384615384615385,0.038461538461538464,0.0,0.0,0.0,0.038461538461538464,0.0,0.0,0.0,0.0,0.038461538461538464,0.0,0.0,0.0,0.0,0.038461538461538464,0.23076923076923078,0.0,0.038461538461538464,0.0,0.11538461538461539,0.28,0.0,0.0,0.0,0.16,0.04,0.0,0.0,0.0,0.04,0.0,0.0,0.0,0.0,0.04,0.04,0.0,0.0,0.0,0.0,0.08,0.04,0.08,0.04,0.16,0.125,0.0,0.08333333333333333,0.0,0.25,0.041666666666666664,0.0,0.0,0.041666666666666664,0.0,0.041666666666666664,0.0,0.0,0.0,0.0,0.0,0.0,0.0,0.0,0.041666666666666664,0.20833333333333334,0.041666666666666664,0.0,0.0,0.125
1,0.10714285714285714,0.0,0.0,0.03571428571428571,0.17857142857142858,0.0,0.0,0.0,0.0,0.03571428571428571,0.0,0.0,0.0,0.0,0.03571428571428571,0.0,0.0,0.0,0.0,0.03571428571428571,0.17857142857142858,0.03571428571428571,0.03571428571428571,0.0,0.32142857142857145,0.1111111111111111,0.0,0.0,0.0,0.2222222222222222,0.037037037037037035,0.0,0.0,0.0,0.0,0.0,0.0,0.0,0.0,0.0,0.0,0.0,0.0,0.0,0.037037037037037035,0.1111111111111111,0.037037037037037035,0.037037037037037035,0.037037037037037035,0.37037037037037035,0.038461538461538464,0.0,0.038461538461538464,0.038461538461538464,0.23076923076923078,0.0,0.0,0.0,0.0,0.038461538461538464,0.0,0.0,0.0,0.0,0.0,0.038461538461538464,0.0,0.0,0.0,0.0,0.19230769230769232,0.038461538461538464,0.0,0.0,0.34615384615384615,0.08,0.0,0.0,0.0,0.28,0.0,0.0,0.0,0.0,0.04,0.0,0.0,0.0,0.0,0.0,0.04,0.0,0.0,0.0,0.0,0.12,0.04,0.04,0.04,0.32,0.08333333333333333,0.041666666666666664,0.0,0.041666666666666664,0.16666666666666666,0.0,0.0,0.041666666666666664,0.0,0.0,0.0,0.0,0.0,0.0,0.0,0.041666666666666664,0.0,0.0,0.0,0.0,0.125,0.0,0.0,0.0,0.4583333333333333,0.13043478260869565,0.0,0.0,0.043478260869565216,0.17391304347826086,0.0,0.0,0.0,0.0,0.043478260869565216,0.0,0.0,0.0,0.0,0.0,0.0,0.0,0.0,0.0,0.043478260869565216,0.08695652173913043,0.043478260869565216,0.043478260869565216,0.0,0.391304347826087
1,0.0,0.0,0.0,0.0,0.08333333333333333,0.0,0.0,0.08333333333333333,0.0,0.08333333333333333,0.0,0.0,0.08333333333333333,0.0,0.08333333333333333,0.08333333333333333,0.0,0.0,0.0,0.0,0.08333333333333333,0.16666666666666666,0.0,0.08333333333333333,0.16666666666666666,0.09090909090909091,0.0,0.0,0.0,0.0,0.0,0.0,0.09090909090909091,0.0,0.09090909090909091,0.0,0.0,0.0,0.0,0.18181818181818182,0.0,0.0,0.0,0.0,0.09090909090909091,0.09090909090909091,0.09090909090909091,0.09090909090909091,0.09090909090909091,0.09090909090909091,0.0,0.0,0.0,0.0,0.0,0.0,0.1,0.0,0.0,0.1,0.0,0.0,0.0,0.1,0.1,0.1,0.0,0.0,0.0,0.0,0.1,0.0,0.2,0.0,0.2,0.0,0.0,0.0,0.0,0.0,0.0,0.0,0.1111111111111111,0.0,0.1111111111111111,0.1111111111111111,0.0,0.0,0.1111111111111111,0.0,0.0,0.0,0.0,0.0,0.0,0.1111111111111111,0.1111111111111111,0.1111111111111111,0.0,0.2222222222222222,0.0,0.0,0.0,0.0,0.0,0.0,0.0,0.125,0.125,0.0,0.125,0.0,0.0,0.0,0.125,0.0,0.0,0.0,0.0,0.0,0.125,0.0,0.125,0.0,0.25,0.0,0.0,0.0,0.0,0.0,0.14285714285714285,0.0,0.0,0.0,0.14285714285714285,0.14285714285714285,0.0,0.0,0.0,0.14285714285714285,0.0,0.0,0.0,0.0,0.0,0.0,0.0,0.14285714285714285,0.14285714285714285,0.14285714285714285
1,0.08333333333333333,0.0,0.08333333333333333,0.08333333333333333,0.16666666666666666,0.08333333333333333,0.0,0.08333333333333333,0.0,0.0,0.0,0.16666666666666666,0.0,0.0,0.0,0.08333333333333333,0.0,0.0,0.0,0.0,0.08333333333333333,0.0,0.08333333333333333,0.0,0.0,0.18181818181818182,0.09090909090909091,0.09090909090909091,0.09090909090909091,0.0,0.09090909090909091,0.0,0.0,0.0,0.0,0.09090909090909091,0.0,0.09090909090909091,0.0,0.0,0.0,0.0,0.0,0.0,0.09090909090909091,0.0,0.09090909090909091,0.0,0.0,0.09090909090909091,0.2,0.1,0.0,0.0,0.2,0.0,0.0,0.0,0.1,0.0,0.1,0.0,0.0,0.0,0.0,0.1,0.0,0.0,0.0,0.0,0.0,0.0,0.2,0.0,0.0,0.2222222222222222,0.0,0.2222222222222222,0.0,0.1111111111111111,0.1111111111111111,0.0,0.0,0.0,0.0,0.0,0.0,0.0,0.1111111111111111,0.0,0.0,0.0,0.0,0.0,0.1111111111111111,0.0,0.1111111111111111,0.0,0.0,0.0,0.125,0.125,0.0,0.125,0.125,0.0,0.0,0.0,0.0,0.125,0.125,0.0,0.0,0.0,0.0,0.0,0.0,0.125,0.0,0.0,0.0,0.0,0.125,0.0,0.0,0.14285714285714285,0.0,0.2857142857142857,0.0,0.14285714285714285,0.14285714285714285,0.0,0.0,0.0,0.0,0.0,0.0,0.0,0.0,0.14285714285714285,0.0,0.14285714285714285,0.0,0.0,0.0,0.0,0.0,0.0,0.0,0.0
1,0.30434782608695654,0.0,0.0,0.0,0.21739130434782608,0.08695652173913043,0.0,0.043478260869565216,0.0,0.0,0.043478260869565216,0.0,0.0,0.0,0.043478260869565216,0.0,0.0,0.0,0.0,0.0,0.08695652173913043,0.08695652173913043,0.043478260869565216,0.0,0.043478260869565216,0.2727272727272727,0.09090909090909091,0.045454545454545456,0.0,0.13636363636363635,0.0,0.0,0.0,0.0,0.13636363636363635,0.0,0.0,0.0,0.0,0.045454545454545456,0.0,0.0,0.0,0.0,0.0,0.22727272727272727,0.0,0.045454545454545456,0.0,0.0,0.38095238095238093,0.047619047619047616,0.09523809523809523,0.0,0.047619047619047616,0.047619047619047616,0.0,0.0,0.0,0.047619047619047616,0.0,0.047619047619047616,0.0,0.0,0.0,0.0,0.0,0.0,0.0,0.0,0.09523809523809523,0.0,0.0,0.0,0.19047619047619047,0.35,0.05,0.0,0.0,0.2,0.1,0.0,0.0,0.0,0.0,0.0,0.0,0.05,0.0,0.0,0.0,0.0,0.0,0.0,0.0,0.05,0.05,0.05,0.0,0.1,0.21052631578947367,0.10526315789473684,0.0,0.0,0.2631578947368421,0.10526315789473684,0.0,0.0,0.0,0.0,0.0,0.0,0.0,0.0,0.05263157894736842,0.0,0.0,0.0,0.0,0.0,0.15789473684210525,0.0,0.10526315789473684,0.0,0.0,0.2222222222222222,0.1111111111111111,0.1111111111111111,0.0,0.16666666666666666,0.05555555555555555,0.0,0.0,0.0,0.05555555555555555,0.0,0.0,0.0,0.0,0.0,0.0,0.0,0.0,0.0,0.0,0.16666666666666666,0.0,0.0,0.0,0.1111111111111111
1,0.17647058823529413,0.058823529411764705,0.058823529411764705,0.0,0.0,0.0,0.0,0.0,0.0,0.17647058823529413,0.11764705882352941,0.058823529411764705,0.058823529411764705,0.0,0.0,0.0,0.0,0.0,0.0,0.0,0.0,0.058823529411764705,0.058823529411764705,0.0,0.17647058823529413,0.1875,0.0625,0.0,0.0,0.0625,0.0,0.0,0.0625,0.0,0.125,0.125,0.0,0.0625,0.0,0.0625,0.0,0.0,0.0,0.0,0.0,0.0,0.125,0.0,0.0,0.125,0.13333333333333333,0.06666666666666667,0.06666666666666667,0.0,0.06666666666666667,0.0,0.13333333333333333,0.0,0.0,0.06666666666666667,0.13333333333333333,0.0,0.06666666666666667,0.0,0.06666666666666667,0.0,0.0,0.0,0.0,0.0,0.0,0.0,0.0,0.0,0.2,0.07142857142857142,0.14285714285714285,0.07142857142857142,0.0,0.07142857142857142,0.0,0.0,0.0,0.0,0.14285714285714285,0.21428571428571427,0.07142857142857142,0.0,0.0,0.0,0.0,0.0,0.0,0.0,0.0,0.0,0.0,0.0,0.0,0.21428571428571427,0.07692307692307693,0.07692307692307693,0.07692307692307693,0.0,0.15384615384615385,0.0,0.0,0.0,0.0,0.15384615384615385,0.15384615384615385,0.07692307692307693,0.0,0.0,0.07692307692307693,0.0,0.0,0.0,0.0,0.0,0.0,0.07692307692307693,0.0,0.0,0.07692307692307693,0.0,0.16666666666666666,0.08333333333333333,0.0,0.16666666666666666,0.0,0.08333333333333333,0.0,0.0,0.08333333333333333,0.16666666666666666,0.0,0.0,0.0,0.16666666666666666,0.0,0.0,0.0,0.0,0.0,0.0,0.0,0.0,0.0,0.08333333333333333
1,0.4,0.04,0.08,0.0,0.16,0.04,0.0,0.0,0.0,0.0,0.08,0.0,0.0,0.0,0.0,0.0,0.0,0.0,0.0,0.0,0.12,0.0,0.0,0.0,0.08,0.4166666666666667,0.041666666666666664,0.08333333333333333,0.0,0.16666666666666666,0.0,0.0,0.0,0.0,0.041666666666666664,0.08333333333333333,0.0,0.0,0.0,0.0,0.0,0.0,0.0,0.0,0.0,0.125,0.0,0.0,0.0,0.041666666666666664,0.391304347826087,0.043478260869565216,0.043478260869565216,0.0,0.21739130434782608,0.043478260869565216,0.0,0.0,0.0,0.0,0.08695652173913043,0.0,0.0,0.0,0.0,0.0,0.0,0.0,0.0,0.0,0.08695652173913043,0.0,0.043478260869565216,0.0,0.043478260869565216,0.5,0.045454545454545456,0.0,0.0,0.13636363636363635,0.0,0.0,0.0,0.0,0.045454545454545456,0.045454545454545456,0.0,0.045454545454545456,0.0,0.0,0.0,0.0,0.0,0.0,0.0,0.09090909090909091,0.0,0.045454545454545456,0.0,0.045454545454545456,0.42857142857142855,0.047619047619047616,0.09523809523809523,0.0,0.14285714285714285,0.047619047619047616,0.0,0.0,0.0,0.0,0.09523809523809523,0.0,0.0,0.0,0.0,0.0,0.0,0.0,0.0,0.0,0.09523809523809523,0.0,0.0,0.0,0.047619047619047616,0.45,0.0,0.1,0.0,0.15,0.05,0.0,0.0,0.0,0.0,0.05,0.05,0.0,0.0,0.0,0.0,0.0,0.0,0.0,0.0,0.1,0.0,0.0,0.0,0.05
1,0.15853658536585366,0.0,0.07317073170731707,0.024390243902439025,0.13414634146341464,0.012195121951219513,0.0,0.0,0.012195121951219513,0.0,0.0975609756097561,0.0,0.04878048780487805,0.012195121951219513,0.036585365853658534,0.036585365853658534,0.0,0.024390243902439025,0.024390243902439025,0.024390243902439025,0.08536585365853659,0.024390243902439025,0.04878048780487805,0.036585365853658534,0.08536585365853659,0.1111111111111111,0.012345679012345678,0.08641975308641975,0.037037037037037035,0.13580246913580246,0.012345679012345678,0.0,0.012345679012345678,0.0,0.0,0.09876543209876543,0.012345679012345678,0.024691358024691357,0.012345679012345678,0.04938271604938271,0.06172839506172839,0.0,0.012345679012345678,0.0,0.037037037037037035,0.09876543209876543,0.0,0.06172839506172839,0.06172839506172839,0.06172839506172839,0.125,0.0125,0.075,0.05,0.1125,0.0125,0.0,0.0125,0.0,0.0,0.075,0.0125,0.0375,0.0125,0.0625,0.0625,0.0,0.025,0.0,0.025,0.1,0.0,0.05,0.05,0.0875,0.13924050632911392,0.012658227848101266,0.0759493670886076,0.0379746835443038,0.11392405063291139,0.012658227848101266,0.0,0.0,0.0,0.012658227848101266,0.08860759493670886,0.012658227848101266,0.05063291139240506,0.02531645569620253,0.02531645569620253,0.05063291139240506,0.0,0.012658227848101266,0.0,0.05063291139240506,0.08860759493670886,0.0,0.06329113924050633,0.05063291139240506,0.0759493670886076,0.10256410256410256,0.01282051282051282,0.07692307692307693,0.0641025641025641,0.1282051282051282,0.01282051282051282,0.0,0.0,0.0,0.01282051282051282,0.07692307692307693,0.01282051282051282,0.0641025641025641,0.01282051282051282,0.02564102564102564,0.05128205128205128,0.0,0.02564102564102564,0.0,0.038461538461538464,0.14102564102564102,0.0,0.038461538461538464,0.02564102564102564,0.07692307692307693,0.09090909090909091,0.0,0.14285714285714285,0.06493506493506493,0.09090909090909091,0.0,0.012987012987012988,0.012987012987012988,0.0,0.0,0.12987012987012986,0.012987012987012988,0.0,0.012987012987012988,0.03896103896103896,0.03896103896103896,0.0,0.025974025974025976,0.012987012987012988,0.025974025974025976,0.12987012987012986,0.0,0.025974025974025976,0.012987012987012988,0.11688311688311688
1,0.3333333333333333,0.0,0.2222222222222222,0.0,0.0,0.05555555555555555,0.0,0.0,0.0,0.0,0.2222222222222222,0.0,0.16666666666666666,0.0,0.0,0.0,0.0,0.0,0.0,0.0,0.0,0.0,0.0,0.0,0.0,0.17647058823529413,0.0,0.35294117647058826,0.0,0.0,0.058823529411764705,0.0,0.0,0.0,0.0,0.35294117647058826,0.0,0.058823529411764705,0.0,0.0,0.0,0.0,0.0,0.0,0.0,0.0,0.0,0.0,0.0,0.0,0.375,0.0,0.1875,0.0,0.0,0.0625,0.0,0.0,0.0,0.0,0.125,0.0,0.25,0.0,0.0,0.0,0.0,0.0,0.0,0.0,0.0,0.0,0.0,0.0,0.0,0.4,0.0,0.2,0.0,0.0,0.06666666666666667,0.0,0.0,0.0,0.0,0.06666666666666667,0.0,0.26666666666666666,0.0,0.0,0.0,0.0,0.0,0.0,0.0,0.0,0.0,0.0,0.0,0.0,0.21428571428571427,0.0,0.35714285714285715,0.0,0.0,0.0,0.0,0.07142857142857142,0.0,0.0,0.2857142857142857,0.0,0.07142857142857142,0.0,0.0,0.0,0.0,0.0,0.0,0.0,0.0,0.0,0.0,0.0,0.0,0.23076923076923078,0.0,0.3076923076923077,0.0,0.0,0.07692307692307693,0.0,0.0,0.0,0.0,0.23076923076923078,0.0,0.15384615384615385,0.0,0.0,0.0,0.0,0.0,0.0,0.0,0.0,0.0,0.0,0.0,0.0
1,0.11764705882352941,0.11764705882352941,0.11764705882352941,0.0,0.0,0.058823529411764705,0.058823529411764705,0.11764705882352941,0.0,0.0,0.17647058823529413,0.058823529411764705,0.11764705882352941,0.0,0.0,0.0,0.0,0.0,0.0,0.0,0.058823529411764705,0.0,0.0,0.0,0.0,0.0625,0.0625,0.1875,0.0,0.0,0.125,0.0625,0.0625,0.0,0.0,0.1875,0.0625,0.125,0.0,0.0,0.0,0.0,0.0,0.0,0.0,0.0,0.0625,0.0,0.0,0.0,0.13333333333333333,0.06666666666666667,0.06666666666666667,0.0,0.0,0.06666666666666667,0.0,0.2,0.0,0.0,0.2,0.06666666666666667,0.13333333333333333,0.0,0.0,0.0,0.0,0.0,0.0,0.0,0.0,0.06666666666666667,0.0,0.0,0.0,0.21428571428571427,0.0,0.07142857142857142,0.0,0.0,0.07142857142857142,0.0,0.21428571428571427,0.0,0.0,0.14285714285714285,0.14285714285714285,0.07142857142857142,0.0,0.0,0.0,0.0,0.0,0.0,0.0,0.0,0.0,0.07142857142857142,0.0,0.0,0.07692307692307693,0.07692307692307693,0.15384615384615385,0.0,0.0,0.07692307692307693,0.07692307692307693,0.15384615384615385,0.0,0.0,0.23076923076923078,0.0,0.07692307692307693,0.0,0.0,0.0,0.0,0.0,0.0,0.0,0.07692307692307693,0.0,0.0,0.0,0.0,0.08333333333333333,0.0,0.16666666666666666,0.0,0.0,0.16666666666666666,0.08333333333333333,0.08333333333333333,0.0,0.0,0.16666666666666666,0.08333333333333333,0.08333333333333333,0.0,0.0,0.0,0.0,0.0,0.0,0.0,0.0,0.0,0.08333333333333333,0.0,0.0
1,0.09090909090909091,0.0,0.0,0.09090909090909091,0.2727272727272727,0.09090909090909091,0.0,0.0,0.0,0.0,0.0,0.09090909090909091,0.0,0.0,0.0,0.0,0.0,0.09090909090909091,0.0,0.0,0.18181818181818182,0.0,0.0,0.0,0.09090909090909091,0.2,0.0,0.1,0.0,0.2,0.1,0.0,0.0,0.0,0.0,0.1,0.0,0.0,0.0,0.0,0.0,0.1,0.0,0.0,0.0,0.0,0.0,0.0,0.1,0.1,0.1111111111111111,0.1111111111111111,0.0,0.1111111111111111,0.1111111111111111,0.0,0.0,0.0,0.0,0.1111111111111111,0.1111111111111111,0.0,0.0,0.0,0.0,0.1111111111111111,0.0,0.0,0.0,0.0,0.0,0.0,0.1111111111111111,0.0,0.1111111111111111,0.125,0.0,0.125,0.0,0.25,0.125,0.0,0.0,0.0,0.0,0.0,0.0,0.0,0.0,0.125,0.125,0.0,0.0,0.0,0.0,0.0,0.125,0.0,0.0,0.0,0.14285714285714285,0.14285714285714285,0.0,0.0,0.14285714285714285,0.0,0.0,0.0,0.0,0.14285714285714285,0.14285714285714285,0.0,0.0,0.0,0.0,0.0,0.0,0.0,0.0,0.14285714285714285,0.14285714285714285,0.0,0.0,0.0,0.0,0.16666666666666666,0.0,0.0,0.0,0.16666666666666666,0.0,0.0,0.0,0.0,0.16666666666666666,0.0,0.0,0.0,0.0,0.16666666666666666,0.16666666666666666,0.0,0.0,0.0,0.0,0.16666666666666666,0.0,0.0,0.0,0.0
1,0.2857142857142857,0.0,0.21428571428571427,0.0,0.07142857142857142,0.0,0.0,0.07142857142857142,0.0,0.0,0.21428571428571427,0.0,0.07142857142857142,0.0,0.0,0.0,0.0,0.0,0.0,0.0,0.0,0.07142857142857142,0.0,0.0,0.0,0.23076923076923078,0.07692307692307693,0.23076923076923078,0.0,0.0,0.0,0.0,0.07692307692307693,0.0,0.0,0.3076923076923077,0.0,0.0,0.0,0.0,0.0,0.0,0.0,0.0,0.0,0.0,0.0,0.07692307692307693,0.0,0.0,0.3333333333333333,0.0,0.16666666666666666,0.0,0.0,0.08333333333333333,0.0,0.0,0.0,0.0,0.16666666666666666,0.0,0.16666666666666666,0.0,0.0,0.0,0.0,0.0,0.0,0.0,0.0,0.0,0.08333333333333333,0.0,0.0,0.2727272727272727,0.0,0.2727272727272727,0.0,0.0,0.09090909090909091,0.0,0.0,0.0,0.0,0.18181818181818182,0.0,0.09090909090909091,0.0,0.0,0.0,0.0,0.0,0.0,0.0,0.09090909090909091,0.0,0.0,0.0,0.0,0.3,0.0,0.2,0.0,0.0,0.1,0.0,0.0,0.0,0.0,0.2,0.0,0.1,0.0,0.0,0.0,0.0,0.0,0.0,0.0,0.1,0.0,0.0,0.0,0.0,0.3333333333333333,0.0,0.1111111111111111,0.0,0.0,0.0,0.0,0.1111111111111111,0.0,0.0,0.2222222222222222,0.0,0.1111111111111111,0.0,0.0,0.0,0.0,0.0,0.0,0.0,0.1111111111111111,0.0,0.0,0.0,0.0
1,0.044444444444444446,0.044444444444444446,0.022222222222222223,0.0,0.17777777777777778,0.0,0.0,0.0,0.0,0.044444444444444446,0.044444444444444446,0.0,0.0,0.0,0.06666666666666667,0.0,0.0,0.0,0.0,0.022222222222222223,0.2,0.0,0.08888888888888889,0.022222222222222223,0.2222222222222222,0.11363636363636363,0.0,0.045454545454545456,0.0,0.13636363636363635,0.0,0.0,0.022727272727272728,0.0,0.022727272727272728,0.06818181818181818,0.0,0.0,0.0,0.045454545454545456,0.022727272727272728,0.0,0.0,0.0,0.0,0.09090909090909091,0.045454545454545456,0.045454545454545456,0.022727272727272728,0.3181818181818182,0.09302325581395349,0.0,0.046511627906976744,0.0,0.16279069767441862,0.0,0.0,0.0,0.0,0.023255813953488372,0.023255813953488372,0.023255813953488372,0.0,0.0,0.06976744186046512,0.0,0.023255813953488372,0.0,0.0,0.0,0.18604651162790697,0.0,0.06976744186046512,0.023255813953488372,0.2558139534883721,0.09523809523809523,0.023809523809523808,0.023809523809523808,0.023809523809523808,0.11904761904761904,0.0,0.0,0.023809523809523808,0.0,0.0,0.07142857142857142,0.0,0.0,0.0,0.047619047619047616,0.0,0.0,0.0,0.0,0.023809523809523808,0.14285714285714285,0.023809523809523808,0.07142857142857142,0.0,0.30952380952380953,0.04878048780487805,0.0,0.04878048780487805,0.0,0.1951219512195122,0.024390243902439025,0.0,0.0,0.0,0.0,0.0,0.0,0.0,0.0,0.12195121951219512,0.0,0.0,0.024390243902439025,0.0,0.0,0.24390243902439024,0.04878048780487805,0.04878048780487805,0.024390243902439025,0.17073170731707318,0.15,0.0,0.025,0.025,0.1,0.0,0.0,0.0,0.0,0.025,0.025,0.0,0.025,0.0,0.075,0.0,0.0,0.0,0.0,0.0,0.15,0.05,0.075,0.0,0.275
1,0.1,0.1,0.2,0.0,0.0,0.2,0.0,0.05,0.0,0.0,0.1,0.15,0.1,0.0,0.0,0.0,0.0,0.0,0.0,0.0,0.0,0.0,0.0,0.0,0.0,0.15789473684210525,0.05263157894736842,0.15789473684210525,0.0,0.0,0.0,0.10526315789473684,0.15789473684210525,0.0,0.0,0.21052631578947367,0.10526315789473684,0.05263157894736842,0.0,0.0,0.0,0.0,0.0,0.0,0.0,0.0,0.0,0.0,0.0,0.0,0.05555555555555555,0.16666666666666666,0.16666666666666666,0.0,0.0,0.2222222222222222,0.0,0.05555555555555555,0.0,0.0,0.1111111111111111,0.05555555555555555,0.16666666666666666,0.0,0.0,0.0,0.0,0.0,0.0,0.0,0.0,0.0,0.0,0.0,0.0,0.17647058823529413,0.058823529411764705,0.11764705882352941,0.0,0.0,0.058823529411764705,0.11764705882352941,0.11764705882352941,0.0,0.0,0.17647058823529413,0.058823529411764705,0.11764705882352941,0.0,0.0,0.0,0.0,0.0,0.0,0.0,0.0,0.0,0.0,0.0,0.0,0.0625,0.1875,0.125,0.0,0.0,0.125,0.0,0.125,0.0,0.0,0.25,0.0,0.125,0.0,0.0,0.0,0.0,0.0,0.0,0.0,0.0,0.0,0.0,0.0,0.0,0.3333333333333333,0.06666666666666667,0.0,0.0,0.0,0.0,0.13333333333333333,0.13333333333333333,0.0,0.0,0.06666666666666667,0.0,0.26666666666666666,0.0,0.0,0.0,0.0,0.0,0.0,0.0,0.0,0.0,0.0,0.0,0.0
1,0.3888888888888889,0.0,0.2222222222222222,0.0,0.0,0.05555555555555555,0.0,0.0,0.0,0.0,0.2222222222222222,0.0,0.1111111111111111,0.0,0.0,0.0,0.0,0.0,0.0,0.0,0.0,0.0,0.0,0.0,0.0,0.29411764705882354,0.0,0.29411764705882354,0.0,0.0,0.0,0.0,0.058823529411764705,0.0,0.0,0.35294117647058826,0.0,0.0,0.0,0.0,0.0,0.0,0.0,0.0,0.0,0.0,0.0,0.0,0.0,0.0,0.5,0.0,0.0625,0.0,0.0,0.0,0.0,0.0625,0.0,0.0,0.1875,0.0,0.1875,0.0,0.0,0.0,0.0,0.0,0.0,0.0,0.0,0.0,0.0,0.0,0.0,0.4666666666666667,0.0,0.06666666666666667,0.0,0.0,0.06666666666666667,0.0,0.0,0.0,0.0,0.2,0.0,0.2,0.0,0.0,0.0,0.0,0.0,0.0,0.0,0.0,0.0,0.0,0.0,0.0,0.21428571428571427,0.0,0.2857142857142857,0.0,0.0,0.07142857142857142,0.0,0.0,0.0,0.0,0.42857142857142855,0.0,0.0,0.0,0.0,0.0,0.0,0.0,0.0,0.0,0.0,0.0,0.0,0.0,0.0,0.38461538461538464,0.0,0.15384615384615385,0.0,0.0,0.0,0.0,0.07692307692307693,0.0,0.0,0.3076923076923077,0.0,0.07692307692307693,0.0,0.0,0.0,0.0,0.0,0.0,0.0,0.0,0.0,0.0,0.0,0.0
1,0.4166666666666667,0.08333333333333333,0.16666666666666666,0.0,0.0,0.08333333333333333,0.0,0.0,0.0,0.0,0.16666666666666666,0.0,0.08333333333333333,0.0,0.0,0.0,0.0,0.0,0.0,0.0,0.0,0.0,0.0,0.0,0.0,0.36363636363636365,0.0,0.2727272727272727,0.0,0.0,0.09090909090909091,0.0,0.0,0.0,0.0,0.2727272727272727,0.0,0.0,0.0,0.0,0.0,0.0,0.0,0.0,0.0,0.0,0.0,0.0,0.0,0.0,0.5,0.0,0.2,0.0,0.0,0.1,0.0,0.0,0.0,0.0,0.1,0.0,0.1,0.0,0.0,0.0,0.0,0.0,0.0,0.0,0.0,0.0,0.0,0.0,0.0,0.5555555555555556,0.0,0.2222222222222222,0.0,0.0,0.1111111111111111,0.0,0.0,0.0,0.0,0.0,0.0,0.1111111111111111,0.0,0.0,0.0,0.0,0.0,0.0,0.0,0.0,0.0,0.0,0.0,0.0,0.5,0.0,0.25,0.0,0.0,0.0,0.0,0.125,0.0,0.0,0.125,0.0,0.0,0.0,0.0,0.0,0.0,0.0,0.0,0.0,0.0,0.0,0.0,0.0,0.0,0.2857142857142857,0.0,0.42857142857142855,0.0,0.0,0.14285714285714285,0.0,0.0,0.0,0.0,0.14285714285714285,0.0,0.0,0.0,0.0,0.0,0.0,0.0,0.0,0.0,0.0,0.0,0.0,0.0,0.0
1,0.08333333333333333,0.041666666666666664,0.16666666666666666,0.0,0.08333333333333333,0.0,0.0,0.0,0.041666666666666664,0.041666666666666664,0.041666666666666664,0.0,0.041666666666666664,0.041666666666666664,0.08333333333333333,0.125,0.0,0.0,0.0,0.0,0.08333333333333333,0.041666666666666664,0.0,0.041666666666666664,0.041666666666666664,0.08695652173913043,0.0,0.13043478260869565,0.08695652173913043,0.08695652173913043,0.043478260869565216,0.043478260869565216,0.0,0.0,0.0,0.08695652173913043,0.043478260869565216,0.0,0.0,0.08695652173913043,0.043478260869565216,0.0,0.043478260869565216,0.0,0.043478260869565216,0.08695652173913043,0.0,0.043478260869565216,0.043478260869565216,0.0,0.18181818181818182,0.09090909090909091,0.09090909090909091,0.0,0.045454545454545456,0.0,0.0,0.045454545454545456,0.045454545454545456,0.0,0.09090909090909091,0.0,0.0,0.0,0.09090909090909091,0.045454545454545456,0.0,0.045454545454545456,0.045454545454545456,0.0,0.045454545454545456,0.0,0.045454545454545456,0.0,0.09090909090909091,0.09523809523809523,0.047619047619047616,0.0,0.047619047619047616,0.23809523809523808,0.047619047619047616,0.0,0.0,0.047619047619047616,0.0,0.0,0.047619047619047616,0.09523809523809523,0.0,0.0,0.047619047619047616,0.0,0.09523809523809523,0.0,0.0,0.14285714285714285,0.0,0.047619047619047616,0.0,0.0,0.15,0.05,0.1,0.0,0.1,0.05,0.0,0.05,0.0,0.0,0.05,0.0,0.05,0.05,0.0,0.05,0.0,0.0,0.0,0.1,0.05,0.05,0.05,0.05,0.0,0.10526315789473684,0.05263157894736842,0.15789473684210525,0.05263157894736842,0.0,0.05263157894736842,0.0,0.0,0.05263157894736842,0.0,0.05263157894736842,0.05263157894736842,0.0,0.0,0.05263157894736842,0.05263157894736842,0.0,0.05263157894736842,0.0,0.05263157894736842,0.05263157894736842,0.0,0.05263157894736842,0.0,0.10526315789473684
1,0.02857142857142857,0.05714285714285714,0.05714285714285714,0.0,0.14285714285714285,0.0,0.0,0.02857142857142857,0.0,0.08571428571428572,0.08571428571428572,0.02857142857142857,0.0,0.0,0.02857142857142857,0.0,0.0,0.02857142857142857,0.0,0.0,0.17142857142857143,0.02857142857142857,0.05714285714285714,0.0,0.17142857142857143,0.058823529411764705,0.0,0.0,0.0,0.23529411764705882,0.058823529411764705,0.0,0.029411764705882353,0.0,0.029411764705882353,0.0,0.0,0.058823529411764705,0.0,0.08823529411764706,0.0,0.029411764705882353,0.0,0.0,0.0,0.17647058823529413,0.08823529411764706,0.058823529411764705,0.0,0.08823529411764706,0.12121212121212122,0.030303030303030304,0.06060606060606061,0.0,0.09090909090909091,0.06060606060606061,0.0,0.030303030303030304,0.0,0.030303030303030304,0.06060606060606061,0.0,0.030303030303030304,0.0,0.06060606060606061,0.0,0.0,0.0,0.0,0.030303030303030304,0.06060606060606061,0.06060606060606061,0.030303030303030304,0.0,0.24242424242424243,0.09375,0.0625,0.0625,0.0,0.09375,0.03125,0.0,0.0,0.0,0.09375,0.03125,0.0,0.03125,0.0,0.0625,0.0,0.0,0.0,0.0,0.03125,0.15625,0.03125,0.0625,0.0,0.15625,0.03225806451612903,0.06451612903225806,0.0,0.0,0.1935483870967742,0.06451612903225806,0.0,0.03225806451612903,0.0,0.03225806451612903,0.0,0.0,0.03225806451612903,0.0,0.0967741935483871,0.03225806451612903,0.0,0.0,0.0,0.0,0.1935483870967742,0.03225806451612903,0.0967741935483871,0.0,0.0967741935483871,0.1,0.0,0.13333333333333333,0.0,0.06666666666666667,0.03333333333333333,0.03333333333333333,0.0,0.0,0.06666666666666667,0.0,0.03333333333333333,0.0,0.0,0.06666666666666667,0.0,0.0,0.0,0.0,0.03333333333333333,0.16666666666666666,0.03333333333333333,0.03333333333333333,0.0,0.2
1,0.09523809523809523,0.0,0.047619047619047616,0.047619047619047616,0.14285714285714285,0.047619047619047616,0.047619047619047616,0.0,0.0,0.047619047619047616,0.047619047619047616,0.047619047619047616,0.0,0.0,0.0,0.0,0.0,0.047619047619047616,0.0,0.0,0.19047619047619047,0.047619047619047616,0.0,0.0,0.14285714285714285,0.2,0.0,0.1,0.0,0.05,0.1,0.0,0.0,0.0,0.0,0.0,0.0,0.0,0.0,0.1,0.0,0.05,0.0,0.0,0.0,0.05,0.1,0.0,0.05,0.2,0.05263157894736842,0.05263157894736842,0.05263157894736842,0.05263157894736842,0.15789473684210525,0.0,0.0,0.0,0.0,0.05263157894736842,0.10526315789473684,0.0,0.0,0.0,0.0,0.0,0.0,0.0,0.0,0.05263157894736842,0.15789473684210525,0.10526315789473684,0.05263157894736842,0.0,0.10526315789473684,0.16666666666666666,0.0,0.05555555555555555,0.0,0.16666666666666666,0.0,0.0,0.0,0.0,0.05555555555555555,0.0,0.0,0.0,0.0,0.1111111111111111,0.05555555555555555,0.0,0.0,0.0,0.0,0.05555555555555555,0.16666666666666666,0.05555555555555555,0.05555555555555555,0.05555555555555555,0.11764705882352941,0.11764705882352941,0.0,0.058823529411764705,0.11764705882352941,0.0,0.0,0.0,0.0,0.058823529411764705,0.058823529411764705,0.0,0.0,0.0,0.058823529411764705,0.0,0.0,0.0,0.0,0.058823529411764705,0.11764705882352941,0.058823529411764705,0.058823529411764705,0.0,0.11764705882352941,0.125,0.0625,0.0625,0.0,0.1875,0.0,0.0,0.0,0.0,0.0625,0.0,0.0,0.0,0.0625,0.0625,0.0,0.0,0.0,0.0,0.0625,0.125,0.125,0.0,0.0,0.0625
1,0.19047619047619047,0.047619047619047616,0.14285714285714285,0.0,0.047619047619047616,0.0,0.047619047619047616,0.09523809523809523,0.0,0.0,0.19047619047619047,0.0,0.09523809523809523,0.0,0.047619047619047616,0.0,0.0,0.0,0.0,0.0,0.09523809523809523,0.0,0.0,0.0,0.0,0.15,0.0,0.2,0.0,0.1,0.05,0.0,0.1,0.0,0.0,0.3,0.05,0.0,0.0,0.0,0.0,0.0,0.0,0.0,0.0,0.0,0.0,0.05,0.0,0.0,0.3157894736842105,0.0,0.05263157894736842,0.0,0.05263157894736842,0.10526315789473684,0.0,0.05263157894736842,0.0,0.0,0.10526315789473684,0.05263157894736842,0.15789473684210525,0.0,0.05263157894736842,0.0,0.0,0.0,0.0,0.0,0.0,0.0,0.05263157894736842,0.0,0.0,0.2777777777777778,0.0,0.1111111111111111,0.0,0.0,0.1111111111111111,0.05555555555555555,0.0,0.0,0.0,0.1111111111111111,0.0,0.16666666666666666,0.0,0.1111111111111111,0.0,0.0,0.0,0.0,0.0,0.05555555555555555,0.0,0.0,0.0,0.0,0.11764705882352941,0.0,0.17647058823529413,0.0,0.11764705882352941,0.0,0.058823529411764705,0.11764705882352941,0.0,0.0,0.35294117647058826,0.0,0.0,0.0,0.0,0.0,0.0,0.0,0.0,0.0,0.058823529411764705,0.0,0.0,0.0,0.0,0.1875,0.0,0.1875,0.0,0.0625,0.125,0.0,0.0625,0.0,0.0,0.25,0.0,0.0625,0.0,0.0,0.0,0.0,0.0,0.0,0.0,0.0,0.0,0.0,0.0,0.0625
1,0.3333333333333333,0.0,0.25,0.0,0.0,0.08333333333333333,0.0,0.0,0.0,0.0,0.25,0.0,0.08333333333333333,0.0,0.0,0.0,0.0,0.0,0.0,0.0,0.0,0.0,0.0,0.0,0.0,0.2727272727272727,0.0,0.2727272727272727,0.0,0.0,0.0,0.0,0.09090909090909091,0.0,0.0,0.36363636363636365,0.0,0.0,0.0,0.0,0.0,0.0,0.0,0.0,0.0,0.0,0.0,0.0,0.0,0.0,0.4,0.0,0.2,0.0,0.0,0.1,0.0,0.0,0.0,0.0,0.2,0.0,0.1,0.0,0.0,0.0,0.0,0.0,0.0,0.0,0.0,0.0,0.0,0.0,0.0,0.5555555555555556,0.0,0.1111111111111111,0.0,0.0,0.1111111111111111,0.0,0.0,0.0,0.0,0.0,0.0,0.2222222222222222,0.0,0.0,0.0,0.0,0.0,0.0,0.0,0.0,0.0,0.0,0.0,0.0,0.25,0.0,0.375,0.0,0.0,0.125,0.0,0.0,0.0,0.0,0.25,0.0,0.0,0.0,0.0,0.0,0.0,0.0,0.0,0.0,0.0,0.0,0.0,0.0,0.0,0.2857142857142857,0.0,0.2857142857142857,0.0,0.0,0.0,0.0,0.14285714285714285,0.0,0.0,0.2857142857142857,0.0,0.0,0.0,0.0,0.0,0.0,0.0,0.0,0.0,0.0,0.0,0.0,0.0,0.0
1,0.09090909090909091,0.09090909090909091,0.09090909090909091,0.09090909090909091,0.0,0.09090909090909091,0.09090909090909091,0.0,0.09090909090909091,0.0,0.18181818181818182,0.0,0.0,0.0,0.0,0.0,0.09090909090909091,0.0,0.0,0.0,0.0,0.0,0.09090909090909091,0.0,0.0,0.1,0.0,0.0,0.2,0.0,0.1,0.1,0.1,0.0,0.0,0.1,0.1,0.0,0.0,0.0,0.0,0.1,0.0,0.0,0.0,0.1,0.0,0.0,0.0,0.0,0.1111111111111111,0.1111111111111111,0.0,0.0,0.0,0.1111111111111111,0.1111111111111111,0.1111111111111111,0.0,0.0,0.0,0.0,0.0,0.2222222222222222,0.0,0.1111111111111111,0.0,0.0,0.0,0.0,0.0,0.1111111111111111,0.0,0.0,0.0,0.0,0.125,0.0,0.125,0.0,0.375,0.0,0.0,0.0,0.0,0.0,0.125,0.0,0.0,0.0,0.0,0.0,0.125,0.0,0.0,0.0,0.0,0.0,0.125,0.0,0.14285714285714285,0.0,0.0,0.0,0.0,0.14285714285714285,0.0,0.14285714285714285,0.14285714285714285,0.0,0.0,0.14285714285714285,0.0,0.0,0.0,0.14285714285714285,0.0,0.0,0.0,0.0,0.0,0.14285714285714285,0.0,0.0,0.0,0.0,0.0,0.16666666666666666,0.0,0.0,0.16666666666666666,0.0,0.0,0.16666666666666666,0.0,0.16666666666666666,0.0,0.0,0.0,0.0,0.16666666666666666,0.0,0.0,0.0,0.0,0.0,0.16666666666666666,0.0,0.0,0.0
1,0.07142857142857142,0.0,0.14285714285714285,0.0,0.07142857142857142,0.07142857142857142,0.07142857142857142,0.07142857142857142,0.0,0.0,0.14285714285714285,0.14285714285714285,0.14285714285714285,0.0,0.0,0.0,0.0,0.0,0.0,0.0,0.0,0.0,0.07142857142857142,0.0,0.0,0.07692307692307693,0.0,0.23076923076923078,0.0,0.0,0.0,0.0,0.23076923076923078,0.0,0.0,0.23076923076923078,0.07692307692307693,0.0,0.0,0.07692307692307693,0.0,0.0,0.0,0.0,0.0,0.0,0.07692307692307693,0.0,0.0,0.0,0.08333333333333333,0.16666666666666666,0.08333333333333333,0.0,0.0,0.16666666666666666,0.0,0.08333333333333333,0.0,0.0,0.0,0.0,0.25,0.0,0.08333333333333333,0.0,0.0,0.0,0.0,0.0,0.08333333333333333,0.0,0.0,0.0,0.0,0.09090909090909091,0.09090909090909091,0.09090909090909091,0.0,0.0,0.18181818181818182,0.0,0.0,0.0,0.09090909090909091,0.09090909090909091,0.09090909090909091,0.18181818181818182,0.0,0.0,0.0,0.0,0.0,0.0,0.0,0.0,0.0,0.09090909090909091,0.0,0.0,0.0,0.0,0.2,0.0,0.0,0.0,0.0,0.2,0.0,0.1,0.2,0.2,0.0,0.0,0.0,0.0,0.0,0.0,0.0,0.0,0.1,0.0,0.0,0.0,0.0,0.1111111111111111,0.1111111111111111,0.0,0.0,0.0,0.0,0.1111111111111111,0.2222222222222222,0.0,0.0,0.1111111111111111,0.0,0.2222222222222222,0.0,0.0,0.0,0.0,0.0,0.0,0.0,0.1111111111111111,0.0,0.0,0.0,0.0
1,0.0,0.06666666666666667,0.13333333333333333,0.0,0.0,0.0,0.06666666666666667,0.06666666666666667,0.0,0.06666666666666667,0.13333333333333333,0.06666666666666667,0.13333333333333333,0.0,0.06666666666666667,0.0,0.0,0.0,0.0,0.0,0.06666666666666667,0.0,0.06666666666666667,0.0,0.06666666666666667,0.07142857142857142,0.14285714285714285,0.0,0.0,0.0,0.0,0.0,0.07142857142857142,0.0,0.14285714285714285,0.14285714285714285,0.07142857142857142,0.14285714285714285,0.0,0.0,0.0,0.0,0.0,0.0,0.0,0.0,0.0,0.21428571428571427,0.0,0.0,0.0,0.07692307692307693,0.07692307692307693,0.0,0.07692307692307693,0.0,0.0,0.07692307692307693,0.0,0.07692307692307693,0.0,0.15384615384615385,0.23076923076923078,0.0,0.0,0.0,0.0,0.0,0.0,0.0,0.15384615384615385,0.0,0.07692307692307693,0.0,0.0,0.0,0.08333333333333333,0.08333333333333333,0.0,0.08333333333333333,0.0,0.0,0.16666666666666666,0.0,0.0,0.08333333333333333,0.08333333333333333,0.08333333333333333,0.0,0.08333333333333333,0.0,0.0,0.0,0.0,0.0,0.08333333333333333,0.08333333333333333,0.08333333333333333,0.0,0.0,0.0,0.0,0.09090909090909091,0.0,0.09090909090909091,0.09090909090909091,0.0,0.09090909090909091,0.0,0.0,0.0,0.09090909090909091,0.18181818181818182,0.0,0.09090909090909091,0.0,0.0,0.0,0.0,0.0,0.0,0.18181818181818182,0.09090909090909091,0.0,0.0,0.0,0.0,0.1,0.0,0.1,0.1,0.0,0.1,0.0,0.0,0.0,0.1,0.2,0.0,0.0,0.0,0.0,0.0,0.0,0.0,0.0,0.1,0.1,0.0,0.1
1,0.11764705882352941,0.17647058823529413,0.058823529411764705,0.0,0.0,0.058823529411764705,0.0,0.17647058823529413,0.0,0.0,0.17647058823529413,0.058823529411764705,0.11764705882352941,0.0,0.0,0.0,0.0,0.0,0.0,0.0,0.058823529411764705,0.0,0.0,0.0,0.0,0.0,0.0,0.3125,0.0,0.0,0.0625,0.125,0.0625,0.0,0.0,0.3125,0.0625,0.0,0.0,0.0,0.0,0.0,0.0,0.0,0.0,0.0,0.0625,0.0,0.0,0.0,0.13333333333333333,0.06666666666666667,0.13333333333333333,0.0,0.0,0.2,0.0,0.06666666666666667,0.0,0.0,0.06666666666666667,0.13333333333333333,0.13333333333333333,0.0,0.0,0.0,0.0,0.0,0.0,0.0,0.0,0.0,0.06666666666666667,0.0,0.0,0.35714285714285715,0.0,0.0,0.0,0.0,0.07142857142857142,0.14285714285714285,0.07142857142857142,0.0,0.0,0.0,0.07142857142857142,0.21428571428571427,0.0,0.0,0.0,0.0,0.0,0.0,0.0,0.0,0.0,0.07142857142857142,0.0,0.0,0.07692307692307693,0.15384615384615385,0.07692307692307693,0.0,0.0,0.07692307692307693,0.0,0.23076923076923078,0.0,0.0,0.23076923076923078,0.07692307692307693,0.0,0.0,0.0,0.0,0.0,0.0,0.0,0.0,0.07692307692307693,0.0,0.0,0.0,0.0,0.0,0.0,0.25,0.0,0.0,0.16666666666666666,0.08333333333333333,0.08333333333333333,0.0,0.0,0.25,0.08333333333333333,0.0,0.0,0.0,0.0,0.0,0.0,0.0,0.0,0.0,0.08333333333333333,0.0,0.0,0.0
1,0.058823529411764705,0.0,0.11764705882352941,0.0,0.058823529411764705,0.058823529411764705,0.0,0.0,0.0,0.11764705882352941,0.058823529411764705,0.0,0.0,0.0,0.11764705882352941,0.0,0.0,0.0,0.0,0.0,0.0,0.17647058823529413,0.11764705882352941,0.0,0.11764705882352941,0.0625,0.0625,0.0625,0.0,0.0,0.0,0.0,0.125,0.0,0.0625,0.0,0.0625,0.0,0.0,0.125,0.0,0.0,0.0,0.0,0.0,0.0625,0.0625,0.0625,0.0,0.25,0.06666666666666667,0.0,0.0,0.0,0.13333333333333333,0.0,0.0,0.06666666666666667,0.0,0.06666666666666667,0.0,0.13333333333333333,0.0,0.0,0.06666666666666667,0.0,0.0,0.0,0.0,0.0,0.06666666666666667,0.06666666666666667,0.13333333333333333,0.0,0.2,0.0,0.07142857142857142,0.07142857142857142,0.0,0.07142857142857142,0.0,0.07142857142857142,0.0,0.0,0.07142857142857142,0.07142857142857142,0.0,0.0,0.0,0.14285714285714285,0.0,0.0,0.0,0.0,0.0,0.0,0.07142857142857142,0.14285714285714285,0.0,0.21428571428571427,0.0,0.07692307692307693,0.0,0.0,0.15384615384615385,0.0,0.0,0.0,0.0,0.15384615384615385,0.0,0.0,0.23076923076923078,0.0,0.0,0.0,0.0,0.0,0.0,0.0,0.07692307692307693,0.15384615384615385,0.0,0.0,0.15384615384615385,0.0,0.08333333333333333,0.08333333333333333,0.0,0.08333333333333333,0.0,0.08333333333333333,0.0,0.0,0.08333333333333333,0.0,0.0,0.0,0.0,0.16666666666666666,0.0,0.0,0.0,0.0,0.0,0.08333333333333333,0.0,0.16666666666666666,0.0,0.16666666666666666
1,0.391304347826087,0.0,0.17391304347826086,0.0,0.043478260869565216,0.043478260869565216,0.0,0.0,0.0,0.0,0.13043478260869565,0.043478260869565216,0.08695652173913043,0.0,0.0,0.0,0.0,0.0,0.0,0.0,0.043478260869565216,0.0,0.0,0.0,0.043478260869565216,0.2727272727272727,0.045454545454545456,0.18181818181818182,0.0,0.09090909090909091,0.0,0.0,0.045454545454545456,0.0,0.0,0.22727272727272727,0.0,0.045454545454545456,0.0,0.0,0.0,0.0,0.0,0.0,0.0,0.09090909090909091,0.0,0.0,0.0,0.0,0.42857142857142855,0.047619047619047616,0.09523809523809523,0.0,0.047619047619047616,0.0,0.0,0.047619047619047616,0.0,0.0,0.09523809523809523,0.0,0.14285714285714285,0.0,0.047619047619047616,0.0,0.0,0.0,0.0,0.0,0.047619047619047616,0.0,0.0,0.0,0.0,0.4,0.05,0.15,0.0,0.05,0.05,0.0,0.0,0.0,0.0,0.15,0.0,0.1,0.0,0.05,0.0,0.0,0.0,0.0,0.0,0.0,0.0,0.0,0.0,0.0,0.3157894736842105,0.0,0.21052631578947367,0.0,0.10526315789473684,0.0,0.0,0.05263157894736842,0.0,0.0,0.3157894736842105,0.0,0.0,0.0,0.0,0.0,0.0,0.0,0.0,0.0,0.0,0.0,0.0,0.0,0.0,0.3333333333333333,0.0,0.16666666666666666,0.0,0.1111111111111111,0.0,0.0,0.05555555555555555,0.0,0.0,0.2777777777777778,0.0,0.05555555555555555,0.0,0.0,0.0,0.0,0.0,0.0,0.0,0.0,0.0,0.0,0.0,0.0
1,0.16666666666666666,0.08333333333333333,0.08333333333333333,0.0,0.08333333333333333,0.0,0.0,0.0,0.08333333333333333,0.0,0.08333333333333333,0.0,0.0,0.0,0.08333333333333333,0.0,0.08333333333333333,0.08333333333333333,0.0,0.0,0.08333333333333333,0.0,0.0,0.08333333333333333,0.0,0.0,0.09090909090909091,0.0,0.18181818181818182,0.18181818181818182,0.0,0.0,0.09090909090909091,0.0,0.0,0.09090909090909091,0.0,0.09090909090909091,0.0,0.0,0.09090909090909091,0.0,0.0,0.0,0.0,0.09090909090909091,0.09090909090909091,0.0,0.0,0.0,0.1,0.1,0.1,0.2,0.0,0.1,0.0,0.0,0.0,0.0,0.1,0.0,0.0,0.0,0.1,0.0,0.0,0.1,0.0,0.0,0.0,0.0,0.0,0.0,0.1,0.2222222222222222,0.1111111111111111,0.1111111111111111,0.0,0.0,0.0,0.0,0.1111111111111111,0.0,0.0,0.1111111111111111,0.0,0.0,0.0,0.1111111111111111,0.0,0.0,0.0,0.0,0.1111111111111111,0.0,0.0,0.0,0.1111111111111111,0.0,0.125,0.0,0.125,0.0,0.125,0.0,0.0,0.0,0.0,0.125,0.125,0.0,0.0,0.125,0.0,0.125,0.0,0.0,0.0,0.0,0.0,0.125,0.0,0.0,0.0,0.0,0.0,0.14285714285714285,0.14285714285714285,0.14285714285714285,0.14285714285714285,0.0,0.0,0.0,0.0,0.0,0.14285714285714285,0.0,0.0,0.14285714285714285,0.14285714285714285,0.0,0.0,0.0,0.0,0.0,0.0,0.0,0.0,0.0
1,0.34782608695652173,0.043478260869565216,0.043478260869565216,0.0,0.13043478260869565,0.043478260869565216,0.0,0.0,0.0,0.043478260869565216,0.08695652173913043,0.0,0.043478260869565216,0.0,0.043478260869565216,0.0,0.0,0.0,0.0,0.0,0.08695652173913043,0.0,0.08695652173913043,0.0,0.0,0.3181818181818182,0.0,0.13636363636363635,0.0,0.13636363636363635,0.045454545454545456,0.0,0.0,0.0,0.045454545454545456,0.045454545454545456,0.045454545454545456,0.0,0.0,0.045454545454545456,0.0,0.0,0.0,0.0,0.0,0.13636363636363635,0.0,0.045454545454545456,0.0,0.0,0.42857142857142855,0.0,0.19047619047619047,0.0,0.0,0.09523809523809523,0.0,0.0,0.0,0.0,0.0,0.0,0.0,0.0,0.09523809523809523,0.0,0.0,0.0,0.0,0.0,0.047619047619047616,0.047619047619047616,0.0,0.0,0.09523809523809523,0.4,0.05,0.1,0.0,0.1,0.05,0.0,0.0,0.0,0.05,0.05,0.0,0.05,0.0,0.0,0.0,0.0,0.0,0.0,0.0,0.05,0.0,0.05,0.0,0.05,0.2631578947368421,0.05263157894736842,0.10526315789473684,0.0,0.21052631578947367,0.05263157894736842,0.0,0.05263157894736842,0.0,0.0,0.10526315789473684,0.0,0.0,0.0,0.0,0.0,0.0,0.0,0.0,0.0,0.10526315789473684,0.0,0.05263157894736842,0.0,0.0,0.3333333333333333,0.0,0.16666666666666666,0.0,0.1111111111111111,0.05555555555555555,0.0,0.05555555555555555,0.0,0.0,0.0,0.05555555555555555,0.0,0.0,0.05555555555555555,0.0,0.0,0.0,0.0,0.0,0.1111111111111111,0.0,0.0,0.0,0.05555555555555555
1,0.11764705882352941,0.11764705882352941,0.11764705882352941,0.0,0.0,0.058823529411764705,0.058823529411764705,0.11764705882352941,0.0,0.0,0.17647058823529413,0.058823529411764705,0.11764705882352941,0.0,0.0,0.0,0.0,0.0,0.0,0.0,0.058823529411764705,0.0,0.0,0.0,0.0,0.0,0.0625,0.25,0.0,0.0,0.125,0.0625,0.0625,0.0,0.0,0.25,0.0625,0.0625,0.0,0.0,0.0,0.0,0.0,0.0,0.0,0.0,0.0625,0.0,0.0,0.0,0.13333333333333333,0.06666666666666667,0.13333333333333333,0.0,0.0,0.13333333333333333,0.0,0.13333333333333333,0.0,0.0,0.13333333333333333,0.06666666666666667,0.13333333333333333,0.0,0.0,0.0,0.0,0.0,0.0,0.0,0.0,0.06666666666666667,0.0,0.0,0.0,0.35714285714285715,0.0,0.0,0.0,0.0,0.07142857142857142,0.0,0.21428571428571427,0.0,0.0,0.0,0.14285714285714285,0.14285714285714285,0.0,0.0,0.0,0.0,0.0,0.0,0.0,0.0,0.0,0.07142857142857142,0.0,0.0,0.07692307692307693,0.07692307692307693,0.15384615384615385,0.0,0.0,0.07692307692307693,0.07692307692307693,0.15384615384615385,0.0,0.0,0.23076923076923078,0.0,0.07692307692307693,0.0,0.0,0.0,0.0,0.0,0.0,0.0,0.07692307692307693,0.0,0.0,0.0,0.0,0.0,0.0,0.25,0.0,0.0,0.16666666666666666,0.08333333333333333,0.08333333333333333,0.0,0.0,0.25,0.08333333333333333,0.0,0.0,0.0,0.0,0.0,0.0,0.0,0.0,0.0,0.0,0.08333333333333333,0.0,0.0
1,0.45454545454545453,0.0,0.18181818181818182,0.0,0.0,0.09090909090909091,0.0,0.0,0.0,0.0,0.18181818181818182,0.0,0.09090909090909091,0.0,0.0,0.0,0.0,0.0,0.0,0.0,0.0,0.0,0.0,0.0,0.0,0.3,0.0,0.3,0.0,0.0,0.1,0.0,0.0,0.0,0.0,0.3,0.0,0.0,0.0,0.0,0.0,0.0,0.0,0.0,0.0,0.0,0.0,0.0,0.0,0.0,0.3333333333333333,0.0,0.3333333333333333,0.0,0.0,0.1111111111111111,0.0,0.0,0.0,0.0,0.2222222222222222,0.0,0.0,0.0,0.0,0.0,0.0,0.0,0.0,0.0,0.0,0.0,0.0,0.0,0.0,0.625,0.0,0.125,0.0,0.0,0.0,0.0,0.125,0.0,0.0,0.0,0.0,0.125,0.0,0.0,0.0,0.0,0.0,0.0,0.0,0.0,0.0,0.0,0.0,0.0,0.5714285714285714,0.0,0.14285714285714285,0.0,0.0,0.14285714285714285,0.0,0.0,0.0,0.0,0.0,0.0,0.14285714285714285,0.0,0.0,0.0,0.0,0.0,0.0,0.0,0.0,0.0,0.0,0.0,0.0,0.3333333333333333,0.0,0.3333333333333333,0.0,0.0,0.16666666666666666,0.0,0.0,0.0,0.0,0.16666666666666666,0.0,0.0,0.0,0.0,0.0,0.0,0.0,0.0,0.0,0.0,0.0,0.0,0.0,0.0
1,0.3181818181818182,0.0,0.22727272727272727,0.0,0.0,0.045454545454545456,0.0,0.0,0.0,0.0,0.22727272727272727,0.0,0.18181818181818182,0.0,0.0,0.0,0.0,0.0,0.0,0.0,0.0,0.0,0.0,0.0,0.0,0.23809523809523808,0.0,0.3333333333333333,0.0,0.0,0.0,0.0,0.047619047619047616,0.0,0.0,0.3333333333333333,0.0,0.047619047619047616,0.0,0.0,0.0,0.0,0.0,0.0,0.0,0.0,0.0,0.0,0.0,0.0,0.4,0.0,0.15,0.0,0.0,0.0,0.0,0.05,0.0,0.0,0.2,0.0,0.2,0.0,0.0,0.0,0.0,0.0,0.0,0.0,0.0,0.0,0.0,0.0,0.0,0.42105263157894735,0.0,0.10526315789473684,0.0,0.0,0.05263157894736842,0.0,0.0,0.0,0.0,0.15789473684210525,0.0,0.2631578947368421,0.0,0.0,0.0,0.0,0.0,0.0,0.0,0.0,0.0,0.0,0.0,0.0,0.2222222222222222,0.0,0.2777777777777778,0.0,0.0,0.05555555555555555,0.0,0.0,0.0,0.0,0.3333333333333333,0.0,0.1111111111111111,0.0,0.0,0.0,0.0,0.0,0.0,0.0,0.0,0.0,0.0,0.0,0.0,0.23529411764705882,0.0,0.23529411764705882,0.0,0.0,0.0,0.0,0.058823529411764705,0.0,0.0,0.35294117647058826,0.0,0.11764705882352941,0.0,0.0,0.0,0.0,0.0,0.0,0.0,0.0,0.0,0.0,0.0,0.0
1,0.16666666666666666,0.16666666666666666,0.08333333333333333,0.0,0.0,0.08333333333333333,0.0,0.16666666666666666,0.0,0.0,0.25,0.0,0.08333333333333333,0.0,0.0,0.0,0.0,0.0,0.0,0.0,0.0,0.0,0.0,0.0,0.0,0.09090909090909091,0.09090909090909091,0.2727272727272727,0.0,0.0,0.18181818181818182,0.0,0.0,0.0,0.0,0.2727272727272727,0.09090909090909091,0.0,0.0,0.0,0.0,0.0,0.0,0.0,0.0,0.0,0.0,0.0,0.0,0.0,0.2,0.0,0.2,0.0,0.0,0.2,0.0,0.0,0.0,0.0,0.1,0.2,0.1,0.0,0.0,0.0,0.0,0.0,0.0,0.0,0.0,0.0,0.0,0.0,0.0,0.3333333333333333,0.1111111111111111,0.0,0.0,0.0,0.0,0.1111111111111111,0.1111111111111111,0.0,0.0,0.1111111111111111,0.0,0.2222222222222222,0.0,0.0,0.0,0.0,0.0,0.0,0.0,0.0,0.0,0.0,0.0,0.0,0.25,0.125,0.125,0.0,0.0,0.0,0.0,0.25,0.0,0.0,0.25,0.0,0.0,0.0,0.0,0.0,0.0,0.0,0.0,0.0,0.0,0.0,0.0,0.0,0.0,0.14285714285714285,0.0,0.2857142857142857,0.0,0.0,0.2857142857142857,0.0,0.0,0.0,0.0,0.14285714285714285,0.14285714285714285,0.0,0.0,0.0,0.0,0.0,0.0,0.0,0.0,0.0,0.0,0.0,0.0,0.0
1,0.30434782608695654,0.043478260869565216,0.0,0.0,0.17391304347826086,0.08695652173913043,0.0,0.0,0.0,0.043478260869565216,0.043478260869565216,0.0,0.043478260869565216,0.0,0.043478260869565216,0.0,0.0,0.0,0.0,0.0,0.08695652173913043,0.043478260869565216,0.08695652173913043,0.0,0.0,0.2727272727272727,0.045454545454545456,0.09090909090909091,0.0,0.13636363636363635,0.045454545454545456,0.0,0.0,0.0,0.09090909090909091,0.0,0.045454545454545456,0.0,0.0,0.045454545454545456,0.0,0.0,0.0,0.0,0.0,0.18181818181818182,0.0,0.045454545454545456,0.0,0.0,0.38095238095238093,0.047619047619047616,0.09523809523809523,0.0,0.047619047619047616,0.09523809523809523,0.0,0.047619047619047616,0.0,0.0,0.0,0.0,0.0,0.0,0.047619047619047616,0.0,0.0,0.0,0.0,0.0,0.047619047619047616,0.047619047619047616,0.0,0.0,0.14285714285714285,0.3,0.1,0.05,0.0,0.15,0.1,0.0,0.0,0.0,0.05,0.05,0.0,0.0,0.0,0.0,0.0,0.0,0.0,0.0,0.0,0.05,0.0,0.1,0.0,0.05,0.21052631578947367,0.05263157894736842,0.05263157894736842,0.0,0.2631578947368421,0.05263157894736842,0.05263157894736842,0.05263157894736842,0.0,0.0,0.05263157894736842,0.0,0.0,0.0,0.0,0.0,0.0,0.0,0.0,0.0,0.15789473684210525,0.0,0.05263157894736842,0.0,0.0,0.2777777777777778,0.05555555555555555,0.1111111111111111,0.0,0.1111111111111111,0.05555555555555555,0.0,0.05555555555555555,0.0,0.05555555555555555,0.0,0.0,0.0,0.0,0.05555555555555555,0.0,0.0,0.0,0.0,0.0,0.1111111111111111,0.05555555555555555,0.0,0.0,0.05555555555555555
1,0.23076923076923078,0.0,0.07692307692307693,0.15384615384615385,0.0,0.0,0.0,0.07692307692307693,0.0,0.0,0.07692307692307693,0.0,0.07692307692307693,0.0,0.07692307692307693,0.07692307692307693,0.07692307692307693,0.0,0.0,0.0,0.07692307692307693,0.0,0.0,0.0,0.0,0.08333333333333333,0.08333333333333333,0.08333333333333333,0.08333333333333333,0.08333333333333333,0.0,0.0,0.08333333333333333,0.0,0.0,0.25,0.0,0.0,0.0,0.0,0.08333333333333333,0.0,0.08333333333333333,0.0,0.0,0.08333333333333333,0.0,0.0,0.0,0.0,0.2727272727272727,0.0,0.09090909090909091,0.0,0.09090909090909091,0.09090909090909091,0.0,0.0,0.0,0.0,0.18181818181818182,0.0,0.0,0.09090909090909091,0.0,0.0,0.0,0.18181818181818182,0.0,0.0,0.0,0.0,0.0,0.0,0.0,0.3,0.0,0.2,0.0,0.0,0.1,0.0,0.0,0.0,0.0,0.1,0.0,0.0,0.1,0.0,0.1,0.0,0.0,0.0,0.1,0.0,0.0,0.0,0.0,0.0,0.2222222222222222,0.0,0.1111111111111111,0.0,0.1111111111111111,0.0,0.0,0.0,0.1111111111111111,0.0,0.2222222222222222,0.0,0.0,0.0,0.0,0.2222222222222222,0.0,0.0,0.0,0.0,0.0,0.0,0.0,0.0,0.0,0.25,0.0,0.0,0.0,0.125,0.125,0.0,0.0,0.0,0.0,0.125,0.0,0.125,0.0,0.0,0.125,0.0,0.0,0.125,0.0,0.0,0.0,0.0,0.0,0.0
1,0.36363636363636365,0.045454545454545456,0.09090909090909091,0.045454545454545456,0.0,0.045454545454545456,0.0,0.0,0.0,0.045454545454545456,0.045454545454545456,0.045454545454545456,0.0,0.0,0.045454545454545456,0.0,0.0,0.045454545454545456,0.0,0.0,0.09090909090909091,0.0,0.0,0.0,0.09090909090909091,0.2857142857142857,0.047619047619047616,0.14285714285714285,0.047619047619047616,0.047619047619047616,0.09523809523809523,0.0,0.0,0.0,0.0,0.047619047619047616,0.0,0.0,0.0,0.09523809523809523,0.0,0.047619047619047616,0.0,0.0,0.0,0.09523809523809523,0.0,0.0,0.0,0.047619047619047616,0.25,0.05,0.15,0.05,0.1,0.05,0.0,0.0,0.0,0.0,0.1,0.0,0.0,0.0,0.05,0.0,0.0,0.0,0.0,0.05,0.15,0.0,0.0,0.0,0.0,0.2631578947368421,0.05263157894736842,0.10526315789473684,0.0,0.21052631578947367,0.05263157894736842,0.0,0.0,0.0,0.0,0.05263157894736842,0.0,0.05263157894736842,0.0,0.0,0.05263157894736842,0.0,0.0,0.0,0.0,0.10526315789473684,0.0,0.0,0.05263157894736842,0.0,0.3888888888888889,0.05555555555555555,0.05555555555555555,0.0,0.16666666666666666,0.0,0.0,0.05555555555555555,0.0,0.0,0.05555555555555555,0.0,0.0,0.0,0.05555555555555555,0.0,0.0,0.0,0.0,0.0,0.05555555555555555,0.0,0.05555555555555555,0.05555555555555555,0.0,0.35294117647058826,0.0,0.11764705882352941,0.0,0.17647058823529413,0.058823529411764705,0.0,0.0,0.0,0.0,0.058823529411764705,0.0,0.0,0.0,0.058823529411764705,0.0,0.0,0.0,0.0,0.0,0.0,0.058823529411764705,0.058823529411764705,0.058823529411764705,0.0
1,0.06666666666666667,0.03333333333333333,0.0,0.03333333333333333,0.23333333333333334,0.03333333333333333,0.0,0.03333333333333333,0.0,0.0,0.03333333333333333,0.0,0.0,0.0,0.06666666666666667,0.0,0.0,0.0,0.0,0.03333333333333333,0.2,0.03333333333333333,0.06666666666666667,0.0,0.13333333333333333,0.13793103448275862,0.034482758620689655,0.034482758620689655,0.0,0.1724137931034483,0.0,0.0,0.0,0.0,0.06896551724137931,0.0,0.0,0.034482758620689655,0.0,0.034482758620689655,0.0,0.0,0.0,0.0,0.034482758620689655,0.20689655172413793,0.034482758620689655,0.034482758620689655,0.034482758620689655,0.13793103448275862,0.14285714285714285,0.0,0.03571428571428571,0.0,0.21428571428571427,0.0,0.0,0.0,0.0,0.03571428571428571,0.03571428571428571,0.03571428571428571,0.0,0.0,0.0,0.03571428571428571,0.0,0.0,0.0,0.0,0.10714285714285714,0.03571428571428571,0.07142857142857142,0.03571428571428571,0.21428571428571427,0.1111111111111111,0.0,0.07407407407407407,0.037037037037037035,0.18518518518518517,0.037037037037037035,0.0,0.0,0.0,0.0,0.0,0.0,0.037037037037037035,0.0,0.037037037037037035,0.0,0.037037037037037035,0.0,0.0,0.0,0.18518518518518517,0.037037037037037035,0.0,0.0,0.2222222222222222,0.15384615384615385,0.038461538461538464,0.038461538461538464,0.0,0.15384615384615385,0.0,0.0,0.0,0.0,0.038461538461538464,0.0,0.038461538461538464,0.0,0.0,0.038461538461538464,0.038461538461538464,0.0,0.0,0.0,0.0,0.15384615384615385,0.0,0.07692307692307693,0.038461538461538464,0.19230769230769232,0.08,0.0,0.08,0.04,0.2,0.0,0.0,0.0,0.0,0.04,0.0,0.0,0.04,0.0,0.0,0.0,0.0,0.0,0.0,0.04,0.24,0.08,0.0,0.0,0.16
1,0.16666666666666666,0.08333333333333333,0.08333333333333333,0.0,0.16666666666666666,0.08333333333333333,0.0,0.0,0.0,0.0,0.0,0.0,0.0,0.08333333333333333,0.0,0.0,0.0,0.0,0.0,0.08333333333333333,0.16666666666666666,0.0,0.0,0.0,0.08333333333333333,0.2727272727272727,0.0,0.09090909090909091,0.09090909090909091,0.0,0.0,0.0,0.0,0.0,0.09090909090909091,0.0,0.0,0.0,0.0,0.09090909090909091,0.0,0.0,0.0,0.0,0.09090909090909091,0.09090909090909091,0.09090909090909091,0.0,0.0,0.09090909090909091,0.0,0.1,0.1,0.1,0.2,0.0,0.0,0.0,0.0,0.0,0.0,0.0,0.0,0.0,0.1,0.1,0.0,0.0,0.0,0.0,0.2,0.0,0.0,0.0,0.1,0.1111111111111111,0.0,0.0,0.1111111111111111,0.2222222222222222,0.0,0.0,0.0,0.0,0.0,0.1111111111111111,0.0,0.0,0.0,0.0,0.0,0.0,0.0,0.0,0.1111111111111111,0.1111111111111111,0.1111111111111111,0.0,0.0,0.1111111111111111,0.125,0.0,0.0,0.0,0.375,0.0,0.0,0.0,0.0,0.0,0.0,0.0,0.0,0.0,0.125,0.125,0.0,0.0,0.0,0.0,0.125,0.125,0.0,0.0,0.0,0.14285714285714285,0.0,0.0,0.0,0.2857142857142857,0.0,0.0,0.0,0.0,0.0,0.14285714285714285,0.0,0.0,0.0,0.0,0.0,0.14285714285714285,0.0,0.0,0.0,0.14285714285714285,0.0,0.0,0.0,0.14285714285714285
1,0.10526315789473684,0.05263157894736842,0.05263157894736842,0.0,0.05263157894736842,0.0,0.0,0.0,0.0,0.05263157894736842,0.0,0.05263157894736842,0.0,0.0,0.10526315789473684,0.0,0.0,0.0,0.0,0.05263157894736842,0.15789473684210525,0.0,0.10526315789473684,0.05263157894736842,0.15789473684210525,0.0,0.05555555555555555,0.0,0.05555555555555555,0.1111111111111111,0.05555555555555555,0.0,0.0,0.0,0.0,0.05555555555555555,0.0,0.0,0.0,0.1111111111111111,0.0,0.0,0.0,0.0,0.05555555555555555,0.16666666666666666,0.05555555555555555,0.1111111111111111,0.0,0.16666666666666666,0.0,0.0,0.0,0.058823529411764705,0.11764705882352941,0.0,0.0,0.058823529411764705,0.0,0.0,0.11764705882352941,0.0,0.058823529411764705,0.0,0.0,0.0,0.0,0.0,0.0,0.058823529411764705,0.17647058823529413,0.058823529411764705,0.0,0.0,0.29411764705882354,0.0,0.0,0.0625,0.0,0.125,0.0,0.0,0.0,0.0,0.0625,0.0,0.0,0.0625,0.0,0.125,0.0625,0.0,0.0,0.0,0.0,0.25,0.0625,0.0,0.0625,0.125,0.0,0.0,0.0,0.0,0.2,0.0,0.0,0.0,0.0,0.06666666666666667,0.06666666666666667,0.0,0.0,0.06666666666666667,0.06666666666666667,0.06666666666666667,0.0,0.0,0.0,0.0,0.13333333333333333,0.06666666666666667,0.13333333333333333,0.0,0.13333333333333333,0.14285714285714285,0.0,0.0,0.0,0.07142857142857142,0.0,0.0,0.07142857142857142,0.0,0.0,0.07142857142857142,0.0,0.0,0.0,0.14285714285714285,0.0,0.07142857142857142,0.0,0.0,0.0,0.07142857142857142,0.0,0.0,0.07142857142857142,0.2857142857142857
1,0.2857142857142857,0.0,0.21428571428571427,0.0,0.0,0.07142857142857142,0.0,0.0,0.0,0.0,0.21428571428571427,0.0,0.21428571428571427,0.0,0.0,0.0,0.0,0.0,0.0,0.0,0.0,0.0,0.0,0.0,0.0,0.07692307692307693,0.0,0.38461538461538464,0.0,0.0,0.07692307692307693,0.0,0.0,0.0,0.0,0.38461538461538464,0.0,0.07692307692307693,0.0,0.0,0.0,0.0,0.0,0.0,0.0,0.0,0.0,0.0,0.0,0.0,0.25,0.0,0.25,0.0,0.0,0.08333333333333333,0.0,0.0,0.0,0.0,0.16666666666666666,0.0,0.25,0.0,0.0,0.0,0.0,0.0,0.0,0.0,0.0,0.0,0.0,0.0,0.0,0.36363636363636365,0.0,0.18181818181818182,0.0,0.0,0.0,0.0,0.09090909090909091,0.0,0.0,0.09090909090909091,0.0,0.2727272727272727,0.0,0.0,0.0,0.0,0.0,0.0,0.0,0.0,0.0,0.0,0.0,0.0,0.2,0.0,0.3,0.0,0.0,0.0,0.0,0.1,0.0,0.0,0.3,0.0,0.1,0.0,0.0,0.0,0.0,0.0,0.0,0.0,0.0,0.0,0.0,0.0,0.0,0.2222222222222222,0.0,0.3333333333333333,0.0,0.0,0.1111111111111111,0.0,0.0,0.0,0.0,0.2222222222222222,0.0,0.1111111111111111,0.0,0.0,0.0,0.0,0.0,0.0,0.0,0.0,0.0,0.0,0.0,0.0
1,0.058823529411764705,0.058823529411764705,0.0,0.0,0.0,0.0,0.0,0.058823529411764705,0.0,0.17647058823529413,0.0,0.11764705882352941,0.058823529411764705,0.0,0.058823529411764705,0.058823529411764705,0.0,0.0,0.0,0.0,0.0,0.058823529411764705,0.058823529411764705,0.058823529411764705,0.17647058823529413,0.0,0.0625,0.0,0.0,0.0625,0.0,0.0,0.0625,0.0,0.1875,0.0,0.0625,0.0625,0.0625,0.0625,0.0625,0.0,0.0,0.0,0.0,0.0625,0.125,0.0,0.0,0.125,0.0,0.0,0.06666666666666667,0.0,0.06666666666666667,0.0,0.13333333333333333,0.0,0.06666666666666667,0.06666666666666667,0.06666666666666667,0.0,0.06666666666666667,0.0,0.13333333333333333,0.0,0.06666666666666667,0.0,0.0,0.0,0.06666666666666667,0.0,0.0,0.0,0.2,0.0,0.07142857142857142,0.07142857142857142,0.0,0.0,0.07142857142857142,0.0,0.0,0.0,0.14285714285714285,0.07142857142857142,0.07142857142857142,0.0,0.07142857142857142,0.07142857142857142,0.0,0.0,0.0,0.0,0.07142857142857142,0.0,0.07142857142857142,0.0,0.0,0.21428571428571427,0.0,0.07692307692307693,0.0,0.0,0.07692307692307693,0.07692307692307693,0.0,0.0,0.0,0.15384615384615385,0.07692307692307693,0.07692307692307693,0.0,0.07692307692307693,0.07692307692307693,0.0,0.0,0.07692307692307693,0.0,0.0,0.0,0.07692307692307693,0.0,0.0,0.15384615384615385,0.0,0.0,0.0,0.0,0.16666666666666666,0.0,0.16666666666666666,0.0,0.0,0.08333333333333333,0.16666666666666666,0.0,0.0,0.0,0.16666666666666666,0.0,0.08333333333333333,0.0,0.0,0.0,0.0,0.0,0.08333333333333333,0.0,0.08333333333333333
1,0.25,0.08333333333333333,0.25,0.0,0.0,0.08333333333333333,0.0,0.0,0.0,0.0,0.25,0.0,0.08333333333333333,0.0,0.0,0.0,0.0,0.0,0.0,0.0,0.0,0.0,0.0,0.0,0.0,0.2727272727272727,0.0,0.2727272727272727,0.0,0.0,0.0,0.0,0.09090909090909091,0.0,0.0,0.2727272727272727,0.09090909090909091,0.0,0.0,0.0,0.0,0.0,0.0,0.0,0.0,0.0,0.0,0.0,0.0,0.0,0.3,0.1,0.2,0.0,0.0,0.1,0.0,0.0,0.0,0.0,0.2,0.0,0.1,0.0,0.0,0.0,0.0,0.0,0.0,0.0,0.0,0.0,0.0,0.0,0.0,0.3333333333333333,0.1111111111111111,0.1111111111111111,0.0,0.0,0.1111111111111111,0.0,0.0,0.0,0.0,0.1111111111111111,0.0,0.2222222222222222,0.0,0.0,0.0,0.0,0.0,0.0,0.0,0.0,0.0,0.0,0.0,0.0,0.25,0.125,0.125,0.0,0.0,0.0,0.0,0.125,0.0,0.0,0.25,0.0,0.125,0.0,0.0,0.0,0.0,0.0,0.0,0.0,0.0,0.0,0.0,0.0,0.0,0.2857142857142857,0.0,0.14285714285714285,0.0,0.0,0.0,0.0,0.14285714285714285,0.0,0.0,0.2857142857142857,0.14285714285714285,0.0,0.0,0.0,0.0,0.0,0.0,0.0,0.0,0.0,0.0,0.0,0.0,0.0
1,0.2727272727272727,0.0,0.0,0.09090909090909091,0.0,0.09090909090909091,0.18181818181818182,0.0,0.09090909090909091,0.0,0.0,0.09090909090909091,0.0,0.0,0.0,0.0,0.09090909090909091,0.0,0.0,0.0,0.0,0.0,0.09090909090909091,0.0,0.0,0.2,0.0,0.0,0.1,0.0,0.2,0.1,0.0,0.1,0.0,0.0,0.1,0.0,0.0,0.0,0.0,0.1,0.0,0.0,0.0,0.0,0.1,0.0,0.0,0.0,0.1111111111111111,0.0,0.0,0.1111111111111111,0.0,0.2222222222222222,0.2222222222222222,0.0,0.0,0.0,0.0,0.0,0.0,0.1111111111111111,0.0,0.1111111111111111,0.0,0.0,0.0,0.0,0.0,0.1111111111111111,0.0,0.0,0.0,0.0,0.0,0.0,0.125,0.0,0.375,0.125,0.0,0.0,0.0,0.0,0.125,0.0,0.0,0.0,0.125,0.0,0.0,0.0,0.0,0.0,0.0,0.0,0.125,0.0,0.0,0.0,0.0,0.0,0.0,0.42857142857142855,0.0,0.0,0.14285714285714285,0.0,0.0,0.14285714285714285,0.0,0.0,0.0,0.14285714285714285,0.0,0.0,0.0,0.0,0.0,0.14285714285714285,0.0,0.0,0.0,0.0,0.0,0.0,0.0,0.0,0.3333333333333333,0.0,0.0,0.16666666666666666,0.0,0.16666666666666666,0.0,0.0,0.0,0.0,0.16666666666666666,0.0,0.0,0.0,0.0,0.0,0.16666666666666666,0.0,0.0,0.0
1,0.28,0.0,0.24,0.0,0.0,0.04,0.0,0.0,0.0,0.0,0.2,0.0,0.16,0.04,0.0,0.04,0.0,0.0,0.0,0.0,0.0,0.0,0.0,0.0,0.0,0.125,0.0,0.375,0.041666666666666664,0.0,0.041666666666666664,0.0,0.0,0.0,0.0,0.375,0.0,0.041666666666666664,0.0,0.0,0.0,0.0,0.0,0.0,0.0,0.0,0.0,0.0,0.0,0.0,0.34782608695652173,0.0,0.17391304347826086,0.043478260869565216,0.0,0.043478260869565216,0.0,0.0,0.0,0.0,0.13043478260869565,0.0,0.2608695652173913,0.0,0.0,0.0,0.0,0.0,0.0,0.0,0.0,0.0,0.0,0.0,0.0,0.4090909090909091,0.0,0.13636363636363635,0.0,0.0,0.045454545454545456,0.0,0.0,0.0,0.0,0.045454545454545456,0.0,0.3181818181818182,0.045454545454545456,0.0,0.0,0.0,0.0,0.0,0.0,0.0,0.0,0.0,0.0,0.0,0.19047619047619047,0.0,0.3333333333333333,0.0,0.0,0.0,0.0,0.047619047619047616,0.0,0.0,0.2857142857142857,0.0,0.09523809523809523,0.047619047619047616,0.0,0.0,0.0,0.0,0.0,0.0,0.0,0.0,0.0,0.0,0.0,0.15,0.0,0.35,0.05,0.0,0.05,0.0,0.0,0.0,0.0,0.3,0.0,0.1,0.0,0.0,0.0,0.0,0.0,0.0,0.0,0.0,0.0,0.0,0.0,0.0
1,0.0,0.0,0.0,0.041666666666666664,0.08333333333333333,0.0,0.0,0.08333333333333333,0.0,0.125,0.041666666666666664,0.041666666666666664,0.0,0.0,0.041666666666666664,0.0,0.0,0.0,0.0,0.041666666666666664,0.08333333333333333,0.16666666666666666,0.041666666666666664,0.0,0.20833333333333334,0.043478260869565216,0.0,0.0,0.0,0.08695652173913043,0.0,0.08695652173913043,0.043478260869565216,0.0,0.08695652173913043,0.0,0.043478260869565216,0.043478260869565216,0.0,0.043478260869565216,0.0,0.0,0.0,0.0,0.043478260869565216,0.043478260869565216,0.08695652173913043,0.043478260869565216,0.043478260869565216,0.2608695652173913,0.0,0.0,0.0,0.045454545454545456,0.09090909090909091,0.045454545454545456,0.045454545454545456,0.045454545454545456,0.0,0.045454545454545456,0.045454545454545456,0.0,0.0,0.0,0.09090909090909091,0.0,0.045454545454545456,0.0,0.0,0.0,0.0,0.13636363636363635,0.09090909090909091,0.0,0.2727272727272727,0.0,0.047619047619047616,0.0,0.0,0.09523809523809523,0.0,0.0,0.047619047619047616,0.0,0.14285714285714285,0.0,0.047619047619047616,0.0,0.047619047619047616,0.047619047619047616,0.0,0.0,0.047619047619047616,0.0,0.0,0.047619047619047616,0.14285714285714285,0.047619047619047616,0.0,0.23809523809523808,0.0,0.05,0.05,0.0,0.05,0.0,0.05,0.0,0.0,0.1,0.05,0.0,0.0,0.0,0.1,0.0,0.05,0.0,0.0,0.0,0.0,0.1,0.1,0.0,0.3,0.0,0.10526315789473684,0.0,0.0,0.05263157894736842,0.05263157894736842,0.0,0.0,0.0,0.10526315789473684,0.0,0.0,0.0,0.0,0.15789473684210525,0.0,0.0,0.05263157894736842,0.0,0.0,0.0,0.15789473684210525,0.10526315789473684,0.0,0.21052631578947367
1,0.11538461538461539,0.038461538461538464,0.07692307692307693,0.0,0.07692307692307693,0.0,0.0,0.15384615384615385,0.0,0.0,0.11538461538461539,0.11538461538461539,0.19230769230769232,0.0,0.0,0.0,0.0,0.0,0.0,0.0,0.07692307692307693,0.0,0.0,0.0,0.038461538461538464,0.08,0.04,0.08,0.0,0.08,0.0,0.0,0.16,0.0,0.0,0.12,0.12,0.16,0.0,0.04,0.0,0.0,0.0,0.0,0.0,0.12,0.0,0.0,0.0,0.0,0.20833333333333334,0.0,0.08333333333333333,0.0,0.0,0.08333333333333333,0.041666666666666664,0.041666666666666664,0.0,0.0,0.0,0.08333333333333333,0.25,0.0,0.08333333333333333,0.0,0.0,0.0,0.0,0.0,0.041666666666666664,0.0,0.041666666666666664,0.0,0.041666666666666664,0.17391304347826086,0.0,0.08695652173913043,0.0,0.0,0.0,0.08695652173913043,0.043478260869565216,0.0,0.043478260869565216,0.08695652173913043,0.043478260869565216,0.2608695652173913,0.0,0.043478260869565216,0.0,0.0,0.0,0.0,0.0,0.08695652173913043,0.0,0.0,0.0,0.043478260869565216,0.045454545454545456,0.045454545454545456,0.045454545454545456,0.0,0.09090909090909091,0.0,0.0,0.13636363636363635,0.0,0.045454545454545456,0.18181818181818182,0.09090909090909091,0.18181818181818182,0.0,0.0,0.0,0.0,0.0,0.0,0.0,0.13636363636363635,0.0,0.0,0.0,0.0,0.14285714285714285,0.0,0.047619047619047616,0.0,0.047619047619047616,0.047619047619047616,0.0,0.14285714285714285,0.0,0.0,0.14285714285714285,0.09523809523809523,0.14285714285714285,0.0,0.09523809523809523,0.0,0.0,0.0,0.0,0.0,0.047619047619047616,0.0,0.047619047619047616,0.0,0.0
1,0.2222222222222222,0.037037037037037035,0.037037037037037035,0.037037037037037035,0.14814814814814814,0.07407407407407407,0.0,0.0,0.0,0.0,0.037037037037037035,0.0,0.1111111111111111,0.0,0.0,0.0,0.0,0.0,0.0,0.037037037037037035,0.1111111111111111,0.037037037037037035,0.037037037037037035,0.0,0.07407407407407407,0.23076923076923078,0.0,0.07692307692307693,0.038461538461538464,0.15384615384615385,0.038461538461538464,0.0,0.0,0.0,0.038461538461538464,0.038461538461538464,0.038461538461538464,0.038461538461538464,0.0,0.0,0.0,0.0,0.0,0.0,0.038461538461538464,0.11538461538461539,0.038461538461538464,0.07692307692307693,0.0,0.038461538461538464,0.24,0.0,0.08,0.04,0.16,0.08,0.0,0.0,0.0,0.0,0.04,0.04,0.0,0.0,0.0,0.0,0.04,0.0,0.0,0.0,0.08,0.0,0.12,0.0,0.08,0.16666666666666666,0.08333333333333333,0.16666666666666666,0.041666666666666664,0.08333333333333333,0.041666666666666664,0.0,0.0,0.0,0.041666666666666664,0.08333333333333333,0.0,0.0,0.0,0.0,0.041666666666666664,0.0,0.0,0.0,0.0,0.125,0.0,0.041666666666666664,0.0,0.08333333333333333,0.21739130434782608,0.043478260869565216,0.08695652173913043,0.043478260869565216,0.13043478260869565,0.043478260869565216,0.0,0.043478260869565216,0.0,0.0,0.08695652173913043,0.0,0.0,0.0,0.0,0.0,0.0,0.0,0.0,0.043478260869565216,0.08695652173913043,0.043478260869565216,0.08695652173913043,0.0,0.043478260869565216,0.22727272727272727,0.09090909090909091,0.045454545454545456,0.0,0.18181818181818182,0.0,0.0,0.045454545454545456,0.045454545454545456,0.0,0.09090909090909091,0.0,0.0,0.0,0.0,0.045454545454545456,0.0,0.0,0.0,0.0,0.045454545454545456,0.0,0.13636363636363635,0.0,0.045454545454545456
1,0.0,0.16666666666666666,0.08333333333333333,0.0,0.08333333333333333,0.08333333333333333,0.0,0.08333333333333333,0.0,0.0,0.08333333333333333,0.0,0.16666666666666666,0.0,0.0,0.08333333333333333,0.0,0.0,0.0,0.0,0.08333333333333333,0.0,0.0,0.08333333333333333,0.0,0.09090909090909091,0.0,0.18181818181818182,0.09090909090909091,0.0,0.0,0.0,0.09090909090909091,0.0,0.09090909090909091,0.09090909090909091,0.09090909090909091,0.0,0.0,0.0,0.0,0.0,0.09090909090909091,0.0,0.0,0.09090909090909091,0.09090909090909091,0.0,0.0,0.0,0.2,0.0,0.1,0.0,0.1,0.0,0.0,0.0,0.1,0.0,0.0,0.1,0.1,0.0,0.0,0.0,0.0,0.1,0.0,0.0,0.1,0.0,0.1,0.0,0.0,0.0,0.1111111111111111,0.1111111111111111,0.1111111111111111,0.0,0.1111111111111111,0.0,0.0,0.0,0.0,0.0,0.0,0.2222222222222222,0.0,0.0,0.1111111111111111,0.0,0.0,0.0,0.0,0.0,0.0,0.1111111111111111,0.0,0.1111111111111111,0.125,0.0,0.25,0.0,0.0,0.0,0.0,0.125,0.0,0.0,0.0,0.0,0.125,0.0,0.0,0.0,0.125,0.0,0.0,0.0,0.125,0.0,0.0,0.125,0.0,0.14285714285714285,0.0,0.2857142857142857,0.0,0.0,0.0,0.0,0.14285714285714285,0.0,0.0,0.0,0.0,0.0,0.0,0.0,0.0,0.0,0.14285714285714285,0.0,0.0,0.14285714285714285,0.14285714285714285,0.0,0.0,0.0
1,0.1,0.2,0.0,0.0,0.1,0.3,0.0,0.1,0.0,0.0,0.0,0.1,0.0,0.0,0.0,0.0,0.0,0.0,0.0,0.0,0.0,0.0,0.1,0.0,0.0,0.1111111111111111,0.1111111111111111,0.2222222222222222,0.0,0.0,0.1111111111111111,0.2222222222222222,0.0,0.0,0.1111111111111111,0.1111111111111111,0.0,0.0,0.0,0.0,0.0,0.0,0.0,0.0,0.0,0.0,0.0,0.0,0.0,0.0,0.125,0.25,0.0,0.0,0.0,0.125,0.125,0.25,0.0,0.0,0.0,0.0,0.0,0.0,0.125,0.0,0.0,0.0,0.0,0.0,0.0,0.0,0.0,0.0,0.0,0.14285714285714285,0.14285714285714285,0.14285714285714285,0.0,0.0,0.14285714285714285,0.14285714285714285,0.0,0.0,0.14285714285714285,0.0,0.0,0.14285714285714285,0.0,0.0,0.0,0.0,0.0,0.0,0.0,0.0,0.0,0.0,0.0,0.0,0.0,0.16666666666666666,0.16666666666666666,0.0,0.16666666666666666,0.16666666666666666,0.16666666666666666,0.16666666666666666,0.0,0.0,0.0,0.0,0.0,0.0,0.0,0.0,0.0,0.0,0.0,0.0,0.0,0.0,0.0,0.0,0.0,0.2,0.2,0.2,0.0,0.0,0.0,0.0,0.2,0.0,0.2,0.0,0.0,0.0,0.0,0.0,0.0,0.0,0.0,0.0,0.0,0.0,0.0,0.0,0.0,0.0
1,0.29411764705882354,0.0,0.0,0.0,0.11764705882352941,0.0,0.0,0.0,0.0,0.0,0.0,0.0,0.0,0.0,0.0,0.0,0.0,0.0,0.0,0.0,0.17647058823529413,0.0,0.0,0.0,0.4117647058823529,0.1875,0.0,0.0,0.0,0.25,0.0,0.0,0.0,0.0,0.0,0.0,0.0,0.0,0.0,0.0,0.0,0.0,0.0,0.0,0.0,0.3125,0.0,0.0,0.0,0.25,0.2,0.0,0.0,0.0,0.26666666666666666,0.0,0.0,0.0,0.0,0.0,0.0,0.0,0.0,0.0,0.0,0.0,0.0,0.0,0.0,0.0,0.26666666666666666,0.0,0.0,0.0,0.26666666666666666,0.14285714285714285,0.0,0.0,0.0,0.2857142857142857,0.0,0.0,0.0,0.0,0.0,0.0,0.0,0.0,0.0,0.0,0.0,0.0,0.0,0.0,0.0,0.2857142857142857,0.0,0.0,0.0,0.2857142857142857,0.07692307692307693,0.0,0.0,0.0,0.3076923076923077,0.0,0.0,0.0,0.0,0.0,0.0,0.0,0.0,0.0,0.0,0.0,0.0,0.0,0.0,0.0,0.38461538461538464,0.0,0.0,0.0,0.23076923076923078,0.08333333333333333,0.0,0.0,0.0,0.25,0.0,0.0,0.0,0.0,0.0,0.0,0.0,0.0,0.0,0.0,0.0,0.0,0.0,0.0,0.0,0.4166666666666667,0.0,0.0,0.0,0.25
1,0.21739130434782608,0.043478260869565216,0.043478260869565216,0.0,0.17391304347826086,0.08695652173913043,0.0,0.0,0.0,0.043478260869565216,0.043478260869565216,0.043478260869565216,0.043478260869565216,0.0,0.043478260869565216,0.0,0.0,0.0,0.0,0.0,0.13043478260869565,0.0,0.08695652173913043,0.0,0.0,0.18181818181818182,0.045454545454545456,0.13636363636363635,0.0,0.13636363636363635,0.045454545454545456,0.0,0.0,0.0,0.09090909090909091,0.045454545454545456,0.045454545454545456,0.0,0.0,0.045454545454545456,0.0,0.0,0.0,0.0,0.0,0.18181818181818182,0.0,0.045454545454545456,0.0,0.0,0.2857142857142857,0.047619047619047616,0.14285714285714285,0.0,0.047619047619047616,0.09523809523809523,0.0,0.047619047619047616,0.0,0.0,0.0,0.0,0.0,0.0,0.09523809523809523,0.0,0.0,0.0,0.0,0.0,0.09523809523809523,0.047619047619047616,0.0,0.0,0.09523809523809523,0.3,0.1,0.05,0.0,0.1,0.1,0.0,0.0,0.0,0.05,0.05,0.0,0.05,0.0,0.0,0.0,0.0,0.0,0.0,0.0,0.0,0.0,0.1,0.0,0.1,0.15789473684210525,0.0,0.10526315789473684,0.0,0.2631578947368421,0.05263157894736842,0.05263157894736842,0.05263157894736842,0.0,0.0,0.10526315789473684,0.0,0.0,0.0,0.0,0.0,0.0,0.0,0.0,0.0,0.10526315789473684,0.05263157894736842,0.05263157894736842,0.0,0.0,0.2222222222222222,0.05555555555555555,0.16666666666666666,0.0,0.05555555555555555,0.0,0.0,0.05555555555555555,0.0,0.1111111111111111,0.0,0.05555555555555555,0.0,0.0,0.05555555555555555,0.0,0.0,0.0,0.0,0.0,0.16666666666666666,0.0,0.0,0.0,0.05555555555555555
1,0.2222222222222222,0.0,0.1111111111111111,0.07407407407407407,0.1111111111111111,0.037037037037037035,0.0,0.0,0.0,0.0,0.1111111111111111,0.0,0.0,0.0,0.07407407407407407,0.0,0.0,0.037037037037037035,0.0,0.037037037037037035,0.1111111111111111,0.037037037037037035,0.037037037037037035,0.0,0.0,0.19230769230769232,0.038461538461538464,0.07692307692307693,0.038461538461538464,0.15384615384615385,0.0,0.0,0.0,0.038461538461538464,0.0,0.07692307692307693,0.0,0.07692307692307693,0.0,0.038461538461538464,0.07692307692307693,0.0,0.0,0.0,0.0,0.11538461538461539,0.0,0.038461538461538464,0.0,0.038461538461538464,0.2,0.04,0.08,0.04,0.16,0.0,0.0,0.04,0.0,0.0,0.16,0.0,0.0,0.0,0.04,0.0,0.0,0.08,0.0,0.0,0.08,0.0,0.0,0.04,0.04,0.25,0.041666666666666664,0.08333333333333333,0.041666666666666664,0.08333333333333333,0.041666666666666664,0.0,0.0,0.0,0.0,0.041666666666666664,0.0,0.08333333333333333,0.0,0.08333333333333333,0.041666666666666664,0.0,0.0,0.0,0.041666666666666664,0.08333333333333333,0.0,0.041666666666666664,0.0,0.041666666666666664,0.2608695652173913,0.0,0.13043478260869565,0.043478260869565216,0.08695652173913043,0.0,0.0,0.043478260869565216,0.0,0.0,0.08695652173913043,0.0,0.0,0.0,0.08695652173913043,0.043478260869565216,0.0,0.043478260869565216,0.0,0.0,0.08695652173913043,0.043478260869565216,0.0,0.0,0.043478260869565216,0.2727272727272727,0.0,0.13636363636363635,0.045454545454545456,0.09090909090909091,0.0,0.0,0.0,0.0,0.045454545454545456,0.045454545454545456,0.045454545454545456,0.0,0.0,0.09090909090909091,0.09090909090909091,0.0,0.0,0.0,0.0,0.045454545454545456,0.0,0.09090909090909091,0.0,0.0
1,0.2857142857142857,0.0,0.21428571428571427,0.0,0.07142857142857142,0.0,0.0,0.07142857142857142,0.0,0.0,0.21428571428571427,0.0,0.07142857142857142,0.0,0.0,0.0,0.0,0.0,0.0,0.0,0.0,0.07142857142857142,0.0,0.0,0.0,0.23076923076923078,0.07692307692307693,0.23076923076923078,0.0,0.0,0.0,0.0,0.07692307692307693,0.0,0.0,0.3076923076923077,0.0,0.0,0.0,0.0,0.0,0.0,0.0,0.0,0.0,0.0,0.0,0.07692307692307693,0.0,0.0,0.3333333333333333,0.0,0.16666666666666666,0.0,0.0,0.08333333333333333,0.0,0.0,0.0,0.0,0.16666666666666666,0.0,0.16666666666666666,0.0,0.0,0.0,0.0,0.0,0.0,0.0,0.0,0.0,0.08333333333333333,0.0,0.0,0.2727272727272727,0.0,0.2727272727272727,0.0,0.0,0.09090909090909091,0.0,0.0,0.0,0.0,0.18181818181818182,0.0,0.09090909090909091,0.0,0.0,0.0,0.0,0.0,0.0,0.0,0.09090909090909091,0.0,0.0,0.0,0.0,0.3,0.0,0.2,0.0,0.0,0.1,0.0,0.0,0.0,0.0,0.2,0.0,0.1,0.0,0.0,0.0,0.0,0.0,0.0,0.0,0.1,0.0,0.0,0.0,0.0,0.3333333333333333,0.0,0.1111111111111111,0.0,0.0,0.0,0.0,0.1111111111111111,0.0,0.0,0.2222222222222222,0.0,0.1111111111111111,0.0,0.0,0.0,0.0,0.0,0.0,0.0,0.1111111111111111,0.0,0.0,0.0,0.0
1,0.25,0.0,0.3333333333333333,0.0,0.0,0.08333333333333333,0.0,0.0,0.0,0.0,0.3333333333333333,0.0,0.0,0.0,0.0,0.0,0.0,0.0,0.0,0.0,0.0,0.0,0.0,0.0,0.0,0.45454545454545453,0.0,0.18181818181818182,0.0,0.0,0.0,0.0,0.09090909090909091,0.0,0.0,0.18181818181818182,0.0,0.09090909090909091,0.0,0.0,0.0,0.0,0.0,0.0,0.0,0.0,0.0,0.0,0.0,0.0,0.4,0.0,0.2,0.0,0.0,0.1,0.0,0.0,0.0,0.0,0.2,0.0,0.1,0.0,0.0,0.0,0.0,0.0,0.0,0.0,0.0,0.0,0.0,0.0,0.0,0.4444444444444444,0.0,0.2222222222222222,0.0,0.0,0.1111111111111111,0.0,0.0,0.0,0.0,0.1111111111111111,0.0,0.1111111111111111,0.0,0.0,0.0,0.0,0.0,0.0,0.0,0.0,0.0,0.0,0.0,0.0,0.375,0.0,0.25,0.0,0.0,0.125,0.0,0.0,0.0,0.0,0.125,0.0,0.125,0.0,0.0,0.0,0.0,0.0,0.0,0.0,0.0,0.0,0.0,0.0,0.0,0.2857142857142857,0.0,0.2857142857142857,0.0,0.0,0.0,0.0,0.14285714285714285,0.0,0.0,0.2857142857142857,0.0,0.0,0.0,0.0,0.0,0.0,0.0,0.0,0.0,0.0,0.0,0.0,0.0,0.0
1,0.2,0.0,0.13333333333333333,0.13333333333333333,0.0,0.06666666666666667,0.0,0.0,0.0,0.0,0.2,0.06666666666666667,0.06666666666666667,0.0,0.0,0.06666666666666667,0.0,0.06666666666666667,0.0,0.0,0.0,0.0,0.0,0.0,0.0,0.14285714285714285,0.0,0.2857142857142857,0.07142857142857142,0.0,0.0,0.0,0.0,0.0,0.0,0.2857142857142857,0.0,0.0,0.07142857142857142,0.0,0.07142857142857142,0.07142857142857142,0.0,0.0,0.0,0.0,0.0,0.0,0.0,0.0,0.3076923076923077,0.07692307692307693,0.15384615384615385,0.0,0.0,0.0,0.0,0.0,0.0,0.0,0.15384615384615385,0.0,0.07692307692307693,0.07692307692307693,0.0,0.07692307692307693,0.0,0.07692307692307693,0.0,0.0,0.0,0.0,0.0,0.0,0.0,0.3333333333333333,0.08333333333333333,0.08333333333333333,0.08333333333333333,0.0,0.0,0.0,0.0,0.0,0.0,0.16666666666666666,0.0,0.16666666666666666,0.0,0.0,0.0,0.0,0.08333333333333333,0.0,0.0,0.0,0.0,0.0,0.0,0.0,0.18181818181818182,0.0,0.2727272727272727,0.09090909090909091,0.0,0.0,0.0,0.0,0.0,0.0,0.18181818181818182,0.09090909090909091,0.09090909090909091,0.0,0.0,0.09090909090909091,0.0,0.0,0.0,0.0,0.0,0.0,0.0,0.0,0.0,0.2,0.1,0.2,0.0,0.0,0.0,0.0,0.0,0.0,0.0,0.2,0.0,0.1,0.1,0.0,0.1,0.0,0.0,0.0,0.0,0.0,0.0,0.0,0.0,0.0
1,0.125,0.0625,0.125,0.0625,0.125,0.125,0.0,0.0,0.0,0.0,0.0625,0.0,0.0625,0.0,0.0,0.0625,0.0,0.0,0.0,0.0,0.125,0.0,0.0,0.0,0.0625,0.2,0.0,0.06666666666666667,0.0,0.2,0.0,0.0,0.06666666666666667,0.06666666666666667,0.0,0.13333333333333333,0.0,0.0,0.0,0.0,0.0,0.0,0.06666666666666667,0.0,0.0,0.13333333333333333,0.06666666666666667,0.0,0.0,0.0,0.2857142857142857,0.0,0.14285714285714285,0.0,0.07142857142857142,0.07142857142857142,0.0,0.0,0.0,0.0,0.07142857142857142,0.0,0.0,0.0,0.07142857142857142,0.0,0.0,0.07142857142857142,0.0,0.0,0.07142857142857142,0.07142857142857142,0.0,0.0,0.07142857142857142,0.23076923076923078,0.07692307692307693,0.07692307692307693,0.0,0.07692307692307693,0.0,0.0,0.07692307692307693,0.0,0.0,0.07692307692307693,0.0,0.0,0.0,0.07692307692307693,0.07692307692307693,0.0,0.0,0.0,0.0,0.07692307692307693,0.0,0.07692307692307693,0.0,0.07692307692307693,0.16666666666666666,0.08333333333333333,0.0,0.0,0.25,0.0,0.0,0.08333333333333333,0.0,0.0,0.16666666666666666,0.0,0.0,0.0,0.0,0.08333333333333333,0.0,0.0,0.0,0.0,0.08333333333333333,0.0,0.08333333333333333,0.0,0.0,0.36363636363636365,0.0,0.09090909090909091,0.0,0.09090909090909091,0.09090909090909091,0.0,0.0,0.0,0.0,0.09090909090909091,0.0,0.0,0.0,0.09090909090909091,0.0,0.0,0.0,0.0,0.09090909090909091,0.0,0.09090909090909091,0.0,0.0,0.0
1,0.058823529411764705,0.058823529411764705,0.11764705882352941,0.0,0.058823529411764705,0.058823529411764705,0.0,0.11764705882352941,0.0,0.0,0.17647058823529413,0.17647058823529413,0.11764705882352941,0.0,0.0,0.0,0.0,0.0,0.0,0.0,0.0,0.0,0.058823529411764705,0.0,0.0,0.0625,0.0,0.25,0.0,0.0,0.0625,0.0,0.125,0.0,0.0,0.1875,0.125,0.0625,0.0,0.0625,0.0,0.0,0.0,0.0,0.0,0.0,0.0625,0.0,0.0,0.0,0.06666666666666667,0.13333333333333333,0.13333333333333333,0.0,0.0,0.13333333333333333,0.06666666666666667,0.0,0.0,0.0,0.06666666666666667,0.0,0.26666666666666666,0.0,0.06666666666666667,0.0,0.0,0.0,0.0,0.0,0.06666666666666667,0.0,0.0,0.0,0.0,0.14285714285714285,0.07142857142857142,0.07142857142857142,0.0,0.0,0.07142857142857142,0.0,0.07142857142857142,0.0,0.07142857142857142,0.07142857142857142,0.14285714285714285,0.21428571428571427,0.0,0.0,0.0,0.0,0.0,0.0,0.0,0.0,0.0,0.07142857142857142,0.0,0.0,0.0,0.0,0.15384615384615385,0.0,0.07692307692307693,0.0,0.0,0.23076923076923078,0.0,0.0,0.23076923076923078,0.15384615384615385,0.07692307692307693,0.0,0.0,0.0,0.0,0.0,0.0,0.0,0.07692307692307693,0.0,0.0,0.0,0.0,0.08333333333333333,0.08333333333333333,0.08333333333333333,0.0,0.0,0.08333333333333333,0.08333333333333333,0.08333333333333333,0.0,0.0,0.08333333333333333,0.0,0.25,0.0,0.08333333333333333,0.0,0.0,0.0,0.0,0.0,0.08333333333333333,0.0,0.0,0.0,0.0
1,0.15,0.05,0.2,0.0,0.0,0.1,0.0,0.05,0.0,0.0,0.2,0.1,0.15,0.0,0.0,0.0,0.0,0.0,0.0,0.0,0.0,0.0,0.0,0.0,0.0,0.0,0.05263157894736842,0.3157894736842105,0.0,0.0,0.0,0.05263157894736842,0.10526315789473684,0.0,0.0,0.42105263157894735,0.05263157894736842,0.0,0.0,0.0,0.0,0.0,0.0,0.0,0.0,0.0,0.0,0.0,0.0,0.0,0.2222222222222222,0.1111111111111111,0.05555555555555555,0.0,0.0,0.05555555555555555,0.0,0.1111111111111111,0.0,0.0,0.1111111111111111,0.05555555555555555,0.2777777777777778,0.0,0.0,0.0,0.0,0.0,0.0,0.0,0.0,0.0,0.0,0.0,0.0,0.29411764705882354,0.058823529411764705,0.058823529411764705,0.0,0.0,0.11764705882352941,0.0,0.058823529411764705,0.0,0.0,0.0,0.11764705882352941,0.29411764705882354,0.0,0.0,0.0,0.0,0.0,0.0,0.0,0.0,0.0,0.0,0.0,0.0,0.0,0.0625,0.3125,0.0,0.0,0.125,0.0,0.0625,0.0,0.0,0.3125,0.125,0.0,0.0,0.0,0.0,0.0,0.0,0.0,0.0,0.0,0.0,0.0,0.0,0.0,0.06666666666666667,0.13333333333333333,0.2,0.0,0.0,0.06666666666666667,0.0,0.06666666666666667,0.0,0.0,0.26666666666666666,0.06666666666666667,0.13333333333333333,0.0,0.0,0.0,0.0,0.0,0.0,0.0,0.0,0.0,0.0,0.0,0.0
1,0.09090909090909091,0.045454545454545456,0.18181818181818182,0.0,0.0,0.045454545454545456,0.0,0.045454545454545456,0.0,0.0,0.22727272727272727,0.045454545454545456,0.22727272727272727,0.0,0.045454545454545456,0.0,0.0,0.0,0.0,0.0,0.0,0.0,0.045454545454545456,0.0,0.0,0.0,0.0,0.3333333333333333,0.0,0.0,0.0,0.0,0.09523809523809523,0.0,0.0,0.3333333333333333,0.09523809523809523,0.09523809523809523,0.0,0.0,0.0,0.0,0.0,0.0,0.0,0.047619047619047616,0.0,0.0,0.0,0.0,0.2,0.0,0.15,0.0,0.0,0.0,0.05,0.05,0.0,0.0,0.2,0.0,0.3,0.0,0.0,0.0,0.0,0.0,0.0,0.0,0.0,0.05,0.0,0.0,0.0,0.21052631578947367,0.05263157894736842,0.05263157894736842,0.0,0.0,0.10526315789473684,0.0,0.0,0.0,0.0,0.05263157894736842,0.05263157894736842,0.42105263157894735,0.0,0.0,0.0,0.0,0.0,0.0,0.0,0.0,0.0,0.05263157894736842,0.0,0.0,0.05555555555555555,0.0,0.2222222222222222,0.0,0.0,0.05555555555555555,0.0,0.05555555555555555,0.0,0.0,0.2777777777777778,0.05555555555555555,0.2222222222222222,0.0,0.0,0.0,0.0,0.0,0.0,0.0,0.0,0.0,0.05555555555555555,0.0,0.0,0.058823529411764705,0.0,0.23529411764705882,0.0,0.0,0.0,0.0,0.11764705882352941,0.0,0.0,0.35294117647058826,0.0,0.17647058823529413,0.0,0.0,0.0,0.0,0.0,0.0,0.0,0.0,0.058823529411764705,0.0,0.0,0.0
1,0.3684210526315789,0.05263157894736842,0.05263157894736842,0.0,0.05263157894736842,0.0,0.0,0.10526315789473684,0.0,0.0,0.15789473684210525,0.05263157894736842,0.05263157894736842,0.0,0.0,0.0,0.0,0.0,0.0,0.0,0.05263157894736842,0.0,0.0,0.0,0.05263157894736842,0.3333333333333333,0.0,0.1111111111111111,0.0,0.1111111111111111,0.05555555555555555,0.0,0.05555555555555555,0.0,0.0,0.16666666666666666,0.05555555555555555,0.05555555555555555,0.0,0.0,0.0,0.0,0.0,0.0,0.0,0.05555555555555555,0.0,0.0,0.0,0.0,0.4117647058823529,0.0,0.11764705882352941,0.0,0.058823529411764705,0.058823529411764705,0.058823529411764705,0.0,0.0,0.0,0.17647058823529413,0.0,0.058823529411764705,0.0,0.058823529411764705,0.0,0.0,0.0,0.0,0.0,0.0,0.0,0.0,0.0,0.0,0.4375,0.0,0.0625,0.0,0.0625,0.0625,0.0,0.0625,0.0,0.0,0.125,0.0625,0.0625,0.0,0.0625,0.0,0.0,0.0,0.0,0.0,0.0,0.0,0.0,0.0,0.0,0.3333333333333333,0.0,0.06666666666666667,0.0,0.13333333333333333,0.06666666666666667,0.0,0.06666666666666667,0.0,0.0,0.26666666666666666,0.0,0.06666666666666667,0.0,0.0,0.0,0.0,0.0,0.0,0.0,0.0,0.0,0.0,0.0,0.0,0.35714285714285715,0.0,0.07142857142857142,0.0,0.14285714285714285,0.14285714285714285,0.0,0.0,0.0,0.0,0.21428571428571427,0.0,0.07142857142857142,0.0,0.0,0.0,0.0,0.0,0.0,0.0,0.0,0.0,0.0,0.0,0.0
1,0.09090909090909091,0.09090909090909091,0.09090909090909091,0.09090909090909091,0.0,0.09090909090909091,0.09090909090909091,0.0,0.09090909090909091,0.0,0.09090909090909091,0.09090909090909091,0.0,0.0,0.0,0.09090909090909091,0.0,0.0,0.0,0.0,0.0,0.0,0.09090909090909091,0.0,0.0,0.2,0.0,0.0,0.1,0.0,0.1,0.0,0.1,0.1,0.0,0.1,0.1,0.0,0.0,0.0,0.0,0.1,0.0,0.0,0.0,0.0,0.1,0.0,0.0,0.0,0.1111111111111111,0.0,0.1111111111111111,0.0,0.0,0.2222222222222222,0.1111111111111111,0.0,0.0,0.0,0.0,0.0,0.0,0.2222222222222222,0.0,0.1111111111111111,0.0,0.0,0.0,0.0,0.0,0.1111111111111111,0.0,0.0,0.0,0.125,0.0,0.0,0.125,0.0,0.25,0.125,0.0,0.0,0.0,0.125,0.0,0.0,0.0,0.0,0.0,0.0,0.125,0.0,0.0,0.0,0.0,0.0,0.125,0.0,0.14285714285714285,0.0,0.0,0.0,0.0,0.14285714285714285,0.0,0.14285714285714285,0.14285714285714285,0.0,0.0,0.14285714285714285,0.0,0.0,0.0,0.14285714285714285,0.0,0.0,0.0,0.0,0.14285714285714285,0.0,0.0,0.0,0.0,0.0,0.0,0.0,0.16666666666666666,0.0,0.16666666666666666,0.0,0.16666666666666666,0.0,0.0,0.16666666666666666,0.0,0.0,0.0,0.0,0.16666666666666666,0.0,0.0,0.0,0.0,0.0,0.16666666666666666,0.0,0.0,0.0
1,0.09523809523809523,0.09523809523809523,0.09523809523809523,0.0,0.09523809523809523,0.047619047619047616,0.0,0.09523809523809523,0.0,0.0,0.14285714285714285,0.047619047619047616,0.09523809523809523,0.0,0.0,0.0,0.0,0.0,0.0,0.0,0.09523809523809523,0.0,0.0,0.0,0.09523809523809523,0.0,0.0,0.2,0.0,0.15,0.05,0.1,0.0,0.0,0.0,0.25,0.05,0.0,0.0,0.0,0.0,0.0,0.0,0.0,0.0,0.1,0.0,0.05,0.0,0.05,0.21052631578947367,0.05263157894736842,0.05263157894736842,0.0,0.05263157894736842,0.10526315789473684,0.0,0.05263157894736842,0.0,0.0,0.05263157894736842,0.10526315789473684,0.10526315789473684,0.0,0.05263157894736842,0.0,0.0,0.0,0.0,0.0,0.0,0.0,0.05263157894736842,0.0,0.10526315789473684,0.2777777777777778,0.0,0.05555555555555555,0.0,0.05555555555555555,0.05555555555555555,0.05555555555555555,0.05555555555555555,0.0,0.0,0.0,0.05555555555555555,0.16666666666666666,0.0,0.1111111111111111,0.0,0.0,0.0,0.0,0.0,0.05555555555555555,0.0,0.0,0.0,0.05555555555555555,0.058823529411764705,0.058823529411764705,0.058823529411764705,0.0,0.17647058823529413,0.058823529411764705,0.0,0.11764705882352941,0.0,0.0,0.23529411764705882,0.058823529411764705,0.0,0.0,0.058823529411764705,0.0,0.0,0.0,0.0,0.0,0.058823529411764705,0.0,0.058823529411764705,0.0,0.0,0.0625,0.0,0.125,0.0,0.1875,0.125,0.0,0.0625,0.0,0.0,0.25,0.0625,0.0,0.0,0.0625,0.0,0.0,0.0,0.0,0.0,0.0,0.0,0.0625,0.0,0.0
1,0.16666666666666666,0.0,0.08333333333333333,0.0,0.08333333333333333,0.16666666666666666,0.08333333333333333,0.0,0.0,0.08333333333333333,0.08333333333333333,0.08333333333333333,0.0,0.0,0.0,0.0,0.0,0.0,0.0,0.0,0.0,0.08333333333333333,0.08333333333333333,0.0,0.0,0.09090909090909091,0.09090909090909091,0.09090909090909091,0.0,0.0,0.09090909090909091,0.0,0.09090909090909091,0.0,0.18181818181818182,0.18181818181818182,0.0,0.0,0.0,0.0,0.0,0.0,0.0,0.0,0.0,0.0,0.18181818181818182,0.0,0.0,0.0,0.2,0.1,0.0,0.0,0.0,0.0,0.2,0.2,0.0,0.0,0.1,0.0,0.0,0.0,0.0,0.0,0.0,0.0,0.0,0.0,0.1,0.0,0.0,0.0,0.1,0.1111111111111111,0.0,0.0,0.0,0.1111111111111111,0.2222222222222222,0.2222222222222222,0.0,0.0,0.0,0.0,0.0,0.1111111111111111,0.0,0.0,0.0,0.0,0.0,0.0,0.0,0.1111111111111111,0.0,0.1111111111111111,0.0,0.0,0.0,0.0,0.125,0.0,0.0,0.375,0.0,0.0,0.0,0.125,0.125,0.0,0.0,0.0,0.0,0.0,0.0,0.0,0.0,0.0,0.0,0.125,0.125,0.0,0.0,0.0,0.14285714285714285,0.0,0.0,0.0,0.14285714285714285,0.0,0.2857142857142857,0.0,0.0,0.14285714285714285,0.0,0.0,0.0,0.0,0.0,0.0,0.0,0.0,0.0,0.2857142857142857,0.0,0.0,0.0,0.0
1,0.06666666666666667,0.022222222222222223,0.044444444444444446,0.0,0.1111111111111111,0.022222222222222223,0.0,0.0,0.0,0.044444444444444446,0.044444444444444446,0.022222222222222223,0.0,0.022222222222222223,0.08888888888888889,0.0,0.022222222222222223,0.022222222222222223,0.0,0.0,0.1111111111111111,0.0,0.1111111111111111,0.022222222222222223,0.2222222222222222,0.09090909090909091,0.0,0.045454545454545456,0.0,0.11363636363636363,0.022727272727272728,0.0,0.022727272727272728,0.0,0.022727272727272728,0.09090909090909091,0.0,0.022727272727272728,0.0,0.06818181818181818,0.0,0.0,0.0,0.0,0.045454545454545456,0.045454545454545456,0.06818181818181818,0.09090909090909091,0.045454545454545456,0.20454545454545456,0.06976744186046512,0.0,0.023255813953488372,0.023255813953488372,0.13953488372093023,0.023255813953488372,0.0,0.0,0.0,0.023255813953488372,0.046511627906976744,0.023255813953488372,0.023255813953488372,0.0,0.09302325581395349,0.023255813953488372,0.0,0.023255813953488372,0.0,0.0,0.09302325581395349,0.046511627906976744,0.11627906976744186,0.023255813953488372,0.18604651162790697,0.047619047619047616,0.023809523809523808,0.07142857142857142,0.023809523809523808,0.09523809523809523,0.0,0.0,0.023809523809523808,0.0,0.023809523809523808,0.11904761904761904,0.0,0.023809523809523808,0.0,0.047619047619047616,0.0,0.0,0.023809523809523808,0.0,0.0,0.09523809523809523,0.047619047619047616,0.047619047619047616,0.023809523809523808,0.2619047619047619,0.024390243902439025,0.0,0.04878048780487805,0.024390243902439025,0.17073170731707318,0.0,0.024390243902439025,0.024390243902439025,0.0,0.0,0.0,0.0,0.07317073170731707,0.0,0.12195121951219512,0.024390243902439025,0.0,0.0,0.0,0.0,0.21951219512195122,0.04878048780487805,0.024390243902439025,0.024390243902439025,0.14634146341463414,0.075,0.025,0.05,0.025,0.1,0.025,0.0,0.0,0.025,0.0,0.075,0.0,0.025,0.0,0.1,0.0,0.0,0.0,0.0,0.025,0.1,0.05,0.1,0.0,0.2
1,0.07142857142857142,0.07142857142857142,0.07142857142857142,0.0,0.07142857142857142,0.0,0.0,0.14285714285714285,0.0,0.0,0.21428571428571427,0.14285714285714285,0.14285714285714285,0.0,0.0,0.0,0.0,0.0,0.0,0.0,0.0,0.0,0.07142857142857142,0.0,0.0,0.0,0.0,0.3076923076923077,0.0,0.0,0.07692307692307693,0.0,0.07692307692307693,0.0,0.0,0.15384615384615385,0.15384615384615385,0.07692307692307693,0.0,0.07692307692307693,0.0,0.0,0.0,0.0,0.0,0.07692307692307693,0.0,0.0,0.0,0.0,0.08333333333333333,0.08333333333333333,0.16666666666666666,0.0,0.0,0.08333333333333333,0.08333333333333333,0.0,0.0,0.0,0.08333333333333333,0.0,0.25,0.0,0.08333333333333333,0.0,0.0,0.0,0.0,0.0,0.08333333333333333,0.0,0.0,0.0,0.0,0.18181818181818182,0.09090909090909091,0.0,0.0,0.0,0.0,0.0,0.09090909090909091,0.0,0.09090909090909091,0.09090909090909091,0.09090909090909091,0.2727272727272727,0.0,0.0,0.0,0.0,0.0,0.0,0.0,0.0,0.0,0.09090909090909091,0.0,0.0,0.0,0.0,0.1,0.0,0.1,0.0,0.0,0.2,0.0,0.0,0.3,0.1,0.1,0.0,0.0,0.0,0.0,0.0,0.0,0.0,0.0,0.0,0.1,0.0,0.0,0.0,0.0,0.2222222222222222,0.0,0.0,0.2222222222222222,0.0,0.0,0.0,0.0,0.1111111111111111,0.0,0.2222222222222222,0.0,0.1111111111111111,0.0,0.0,0.0,0.0,0.0,0.0,0.1111111111111111,0.0,0.0,0.0
1,0.15789473684210525,0.05263157894736842,0.10526315789473684,0.0,0.05263157894736842,0.05263157894736842,0.0,0.10526315789473684,0.0,0.0,0.10526315789473684,0.10526315789473684,0.05263157894736842,0.0,0.05263157894736842,0.0,0.0,0.0,0.0,0.0,0.05263157894736842,0.05263157894736842,0.0,0.0,0.05263157894736842,0.1111111111111111,0.05555555555555555,0.1111111111111111,0.0,0.1111111111111111,0.05555555555555555,0.0,0.1111111111111111,0.0,0.0,0.2222222222222222,0.05555555555555555,0.05555555555555555,0.0,0.0,0.0,0.0,0.0,0.0,0.0,0.0,0.05555555555555555,0.0,0.0,0.05555555555555555,0.17647058823529413,0.11764705882352941,0.11764705882352941,0.0,0.0,0.058823529411764705,0.058823529411764705,0.0,0.0,0.058823529411764705,0.17647058823529413,0.0,0.11764705882352941,0.0,0.058823529411764705,0.0,0.0,0.0,0.0,0.0,0.0,0.0,0.0,0.0,0.058823529411764705,0.125,0.0625,0.125,0.0,0.0625,0.125,0.0,0.0625,0.0,0.0,0.125,0.0625,0.0625,0.0,0.125,0.0,0.0,0.0,0.0,0.0,0.0,0.0625,0.0,0.0,0.0,0.13333333333333333,0.06666666666666667,0.06666666666666667,0.0,0.13333333333333333,0.06666666666666667,0.0,0.06666666666666667,0.0,0.06666666666666667,0.2,0.06666666666666667,0.13333333333333333,0.0,0.0,0.0,0.0,0.0,0.0,0.0,0.0,0.0,0.0,0.0,0.0,0.21428571428571427,0.07142857142857142,0.07142857142857142,0.0,0.07142857142857142,0.14285714285714285,0.0,0.0,0.0,0.07142857142857142,0.07142857142857142,0.07142857142857142,0.14285714285714285,0.0,0.07142857142857142,0.0,0.0,0.0,0.0,0.0,0.0,0.0,0.0,0.0,0.0
1,0.23529411764705882,0.058823529411764705,0.17647058823529413,0.0,0.0,0.058823529411764705,0.0,0.058823529411764705,0.0,0.0,0.17647058823529413,0.058823529411764705,0.11764705882352941,0.0,0.0,0.0,0.0,0.0,0.0,0.0,0.058823529411764705,0.0,0.0,0.0,0.0,0.0,0.0625,0.375,0.0,0.0,0.0625,0.0625,0.0,0.0,0.0,0.375,0.0,0.0,0.0,0.0,0.0,0.0,0.0,0.0,0.0,0.0625,0.0,0.0,0.0,0.0,0.26666666666666666,0.06666666666666667,0.13333333333333333,0.0,0.0,0.06666666666666667,0.0,0.06666666666666667,0.0,0.0,0.13333333333333333,0.06666666666666667,0.13333333333333333,0.0,0.0,0.0,0.0,0.0,0.0,0.0,0.0,0.0,0.06666666666666667,0.0,0.0,0.42857142857142855,0.07142857142857142,0.0,0.0,0.0,0.07142857142857142,0.0,0.07142857142857142,0.0,0.0,0.0,0.07142857142857142,0.21428571428571427,0.0,0.0,0.0,0.0,0.0,0.0,0.0,0.0,0.0,0.07142857142857142,0.0,0.0,0.15384615384615385,0.07692307692307693,0.23076923076923078,0.0,0.0,0.07692307692307693,0.0,0.07692307692307693,0.0,0.0,0.23076923076923078,0.07692307692307693,0.0,0.0,0.0,0.0,0.0,0.0,0.0,0.0,0.07692307692307693,0.0,0.0,0.0,0.0,0.08333333333333333,0.08333333333333333,0.25,0.0,0.0,0.08333333333333333,0.0,0.08333333333333333,0.0,0.0,0.25,0.08333333333333333,0.0,0.0,0.0,0.0,0.0,0.0,0.0,0.0,0.08333333333333333,0.0,0.0,0.0,0.0
1,0.06666666666666667,0.022222222222222223,0.044444444444444446,0.0,0.13333333333333333,0.022222222222222223,0.0,0.0,0.0,0.044444444444444446,0.044444444444444446,0.022222222222222223,0.0,0.022222222222222223,0.044444444444444446,0.022222222222222223,0.022222222222222223,0.0,0.0,0.0,0.1111111111111111,0.0,0.08888888888888889,0.022222222222222223,0.26666666666666666,0.11363636363636363,0.0,0.045454545454545456,0.0,0.11363636363636363,0.022727272727272728,0.0,0.022727272727272728,0.0,0.022727272727272728,0.09090909090909091,0.0,0.0,0.0,0.045454545454545456,0.0,0.0,0.0,0.0,0.045454545454545456,0.045454545454545456,0.06818181818181818,0.06818181818181818,0.045454545454545456,0.25,0.06976744186046512,0.0,0.046511627906976744,0.023255813953488372,0.13953488372093023,0.023255813953488372,0.0,0.0,0.0,0.023255813953488372,0.046511627906976744,0.023255813953488372,0.0,0.0,0.06976744186046512,0.023255813953488372,0.0,0.023255813953488372,0.0,0.0,0.11627906976744186,0.046511627906976744,0.06976744186046512,0.023255813953488372,0.23255813953488372,0.09523809523809523,0.023809523809523808,0.047619047619047616,0.023809523809523808,0.09523809523809523,0.0,0.0,0.023809523809523808,0.0,0.023809523809523808,0.07142857142857142,0.0,0.0,0.0,0.07142857142857142,0.0,0.0,0.023809523809523808,0.0,0.0,0.11904761904761904,0.047619047619047616,0.047619047619047616,0.023809523809523808,0.2619047619047619,0.04878048780487805,0.0,0.024390243902439025,0.024390243902439025,0.1951219512195122,0.0,0.024390243902439025,0.024390243902439025,0.0,0.0,0.0,0.0,0.04878048780487805,0.0,0.0975609756097561,0.024390243902439025,0.0,0.0,0.0,0.0,0.21951219512195122,0.04878048780487805,0.04878048780487805,0.024390243902439025,0.14634146341463414,0.125,0.025,0.025,0.025,0.1,0.025,0.0,0.0,0.025,0.0,0.05,0.0,0.025,0.0,0.075,0.0,0.0,0.0,0.0,0.025,0.1,0.05,0.1,0.0,0.225
1,0.4666666666666667,0.06666666666666667,0.06666666666666667,0.0,0.06666666666666667,0.0,0.0,0.0,0.06666666666666667,0.0,0.06666666666666667,0.0,0.06666666666666667,0.0,0.0,0.06666666666666667,0.0,0.0,0.0,0.0,0.06666666666666667,0.0,0.0,0.0,0.0,0.2857142857142857,0.07142857142857142,0.14285714285714285,0.07142857142857142,0.07142857142857142,0.07142857142857142,0.0,0.0,0.0,0.0,0.14285714285714285,0.0,0.0,0.0,0.0,0.07142857142857142,0.0,0.0,0.0,0.0,0.07142857142857142,0.0,0.0,0.0,0.0,0.46153846153846156,0.0,0.07692307692307693,0.07692307692307693,0.0,0.07692307692307693,0.0,0.0,0.0,0.0,0.07692307692307693,0.0,0.0,0.0,0.07692307692307693,0.0,0.0,0.07692307692307693,0.0,0.0,0.07692307692307693,0.0,0.0,0.0,0.0,0.5833333333333334,0.0,0.0,0.0,0.0,0.0,0.0,0.08333333333333333,0.0,0.0,0.08333333333333333,0.0,0.0,0.0,0.08333333333333333,0.0,0.0,0.08333333333333333,0.0,0.0,0.08333333333333333,0.0,0.0,0.0,0.0,0.36363636363636365,0.0,0.09090909090909091,0.0,0.09090909090909091,0.0,0.0,0.09090909090909091,0.0,0.0,0.18181818181818182,0.0,0.0,0.0,0.0,0.09090909090909091,0.0,0.0,0.0,0.0,0.09090909090909091,0.0,0.0,0.0,0.0,0.3,0.0,0.2,0.0,0.1,0.1,0.0,0.0,0.0,0.0,0.2,0.0,0.0,0.0,0.0,0.1,0.0,0.0,0.0,0.0,0.0,0.0,0.0,0.0,0.0
1,0.037037037037037035,0.07407407407407407,0.0,0.037037037037037035,0.18518518518518517,0.07407407407407407,0.0,0.0,0.0,0.037037037037037035,0.037037037037037035,0.0,0.0,0.037037037037037035,0.0,0.0,0.0,0.037037037037037035,0.0,0.037037037037037035,0.14814814814814814,0.037037037037037035,0.037037037037037035,0.0,0.18518518518518517,0.11538461538461539,0.07692307692307693,0.0,0.0,0.15384615384615385,0.0,0.0,0.0,0.0,0.07692307692307693,0.0,0.0,0.038461538461538464,0.0,0.038461538461538464,0.038461538461538464,0.0,0.0,0.0,0.038461538461538464,0.15384615384615385,0.038461538461538464,0.038461538461538464,0.07692307692307693,0.11538461538461539,0.16,0.0,0.0,0.0,0.2,0.0,0.0,0.0,0.0,0.08,0.04,0.04,0.0,0.0,0.0,0.04,0.0,0.0,0.0,0.04,0.08,0.08,0.08,0.08,0.08,0.041666666666666664,0.041666666666666664,0.041666666666666664,0.041666666666666664,0.16666666666666666,0.041666666666666664,0.0,0.0,0.0,0.041666666666666664,0.0,0.0,0.0,0.0,0.08333333333333333,0.0,0.08333333333333333,0.0,0.0,0.0,0.20833333333333334,0.0,0.041666666666666664,0.041666666666666664,0.125,0.13043478260869565,0.043478260869565216,0.0,0.043478260869565216,0.13043478260869565,0.0,0.0,0.043478260869565216,0.0,0.043478260869565216,0.0,0.043478260869565216,0.0,0.0,0.0,0.043478260869565216,0.0,0.0,0.0,0.043478260869565216,0.13043478260869565,0.043478260869565216,0.043478260869565216,0.0,0.21739130434782608,0.09090909090909091,0.0,0.09090909090909091,0.0,0.18181818181818182,0.045454545454545456,0.0,0.0,0.045454545454545456,0.0,0.0,0.0,0.0,0.0,0.045454545454545456,0.0,0.0,0.0,0.0,0.045454545454545456,0.18181818181818182,0.13636363636363635,0.0,0.0,0.13636363636363635
1,0.36363636363636365,0.09090909090909091,0.18181818181818182,0.0,0.0,0.0,0.0,0.0,0.0,0.09090909090909091,0.18181818181818182,0.0,0.0,0.0,0.0,0.0,0.0,0.0,0.0,0.0,0.0,0.0,0.09090909090909091,0.0,0.0,0.2,0.1,0.2,0.0,0.1,0.0,0.0,0.1,0.0,0.0,0.2,0.0,0.0,0.0,0.0,0.0,0.0,0.0,0.0,0.0,0.1,0.0,0.0,0.0,0.0,0.2222222222222222,0.0,0.2222222222222222,0.0,0.1111111111111111,0.1111111111111111,0.0,0.0,0.0,0.0,0.1111111111111111,0.0,0.1111111111111111,0.0,0.0,0.0,0.0,0.0,0.0,0.0,0.1111111111111111,0.0,0.0,0.0,0.0,0.375,0.0,0.25,0.0,0.0,0.125,0.0,0.0,0.0,0.0,0.0,0.0,0.125,0.0,0.0,0.0,0.0,0.0,0.0,0.0,0.125,0.0,0.0,0.0,0.0,0.42857142857142855,0.0,0.14285714285714285,0.0,0.0,0.14285714285714285,0.0,0.0,0.0,0.0,0.14285714285714285,0.0,0.0,0.0,0.0,0.0,0.0,0.0,0.0,0.0,0.0,0.0,0.14285714285714285,0.0,0.0,0.3333333333333333,0.0,0.16666666666666666,0.0,0.0,0.0,0.0,0.16666666666666666,0.0,0.0,0.16666666666666666,0.0,0.0,0.0,0.0,0.0,0.0,0.0,0.0,0.0,0.16666666666666666,0.0,0.0,0.0,0.0
1,0.0,0.0,0.058823529411764705,0.0,0.11764705882352941,0.0,0.0,0.058823529411764705,0.0,0.058823529411764705,0.11764705882352941,0.0,0.058823529411764705,0.0,0.11764705882352941,0.0,0.0,0.0,0.0,0.058823529411764705,0.058823529411764705,0.11764705882352941,0.17647058823529413,0.0,0.0,0.0,0.125,0.0,0.0,0.0,0.0,0.0,0.0625,0.0,0.0625,0.125,0.0,0.125,0.0,0.0625,0.0,0.0,0.0625,0.0,0.0,0.0625,0.0,0.125,0.0,0.1875,0.0,0.0,0.06666666666666667,0.0,0.06666666666666667,0.06666666666666667,0.0,0.06666666666666667,0.0,0.0,0.0,0.06666666666666667,0.0,0.0,0.2,0.0,0.0,0.06666666666666667,0.0,0.0,0.13333333333333333,0.06666666666666667,0.13333333333333333,0.0,0.06666666666666667,0.0,0.0,0.07142857142857142,0.0,0.07142857142857142,0.0,0.0,0.07142857142857142,0.0,0.07142857142857142,0.07142857142857142,0.14285714285714285,0.07142857142857142,0.0,0.0,0.07142857142857142,0.0,0.0,0.0,0.0,0.07142857142857142,0.0,0.07142857142857142,0.0,0.21428571428571427,0.07692307692307693,0.0,0.07692307692307693,0.0,0.0,0.07692307692307693,0.0,0.0,0.0,0.0,0.0,0.0,0.07692307692307693,0.0,0.23076923076923078,0.0,0.0,0.0,0.0,0.07692307692307693,0.0,0.15384615384615385,0.15384615384615385,0.0,0.07692307692307693,0.0,0.0,0.08333333333333333,0.0,0.08333333333333333,0.0,0.0,0.0,0.0,0.08333333333333333,0.0,0.08333333333333333,0.16666666666666666,0.0,0.08333333333333333,0.0,0.08333333333333333,0.0,0.0,0.0,0.16666666666666666,0.0,0.08333333333333333,0.0,0.08333333333333333
1,0.08333333333333333,0.0,0.25,0.0,0.08333333333333333,0.0,0.0,0.0,0.0,0.0,0.25,0.0,0.0,0.0,0.0,0.08333333333333333,0.0,0.0,0.0,0.0,0.0,0.0,0.08333333333333333,0.08333333333333333,0.08333333333333333,0.18181818181818182,0.0,0.18181818181818182,0.0,0.0,0.0,0.0,0.0,0.0,0.0,0.09090909090909091,0.0,0.18181818181818182,0.0,0.0,0.0,0.0,0.0,0.0,0.09090909090909091,0.18181818181818182,0.0,0.0,0.09090909090909091,0.0,0.2,0.0,0.2,0.0,0.0,0.0,0.0,0.0,0.0,0.0,0.1,0.0,0.1,0.0,0.0,0.0,0.0,0.1,0.0,0.0,0.2,0.0,0.0,0.0,0.1,0.2222222222222222,0.0,0.1111111111111111,0.0,0.0,0.0,0.0,0.0,0.0,0.0,0.1111111111111111,0.0,0.1111111111111111,0.0,0.0,0.1111111111111111,0.0,0.0,0.0,0.0,0.0,0.0,0.2222222222222222,0.0,0.1111111111111111,0.125,0.0,0.25,0.0,0.0,0.0,0.0,0.0,0.0,0.0,0.0,0.0,0.125,0.0,0.0,0.125,0.0,0.0,0.0,0.0,0.25,0.0,0.125,0.0,0.0,0.14285714285714285,0.0,0.14285714285714285,0.0,0.0,0.0,0.0,0.0,0.0,0.0,0.14285714285714285,0.0,0.0,0.0,0.0,0.0,0.0,0.14285714285714285,0.0,0.0,0.2857142857142857,0.0,0.14285714285714285,0.0,0.0
1,0.125,0.08333333333333333,0.041666666666666664,0.041666666666666664,0.08333333333333333,0.041666666666666664,0.0,0.041666666666666664,0.0,0.041666666666666664,0.16666666666666666,0.0,0.041666666666666664,0.0,0.0,0.041666666666666664,0.0,0.041666666666666664,0.0,0.0,0.041666666666666664,0.041666666666666664,0.041666666666666664,0.041666666666666664,0.041666666666666664,0.08695652173913043,0.0,0.13043478260869565,0.043478260869565216,0.08695652173913043,0.08695652173913043,0.0,0.0,0.0,0.043478260869565216,0.08695652173913043,0.043478260869565216,0.0,0.043478260869565216,0.043478260869565216,0.043478260869565216,0.043478260869565216,0.0,0.0,0.0,0.13043478260869565,0.0,0.08695652173913043,0.0,0.0,0.18181818181818182,0.0,0.09090909090909091,0.0,0.045454545454545456,0.045454545454545456,0.045454545454545456,0.0,0.0,0.045454545454545456,0.09090909090909091,0.0,0.045454545454545456,0.09090909090909091,0.0,0.045454545454545456,0.0,0.0,0.0,0.045454545454545456,0.09090909090909091,0.045454545454545456,0.045454545454545456,0.0,0.045454545454545456,0.19047619047619047,0.047619047619047616,0.0,0.047619047619047616,0.047619047619047616,0.047619047619047616,0.0,0.09523809523809523,0.0,0.0,0.09523809523809523,0.0,0.047619047619047616,0.0,0.047619047619047616,0.09523809523809523,0.0,0.0,0.0,0.0,0.0,0.047619047619047616,0.047619047619047616,0.047619047619047616,0.09523809523809523,0.05,0.0,0.15,0.05,0.1,0.05,0.0,0.05,0.0,0.05,0.1,0.05,0.0,0.0,0.05,0.05,0.0,0.0,0.0,0.0,0.2,0.0,0.0,0.05,0.0,0.15789473684210525,0.0,0.10526315789473684,0.05263157894736842,0.0,0.05263157894736842,0.0,0.0,0.0,0.10526315789473684,0.10526315789473684,0.0,0.05263157894736842,0.0,0.05263157894736842,0.0,0.0,0.05263157894736842,0.0,0.0,0.10526315789473684,0.05263157894736842,0.0,0.05263157894736842,0.05263157894736842
1,0.40625,0.03125,0.15625,0.0,0.03125,0.0,0.0,0.0,0.0,0.03125,0.125,0.0,0.0,0.0625,0.0,0.09375,0.0,0.0,0.0,0.0,0.0,0.0,0.03125,0.03125,0.0,0.2903225806451613,0.03225806451612903,0.12903225806451613,0.0967741935483871,0.06451612903225806,0.0,0.0,0.03225806451612903,0.0,0.0,0.16129032258064516,0.0,0.03225806451612903,0.0,0.0,0.0967741935483871,0.0,0.0,0.0,0.0,0.06451612903225806,0.0,0.0,0.0,0.0,0.4,0.0,0.1,0.06666666666666667,0.06666666666666667,0.03333333333333333,0.0,0.0,0.0,0.0,0.16666666666666666,0.0,0.0,0.03333333333333333,0.0,0.0,0.0,0.06666666666666667,0.0,0.0,0.03333333333333333,0.0,0.03333333333333333,0.0,0.0,0.5517241379310345,0.0,0.034482758620689655,0.034482758620689655,0.034482758620689655,0.0,0.0,0.034482758620689655,0.0,0.0,0.06896551724137931,0.0,0.13793103448275862,0.0,0.0,0.034482758620689655,0.0,0.0,0.034482758620689655,0.0,0.0,0.0,0.0,0.034482758620689655,0.0,0.39285714285714285,0.0,0.17857142857142858,0.03571428571428571,0.03571428571428571,0.0,0.0,0.0,0.03571428571428571,0.0,0.17857142857142858,0.0,0.0,0.03571428571428571,0.0,0.07142857142857142,0.0,0.0,0.0,0.0,0.03571428571428571,0.0,0.0,0.0,0.0,0.3333333333333333,0.0,0.14814814814814814,0.1111111111111111,0.037037037037037035,0.037037037037037035,0.0,0.0,0.0,0.0,0.18518518518518517,0.0,0.037037037037037035,0.0,0.0,0.07407407407407407,0.0,0.0,0.0,0.0,0.037037037037037035,0.0,0.0,0.0,0.0
1,0.2857142857142857,0.07142857142857142,0.21428571428571427,0.0,0.0,0.14285714285714285,0.0,0.0,0.0,0.0,0.21428571428571427,0.0,0.07142857142857142,0.0,0.0,0.0,0.0,0.0,0.0,0.0,0.0,0.0,0.0,0.0,0.0,0.3076923076923077,0.0,0.23076923076923078,0.0,0.0,0.0,0.07692307692307693,0.07692307692307693,0.0,0.0,0.3076923076923077,0.0,0.0,0.0,0.0,0.0,0.0,0.0,0.0,0.0,0.0,0.0,0.0,0.0,0.0,0.3333333333333333,0.0,0.25,0.0,0.0,0.16666666666666666,0.0,0.0,0.0,0.0,0.16666666666666666,0.0,0.08333333333333333,0.0,0.0,0.0,0.0,0.0,0.0,0.0,0.0,0.0,0.0,0.0,0.0,0.5454545454545454,0.0,0.09090909090909091,0.0,0.0,0.09090909090909091,0.0,0.09090909090909091,0.0,0.0,0.0,0.0,0.18181818181818182,0.0,0.0,0.0,0.0,0.0,0.0,0.0,0.0,0.0,0.0,0.0,0.0,0.3,0.0,0.3,0.0,0.0,0.2,0.0,0.0,0.0,0.0,0.2,0.0,0.0,0.0,0.0,0.0,0.0,0.0,0.0,0.0,0.0,0.0,0.0,0.0,0.0,0.3333333333333333,0.0,0.2222222222222222,0.0,0.0,0.1111111111111111,0.0,0.1111111111111111,0.0,0.0,0.2222222222222222,0.0,0.0,0.0,0.0,0.0,0.0,0.0,0.0,0.0,0.0,0.0,0.0,0.0,0.0
1,0.16666666666666666,0.16666666666666666,0.08333333333333333,0.0,0.0,0.16666666666666666,0.0,0.0,0.0,0.0,0.0,0.0,0.0,0.0,0.08333333333333333,0.0,0.0,0.0,0.0,0.0,0.16666666666666666,0.0,0.0,0.0,0.16666666666666666,0.18181818181818182,0.09090909090909091,0.09090909090909091,0.0,0.09090909090909091,0.09090909090909091,0.09090909090909091,0.0,0.0,0.0,0.0,0.0,0.0,0.0,0.09090909090909091,0.0,0.0,0.0,0.0,0.0,0.2727272727272727,0.0,0.0,0.0,0.0,0.2,0.1,0.0,0.0,0.2,0.1,0.0,0.1,0.0,0.0,0.1,0.0,0.0,0.0,0.0,0.0,0.0,0.0,0.0,0.0,0.1,0.1,0.0,0.0,0.0,0.2222222222222222,0.1111111111111111,0.1111111111111111,0.0,0.1111111111111111,0.1111111111111111,0.0,0.0,0.0,0.1111111111111111,0.0,0.0,0.0,0.0,0.0,0.0,0.0,0.0,0.0,0.0,0.1111111111111111,0.1111111111111111,0.0,0.0,0.0,0.375,0.0,0.0,0.0,0.125,0.0,0.0,0.125,0.0,0.125,0.0,0.0,0.0,0.0,0.0,0.0,0.0,0.0,0.0,0.0,0.125,0.125,0.0,0.0,0.0,0.14285714285714285,0.0,0.14285714285714285,0.0,0.14285714285714285,0.14285714285714285,0.0,0.0,0.0,0.14285714285714285,0.0,0.0,0.0,0.0,0.0,0.0,0.0,0.0,0.0,0.0,0.14285714285714285,0.14285714285714285,0.0,0.0,0.0
1,0.21428571428571427,0.0,0.07142857142857142,0.07142857142857142,0.07142857142857142,0.0,0.0,0.07142857142857142,0.0,0.0,0.14285714285714285,0.0,0.07142857142857142,0.07142857142857142,0.0,0.0,0.14285714285714285,0.0,0.0,0.0,0.0,0.0,0.07142857142857142,0.0,0.0,0.07692307692307693,0.07692307692307693,0.07692307692307693,0.15384615384615385,0.07692307692307693,0.0,0.0,0.07692307692307693,0.0,0.0,0.15384615384615385,0.07692307692307693,0.07692307692307693,0.0,0.0,0.0,0.0,0.07692307692307693,0.0,0.0,0.07692307692307693,0.0,0.0,0.0,0.0,0.08333333333333333,0.16666666666666666,0.16666666666666666,0.08333333333333333,0.0,0.08333333333333333,0.0,0.0,0.0,0.0,0.08333333333333333,0.0,0.0,0.08333333333333333,0.08333333333333333,0.0,0.0,0.08333333333333333,0.0,0.0,0.0,0.0,0.08333333333333333,0.0,0.0,0.09090909090909091,0.09090909090909091,0.2727272727272727,0.0,0.0,0.09090909090909091,0.0,0.0,0.0,0.0,0.0,0.09090909090909091,0.09090909090909091,0.0,0.09090909090909091,0.09090909090909091,0.0,0.0,0.0,0.0,0.0,0.0,0.0,0.09090909090909091,0.0,0.1,0.0,0.3,0.1,0.0,0.0,0.0,0.0,0.0,0.1,0.1,0.0,0.1,0.0,0.0,0.1,0.0,0.0,0.0,0.0,0.0,0.1,0.0,0.0,0.0,0.2222222222222222,0.1111111111111111,0.1111111111111111,0.1111111111111111,0.0,0.0,0.0,0.1111111111111111,0.0,0.0,0.1111111111111111,0.0,0.1111111111111111,0.0,0.0,0.0,0.0,0.0,0.0,0.1111111111111111,0.0,0.0,0.0,0.0,0.0
1,0.3333333333333333,0.0,0.25,0.0,0.0,0.08333333333333333,0.0,0.0,0.0,0.0,0.25,0.0,0.08333333333333333,0.0,0.0,0.0,0.0,0.0,0.0,0.0,0.0,0.0,0.0,0.0,0.0,0.2727272727272727,0.0,0.2727272727272727,0.0,0.0,0.0,0.0,0.09090909090909091,0.0,0.0,0.36363636363636365,0.0,0.0,0.0,0.0,0.0,0.0,0.0,0.0,0.0,0.0,0.0,0.0,0.0,0.0,0.4,0.0,0.2,0.0,0.0,0.1,0.0,0.0,0.0,0.0,0.2,0.0,0.1,0.0,0.0,0.0,0.0,0.0,0.0,0.0,0.0,0.0,0.0,0.0,0.0,0.5555555555555556,0.0,0.1111111111111111,0.0,0.0,0.1111111111111111,0.0,0.0,0.0,0.0,0.0,0.0,0.2222222222222222,0.0,0.0,0.0,0.0,0.0,0.0,0.0,0.0,0.0,0.0,0.0,0.0,0.25,0.0,0.375,0.0,0.0,0.125,0.0,0.0,0.0,0.0,0.25,0.0,0.0,0.0,0.0,0.0,0.0,0.0,0.0,0.0,0.0,0.0,0.0,0.0,0.0,0.2857142857142857,0.0,0.2857142857142857,0.0,0.0,0.0,0.0,0.14285714285714285,0.0,0.0,0.2857142857142857,0.0,0.0,0.0,0.0,0.0,0.0,0.0,0.0,0.0,0.0,0.0,0.0,0.0,0.0
1,0.3125,0.0625,0.125,0.0,0.0625,0.0625,0.0,0.0625,0.0,0.0,0.1875,0.0,0.0625,0.0,0.0,0.0,0.0,0.0,0.0,0.0,0.0,0.0,0.0625,0.0,0.0,0.2,0.0,0.3333333333333333,0.0,0.06666666666666667,0.06666666666666667,0.0,0.0,0.0,0.0,0.2,0.06666666666666667,0.0,0.0,0.0,0.0,0.0,0.0,0.0,0.0,0.06666666666666667,0.0,0.0,0.0,0.0,0.2857142857142857,0.07142857142857142,0.14285714285714285,0.0,0.07142857142857142,0.07142857142857142,0.0,0.0,0.0,0.0,0.07142857142857142,0.0,0.21428571428571427,0.0,0.0,0.0,0.0,0.0,0.0,0.0,0.07142857142857142,0.0,0.0,0.0,0.0,0.3076923076923077,0.07692307692307693,0.15384615384615385,0.0,0.07692307692307693,0.07692307692307693,0.0,0.0,0.0,0.0,0.07692307692307693,0.0,0.15384615384615385,0.0,0.0,0.0,0.0,0.0,0.0,0.0,0.0,0.0,0.07692307692307693,0.0,0.0,0.25,0.0,0.3333333333333333,0.0,0.0,0.0,0.0,0.0,0.0,0.08333333333333333,0.16666666666666666,0.08333333333333333,0.0,0.0,0.0,0.0,0.0,0.0,0.0,0.0,0.0,0.0,0.08333333333333333,0.0,0.0,0.2727272727272727,0.0,0.2727272727272727,0.0,0.0,0.0,0.0,0.09090909090909091,0.0,0.0,0.09090909090909091,0.09090909090909091,0.09090909090909091,0.0,0.0,0.0,0.0,0.0,0.0,0.0,0.09090909090909091,0.0,0.0,0.0,0.0
1,0.12,0.12,0.08,0.0,0.08,0.04,0.0,0.04,0.0,0.04,0.04,0.04,0.08,0.0,0.08,0.0,0.0,0.0,0.0,0.0,0.2,0.0,0.0,0.0,0.04,0.125,0.0,0.125,0.0,0.125,0.041666666666666664,0.041666666666666664,0.041666666666666664,0.0,0.0,0.125,0.08333333333333333,0.0,0.0,0.041666666666666664,0.0,0.0,0.0,0.0,0.0,0.125,0.041666666666666664,0.041666666666666664,0.0,0.041666666666666664,0.2608695652173913,0.0,0.043478260869565216,0.0,0.08695652173913043,0.0,0.043478260869565216,0.0,0.0,0.043478260869565216,0.08695652173913043,0.08695652173913043,0.08695652173913043,0.0,0.0,0.0,0.0,0.0,0.0,0.0,0.08695652173913043,0.043478260869565216,0.08695652173913043,0.0,0.043478260869565216,0.18181818181818182,0.09090909090909091,0.09090909090909091,0.0,0.045454545454545456,0.09090909090909091,0.0,0.0,0.0,0.0,0.0,0.09090909090909091,0.13636363636363635,0.0,0.0,0.0,0.0,0.0,0.0,0.0,0.13636363636363635,0.0,0.0,0.0,0.13636363636363635,0.14285714285714285,0.0,0.19047619047619047,0.0,0.09523809523809523,0.047619047619047616,0.047619047619047616,0.0,0.0,0.0,0.047619047619047616,0.047619047619047616,0.047619047619047616,0.0,0.047619047619047616,0.0,0.0,0.0,0.0,0.0,0.19047619047619047,0.047619047619047616,0.0,0.0,0.047619047619047616,0.2,0.05,0.15,0.0,0.05,0.05,0.0,0.0,0.0,0.0,0.1,0.1,0.0,0.0,0.0,0.0,0.0,0.0,0.0,0.0,0.1,0.0,0.1,0.0,0.1
1,0.20833333333333334,0.08333333333333333,0.041666666666666664,0.0,0.125,0.0,0.0,0.0,0.041666666666666664,0.08333333333333333,0.0,0.0,0.0,0.041666666666666664,0.0,0.08333333333333333,0.0,0.0,0.041666666666666664,0.0,0.125,0.041666666666666664,0.0,0.041666666666666664,0.041666666666666664,0.13043478260869565,0.08695652173913043,0.0,0.08695652173913043,0.17391304347826086,0.08695652173913043,0.0,0.0,0.0,0.043478260869565216,0.0,0.0,0.0,0.043478260869565216,0.0,0.13043478260869565,0.0,0.0,0.0,0.0,0.043478260869565216,0.043478260869565216,0.043478260869565216,0.043478260869565216,0.043478260869565216,0.18181818181818182,0.0,0.045454545454545456,0.045454545454545456,0.18181818181818182,0.045454545454545456,0.045454545454545456,0.0,0.0,0.045454545454545456,0.045454545454545456,0.0,0.0,0.0,0.0,0.045454545454545456,0.09090909090909091,0.0,0.0,0.0,0.045454545454545456,0.0,0.0,0.13636363636363635,0.045454545454545456,0.19047619047619047,0.047619047619047616,0.047619047619047616,0.047619047619047616,0.14285714285714285,0.0,0.047619047619047616,0.0,0.09523809523809523,0.0,0.047619047619047616,0.0,0.0,0.0,0.0,0.0,0.047619047619047616,0.0,0.0,0.09523809523809523,0.14285714285714285,0.0,0.0,0.047619047619047616,0.0,0.15,0.05,0.0,0.2,0.1,0.05,0.0,0.0,0.0,0.05,0.0,0.05,0.0,0.0,0.0,0.05,0.0,0.0,0.0,0.1,0.1,0.05,0.05,0.0,0.0,0.15789473684210525,0.05263157894736842,0.05263157894736842,0.15789473684210525,0.05263157894736842,0.10526315789473684,0.0,0.0,0.0,0.0,0.0,0.0,0.0,0.0,0.05263157894736842,0.0,0.05263157894736842,0.0,0.0,0.10526315789473684,0.05263157894736842,0.05263157894736842,0.0,0.05263157894736842,0.05263157894736842
1,0.36363636363636365,0.09090909090909091,0.18181818181818182,0.0,0.0,0.0,0.0,0.0,0.0,0.09090909090909091,0.18181818181818182,0.0,0.0,0.0,0.0,0.0,0.0,0.0,0.0,0.0,0.0,0.0,0.09090909090909091,0.0,0.0,0.2,0.1,0.2,0.0,0.1,0.0,0.0,0.1,0.0,0.0,0.2,0.0,0.0,0.0,0.0,0.0,0.0,0.0,0.0,0.0,0.1,0.0,0.0,0.0,0.0,0.2222222222222222,0.0,0.2222222222222222,0.0,0.1111111111111111,0.1111111111111111,0.0,0.0,0.0,0.0,0.1111111111111111,0.0,0.1111111111111111,0.0,0.0,0.0,0.0,0.0,0.0,0.0,0.1111111111111111,0.0,0.0,0.0,0.0,0.375,0.0,0.25,0.0,0.0,0.125,0.0,0.0,0.0,0.0,0.0,0.0,0.125,0.0,0.0,0.0,0.0,0.0,0.0,0.0,0.125,0.0,0.0,0.0,0.0,0.42857142857142855,0.0,0.14285714285714285,0.0,0.0,0.14285714285714285,0.0,0.0,0.0,0.0,0.14285714285714285,0.0,0.0,0.0,0.0,0.0,0.0,0.0,0.0,0.0,0.0,0.0,0.14285714285714285,0.0,0.0,0.3333333333333333,0.0,0.16666666666666666,0.0,0.0,0.0,0.0,0.16666666666666666,0.0,0.0,0.16666666666666666,0.0,0.0,0.0,0.0,0.0,0.0,0.0,0.0,0.0,0.16666666666666666,0.0,0.0,0.0,0.0
1,0.024390243902439025,0.0,0.04878048780487805,0.024390243902439025,0.07317073170731707,0.024390243902439025,0.0,0.07317073170731707,0.0,0.024390243902439025,0.0975609756097561,0.04878048780487805,0.07317073170731707,0.024390243902439025,0.07317073170731707,0.0,0.024390243902439025,0.024390243902439025,0.0,0.024390243902439025,0.04878048780487805,0.024390243902439025,0.0975609756097561,0.024390243902439025,0.12195121951219512,0.075,0.0,0.025,0.0,0.075,0.0,0.025,0.05,0.0,0.05,0.075,0.025,0.1,0.025,0.1,0.05,0.0,0.025,0.0,0.0,0.0,0.05,0.1,0.05,0.1,0.0,0.02564102564102564,0.02564102564102564,0.02564102564102564,0.07692307692307693,0.02564102564102564,0.0,0.02564102564102564,0.02564102564102564,0.05128205128205128,0.1282051282051282,0.02564102564102564,0.07692307692307693,0.0,0.10256410256410256,0.0,0.02564102564102564,0.02564102564102564,0.0,0.02564102564102564,0.05128205128205128,0.02564102564102564,0.15384615384615385,0.02564102564102564,0.05128205128205128,0.0,0.05263157894736842,0.0,0.0,0.10526315789473684,0.0,0.0,0.07894736842105263,0.02631578947368421,0.02631578947368421,0.05263157894736842,0.0,0.15789473684210525,0.0,0.10526315789473684,0.05263157894736842,0.0,0.02631578947368421,0.0,0.0,0.10526315789473684,0.05263157894736842,0.05263157894736842,0.05263157894736842,0.05263157894736842,0.0,0.0,0.08108108108108109,0.02702702702702703,0.05405405405405406,0.02702702702702703,0.0,0.05405405405405406,0.0,0.05405405405405406,0.05405405405405406,0.05405405405405406,0.08108108108108109,0.02702702702702703,0.08108108108108109,0.0,0.02702702702702703,0.0,0.02702702702702703,0.02702702702702703,0.13513513513513514,0.02702702702702703,0.08108108108108109,0.0,0.08108108108108109,0.0,0.08333333333333333,0.027777777777777776,0.027777777777777776,0.027777777777777776,0.027777777777777776,0.0,0.08333333333333333,0.0,0.027777777777777776,0.027777777777777776,0.027777777777777776,0.08333333333333333,0.0,0.16666666666666666,0.0,0.0,0.027777777777777776,0.0,0.05555555555555555,0.16666666666666666,0.0,0.05555555555555555,0.05555555555555555,0.027777777777777776
1,0.25,0.0625,0.0,0.0,0.25,0.0625,0.0,0.0625,0.0,0.0,0.0,0.0,0.0,0.0,0.0,0.0,0.0,0.0,0.0,0.0,0.25,0.0,0.0,0.0,0.0625,0.3333333333333333,0.0,0.06666666666666667,0.0,0.2,0.0,0.0,0.0,0.0,0.06666666666666667,0.0,0.0,0.0,0.0,0.0,0.0,0.0,0.0,0.0,0.0,0.2,0.06666666666666667,0.0,0.0,0.06666666666666667,0.2857142857142857,0.07142857142857142,0.0,0.0,0.21428571428571427,0.07142857142857142,0.0,0.0,0.0,0.0,0.0,0.0,0.0,0.0,0.0,0.0,0.0,0.0,0.0,0.0,0.21428571428571427,0.0,0.07142857142857142,0.0,0.07142857142857142,0.3076923076923077,0.0,0.07692307692307693,0.0,0.23076923076923078,0.07692307692307693,0.0,0.0,0.0,0.0,0.0,0.0,0.0,0.0,0.0,0.0,0.0,0.0,0.0,0.0,0.15384615384615385,0.07692307692307693,0.0,0.0,0.07692307692307693,0.3333333333333333,0.08333333333333333,0.0,0.0,0.16666666666666666,0.0,0.0,0.0,0.0,0.08333333333333333,0.0,0.0,0.0,0.0,0.0,0.0,0.0,0.0,0.0,0.0,0.16666666666666666,0.0,0.08333333333333333,0.0,0.08333333333333333,0.36363636363636365,0.09090909090909091,0.09090909090909091,0.0,0.09090909090909091,0.0,0.0,0.0,0.0,0.09090909090909091,0.0,0.0,0.0,0.0,0.0,0.0,0.0,0.0,0.0,0.0,0.18181818181818182,0.0,0.0,0.0,0.09090909090909091
1,0.10344827586206896,0.034482758620689655,0.0,0.034482758620689655,0.1724137931034483,0.034482758620689655,0.0,0.034482758620689655,0.0,0.0,0.034482758620689655,0.0,0.0,0.0,0.06896551724137931,0.0,0.0,0.0,0.0,0.034482758620689655,0.13793103448275862,0.034482758620689655,0.06896551724137931,0.0,0.20689655172413793,0.07142857142857142,0.03571428571428571,0.0,0.0,0.25,0.0,0.0,0.0,0.0,0.07142857142857142,0.0,0.0,0.03571428571428571,0.0,0.03571428571428571,0.0,0.0,0.0,0.0,0.03571428571428571,0.21428571428571427,0.03571428571428571,0.07142857142857142,0.03571428571428571,0.10714285714285714,0.1111111111111111,0.0,0.037037037037037035,0.0,0.2222222222222222,0.0,0.0,0.0,0.0,0.037037037037037035,0.037037037037037035,0.037037037037037035,0.0,0.0,0.0,0.037037037037037035,0.0,0.0,0.0,0.0,0.1111111111111111,0.037037037037037035,0.07407407407407407,0.037037037037037035,0.2222222222222222,0.11538461538461539,0.0,0.038461538461538464,0.038461538461538464,0.19230769230769232,0.038461538461538464,0.0,0.0,0.0,0.0,0.0,0.0,0.038461538461538464,0.0,0.038461538461538464,0.0,0.038461538461538464,0.0,0.0,0.0,0.15384615384615385,0.038461538461538464,0.038461538461538464,0.0,0.23076923076923078,0.08,0.04,0.04,0.04,0.16,0.0,0.0,0.0,0.0,0.04,0.0,0.04,0.0,0.0,0.04,0.04,0.0,0.0,0.0,0.0,0.16,0.0,0.08,0.0,0.24,0.08333333333333333,0.0,0.08333333333333333,0.0,0.20833333333333334,0.0,0.0,0.0,0.0,0.041666666666666664,0.0,0.0,0.041666666666666664,0.0,0.0,0.0,0.0,0.0,0.0,0.041666666666666664,0.20833333333333334,0.08333333333333333,0.0,0.0,0.20833333333333334
1,0.6842105263157895,0.0,0.0,0.0,0.15789473684210525,0.0,0.0,0.0,0.0,0.0,0.0,0.0,0.0,0.0,0.0,0.0,0.0,0.0,0.0,0.0,0.15789473684210525,0.0,0.0,0.0,0.0,0.6666666666666666,0.0,0.0,0.0,0.16666666666666666,0.0,0.0,0.0,0.0,0.0,0.0,0.0,0.0,0.0,0.0,0.0,0.0,0.0,0.0,0.0,0.16666666666666666,0.0,0.0,0.0,0.0,0.6470588235294118,0.0,0.0,0.0,0.17647058823529413,0.0,0.0,0.0,0.0,0.0,0.0,0.0,0.0,0.0,0.0,0.0,0.0,0.0,0.0,0.0,0.17647058823529413,0.0,0.0,0.0,0.0,0.625,0.0,0.0,0.0,0.1875,0.0,0.0,0.0,0.0,0.0,0.0,0.0,0.0,0.0,0.0,0.0,0.0,0.0,0.0,0.0,0.1875,0.0,0.0,0.0,0.0,0.7333333333333333,0.0,0.0,0.0,0.06666666666666667,0.0,0.0,0.0,0.0,0.0,0.0,0.0,0.0,0.0,0.0,0.0,0.0,0.0,0.0,0.0,0.06666666666666667,0.0,0.0,0.0,0.13333333333333333,0.7142857142857143,0.0,0.0,0.0,0.14285714285714285,0.0,0.0,0.0,0.0,0.0,0.0,0.0,0.0,0.0,0.0,0.0,0.0,0.0,0.0,0.0,0.14285714285714285,0.0,0.0,0.0,0.0
1,0.0,0.0,0.35294117647058826,0.0,0.058823529411764705,0.0,0.0,0.0,0.0,0.0,0.4117647058823529,0.0,0.0,0.0,0.0,0.0,0.0,0.0,0.0,0.0,0.0,0.0,0.058823529411764705,0.0,0.11764705882352941,0.3125,0.0,0.0,0.0,0.0625,0.0,0.0,0.0,0.0,0.0,0.0,0.0,0.375,0.0,0.0625,0.0,0.0,0.0,0.0,0.0,0.0625,0.0,0.0625,0.0,0.0625,0.0,0.0,0.26666666666666666,0.0,0.13333333333333333,0.0,0.0,0.0,0.0,0.0,0.3333333333333333,0.0,0.0,0.0,0.06666666666666667,0.0,0.0,0.0,0.0,0.0,0.06666666666666667,0.0,0.13333333333333333,0.0,0.0,0.21428571428571427,0.0,0.07142857142857142,0.0,0.07142857142857142,0.0,0.0,0.0,0.0,0.0,0.0,0.0,0.2857142857142857,0.0,0.14285714285714285,0.0,0.0,0.0,0.0,0.0,0.14285714285714285,0.0,0.07142857142857142,0.0,0.0,0.07692307692307693,0.0,0.15384615384615385,0.0,0.15384615384615385,0.0,0.0,0.0,0.0,0.0,0.23076923076923078,0.0,0.07692307692307693,0.0,0.07692307692307693,0.0,0.0,0.0,0.0,0.0,0.07692307692307693,0.0,0.15384615384615385,0.0,0.0,0.08333333333333333,0.0,0.16666666666666666,0.0,0.08333333333333333,0.0,0.0,0.0,0.0,0.0,0.08333333333333333,0.0,0.16666666666666666,0.0,0.16666666666666666,0.0,0.0,0.0,0.0,0.0,0.16666666666666666,0.0,0.08333333333333333,0.0,0.0
1,0.2903225806451613,0.03225806451612903,0.0967741935483871,0.03225806451612903,0.0967741935483871,0.0,0.0,0.0,0.0,0.03225806451612903,0.0967741935483871,0.0,0.0,0.03225806451612903,0.0,0.03225806451612903,0.0,0.0,0.0,0.03225806451612903,0.0967741935483871,0.0,0.03225806451612903,0.0,0.0967741935483871,0.23333333333333334,0.03333333333333333,0.06666666666666667,0.03333333333333333,0.2,0.0,0.0,0.03333333333333333,0.0,0.0,0.1,0.0,0.03333333333333333,0.0,0.0,0.03333333333333333,0.0,0.0,0.0,0.03333333333333333,0.13333333333333333,0.0,0.0,0.03333333333333333,0.03333333333333333,0.3448275862068966,0.0,0.06896551724137931,0.0,0.1724137931034483,0.034482758620689655,0.0,0.0,0.0,0.0,0.10344827586206896,0.0,0.0,0.034482758620689655,0.0,0.0,0.0,0.034482758620689655,0.0,0.034482758620689655,0.034482758620689655,0.0,0.034482758620689655,0.034482758620689655,0.06896551724137931,0.42857142857142855,0.0,0.03571428571428571,0.03571428571428571,0.10714285714285714,0.0,0.0,0.03571428571428571,0.0,0.0,0.03571428571428571,0.0,0.07142857142857142,0.0,0.03571428571428571,0.03571428571428571,0.0,0.0,0.0,0.0,0.03571428571428571,0.0,0.0,0.03571428571428571,0.10714285714285714,0.2962962962962963,0.0,0.1111111111111111,0.037037037037037035,0.14814814814814814,0.0,0.0,0.0,0.037037037037037035,0.0,0.14814814814814814,0.0,0.0,0.0,0.0,0.037037037037037035,0.0,0.0,0.0,0.0,0.07407407407407407,0.0,0.0,0.0,0.1111111111111111,0.23076923076923078,0.0,0.07692307692307693,0.07692307692307693,0.23076923076923078,0.038461538461538464,0.0,0.0,0.0,0.0,0.11538461538461539,0.0,0.038461538461538464,0.0,0.0,0.038461538461538464,0.0,0.0,0.0,0.0,0.11538461538461539,0.0,0.0,0.0,0.038461538461538464
1,0.0625,0.0,0.0,0.0,0.125,0.0,0.0,0.1875,0.0,0.0625,0.125,0.0625,0.0625,0.0,0.0625,0.0,0.0,0.0,0.0,0.0,0.0,0.1875,0.0625,0.0,0.0,0.0,0.13333333333333333,0.0,0.0,0.06666666666666667,0.13333333333333333,0.06666666666666667,0.06666666666666667,0.0,0.0,0.06666666666666667,0.0,0.06666666666666667,0.0,0.2,0.0,0.0,0.0,0.0,0.0,0.0,0.0,0.2,0.0,0.0,0.0,0.07142857142857142,0.14285714285714285,0.0,0.0,0.07142857142857142,0.0,0.07142857142857142,0.0,0.14285714285714285,0.0,0.14285714285714285,0.07142857142857142,0.0,0.07142857142857142,0.0,0.0,0.0,0.0,0.0,0.14285714285714285,0.0,0.07142857142857142,0.0,0.0,0.07692307692307693,0.0,0.15384615384615385,0.0,0.0,0.07692307692307693,0.07692307692307693,0.07692307692307693,0.0,0.07692307692307693,0.0,0.07692307692307693,0.15384615384615385,0.0,0.0,0.0,0.0,0.0,0.0,0.0,0.07692307692307693,0.0,0.0,0.0,0.15384615384615385,0.08333333333333333,0.0,0.08333333333333333,0.0,0.08333333333333333,0.0,0.08333333333333333,0.08333333333333333,0.0,0.08333333333333333,0.16666666666666666,0.0,0.08333333333333333,0.0,0.0,0.0,0.0,0.0,0.0,0.0,0.0,0.08333333333333333,0.08333333333333333,0.0,0.08333333333333333,0.0,0.0,0.09090909090909091,0.0,0.18181818181818182,0.09090909090909091,0.09090909090909091,0.09090909090909091,0.0,0.0,0.09090909090909091,0.0,0.09090909090909091,0.0,0.09090909090909091,0.0,0.0,0.0,0.0,0.0,0.0,0.09090909090909091,0.09090909090909091,0.0,0.0
1,0.22580645161290322,0.06451612903225806,0.16129032258064516,0.0,0.0,0.0,0.0,0.0,0.0,0.06451612903225806,0.12903225806451613,0.0,0.12903225806451613,0.0,0.03225806451612903,0.0,0.0,0.0,0.0,0.0,0.0967741935483871,0.0,0.03225806451612903,0.0,0.06451612903225806,0.16666666666666666,0.0,0.23333333333333334,0.0,0.06666666666666667,0.03333333333333333,0.0,0.0,0.0,0.03333333333333333,0.16666666666666666,0.0,0.03333333333333333,0.0,0.06666666666666667,0.0,0.0,0.0,0.0,0.0,0.1,0.06666666666666667,0.03333333333333333,0.0,0.0,0.27586206896551724,0.0,0.1724137931034483,0.0,0.034482758620689655,0.06896551724137931,0.0,0.0,0.0,0.0,0.10344827586206896,0.0,0.10344827586206896,0.0,0.034482758620689655,0.0,0.0,0.0,0.0,0.0,0.034482758620689655,0.06896551724137931,0.0,0.0,0.10344827586206896,0.35714285714285715,0.0,0.10714285714285714,0.0,0.0,0.03571428571428571,0.03571428571428571,0.0,0.0,0.0,0.07142857142857142,0.03571428571428571,0.14285714285714285,0.0,0.0,0.0,0.0,0.0,0.0,0.0,0.03571428571428571,0.0,0.03571428571428571,0.0,0.14285714285714285,0.18518518518518517,0.037037037037037035,0.2222222222222222,0.0,0.0,0.0,0.0,0.037037037037037035,0.0,0.037037037037037035,0.14814814814814814,0.037037037037037035,0.037037037037037035,0.0,0.037037037037037035,0.0,0.0,0.0,0.0,0.0,0.18518518518518517,0.0,0.0,0.0,0.037037037037037035,0.15384615384615385,0.0,0.2692307692307692,0.0,0.038461538461538464,0.07692307692307693,0.0,0.0,0.0,0.0,0.11538461538461539,0.0,0.038461538461538464,0.0,0.07692307692307693,0.0,0.0,0.0,0.0,0.0,0.15384615384615385,0.07692307692307693,0.0,0.0,0.0
1,0.022222222222222223,0.022222222222222223,0.044444444444444446,0.0,0.13333333333333333,0.0,0.0,0.0,0.0,0.044444444444444446,0.06666666666666667,0.0,0.0,0.022222222222222223,0.044444444444444446,0.0,0.0,0.0,0.0,0.022222222222222223,0.13333333333333333,0.022222222222222223,0.08888888888888889,0.0,0.3333333333333333,0.09090909090909091,0.0,0.022727272727272728,0.0,0.11363636363636363,0.0,0.0,0.022727272727272728,0.0,0.022727272727272728,0.045454545454545456,0.0,0.0,0.0,0.09090909090909091,0.0,0.0,0.0,0.0,0.022727272727272728,0.09090909090909091,0.045454545454545456,0.09090909090909091,0.022727272727272728,0.3181818181818182,0.06976744186046512,0.0,0.023255813953488372,0.0,0.13953488372093023,0.0,0.0,0.0,0.0,0.023255813953488372,0.046511627906976744,0.023255813953488372,0.0,0.0,0.06976744186046512,0.023255813953488372,0.0,0.0,0.0,0.0,0.09302325581395349,0.023255813953488372,0.11627906976744186,0.023255813953488372,0.32558139534883723,0.047619047619047616,0.023809523809523808,0.023809523809523808,0.023809523809523808,0.11904761904761904,0.0,0.0,0.023809523809523808,0.0,0.0,0.047619047619047616,0.0,0.0,0.0,0.09523809523809523,0.0,0.0,0.023809523809523808,0.0,0.0,0.14285714285714285,0.023809523809523808,0.07142857142857142,0.0,0.3333333333333333,0.024390243902439025,0.0,0.04878048780487805,0.0,0.17073170731707318,0.024390243902439025,0.0,0.0,0.0,0.0,0.0,0.0,0.04878048780487805,0.0,0.0975609756097561,0.024390243902439025,0.0,0.0,0.0,0.0,0.17073170731707318,0.04878048780487805,0.04878048780487805,0.024390243902439025,0.2682926829268293,0.075,0.0,0.025,0.025,0.125,0.0,0.0,0.0,0.0,0.025,0.05,0.0,0.025,0.0,0.075,0.0,0.0,0.0,0.0,0.025,0.125,0.05,0.1,0.0,0.275
1,0.25,0.0,0.21875,0.03125,0.0,0.03125,0.0,0.0,0.0,0.0,0.15625,0.03125,0.125,0.0,0.0625,0.0,0.0,0.03125,0.0,0.0,0.0625,0.0,0.0,0.0,0.0,0.16129032258064516,0.03225806451612903,0.3225806451612903,0.0,0.0,0.0,0.0,0.03225806451612903,0.0,0.0,0.2903225806451613,0.0,0.03225806451612903,0.03225806451612903,0.0,0.0,0.0,0.0,0.0,0.03225806451612903,0.06451612903225806,0.0,0.0,0.0,0.0,0.3,0.03333333333333333,0.16666666666666666,0.0,0.03333333333333333,0.0,0.0,0.03333333333333333,0.0,0.0,0.13333333333333333,0.0,0.16666666666666666,0.03333333333333333,0.0,0.03333333333333333,0.0,0.0,0.0,0.0,0.03333333333333333,0.0,0.03333333333333333,0.0,0.0,0.3448275862068966,0.0,0.13793103448275862,0.034482758620689655,0.0,0.034482758620689655,0.0,0.0,0.0,0.0,0.06896551724137931,0.0,0.2413793103448276,0.0,0.034482758620689655,0.034482758620689655,0.0,0.0,0.0,0.0,0.0,0.034482758620689655,0.034482758620689655,0.0,0.0,0.17857142857142858,0.0,0.32142857142857145,0.0,0.0,0.0,0.0,0.0,0.03571428571428571,0.0,0.21428571428571427,0.03571428571428571,0.07142857142857142,0.0,0.03571428571428571,0.03571428571428571,0.0,0.0,0.0,0.0,0.07142857142857142,0.0,0.0,0.0,0.0,0.2222222222222222,0.0,0.25925925925925924,0.0,0.037037037037037035,0.0,0.0,0.037037037037037035,0.0,0.0,0.25925925925925924,0.0,0.037037037037037035,0.037037037037037035,0.0,0.0,0.0,0.037037037037037035,0.0,0.0,0.037037037037037035,0.0,0.037037037037037035,0.0,0.0
1,0.3076923076923077,0.0,0.23076923076923078,0.0,0.0,0.15384615384615385,0.0,0.0,0.0,0.0,0.15384615384615385,0.07692307692307693,0.07692307692307693,0.0,0.0,0.0,0.0,0.0,0.0,0.0,0.0,0.0,0.0,0.0,0.0,0.25,0.0,0.25,0.0,0.0,0.08333333333333333,0.0,0.08333333333333333,0.0,0.0,0.25,0.08333333333333333,0.0,0.0,0.0,0.0,0.0,0.0,0.0,0.0,0.0,0.0,0.0,0.0,0.0,0.2727272727272727,0.09090909090909091,0.18181818181818182,0.0,0.0,0.09090909090909091,0.0,0.0,0.0,0.0,0.2727272727272727,0.0,0.09090909090909091,0.0,0.0,0.0,0.0,0.0,0.0,0.0,0.0,0.0,0.0,0.0,0.0,0.4,0.1,0.1,0.0,0.0,0.1,0.0,0.0,0.0,0.0,0.1,0.0,0.2,0.0,0.0,0.0,0.0,0.0,0.0,0.0,0.0,0.0,0.0,0.0,0.0,0.3333333333333333,0.0,0.3333333333333333,0.0,0.0,0.1111111111111111,0.0,0.0,0.0,0.0,0.1111111111111111,0.1111111111111111,0.0,0.0,0.0,0.0,0.0,0.0,0.0,0.0,0.0,0.0,0.0,0.0,0.0,0.25,0.125,0.25,0.0,0.0,0.0,0.0,0.125,0.0,0.0,0.25,0.0,0.0,0.0,0.0,0.0,0.0,0.0,0.0,0.0,0.0,0.0,0.0,0.0,0.0
1,0.2857142857142857,0.0,0.21428571428571427,0.0,0.07142857142857142,0.0,0.0,0.07142857142857142,0.0,0.0,0.21428571428571427,0.0,0.07142857142857142,0.0,0.0,0.0,0.0,0.0,0.0,0.0,0.0,0.07142857142857142,0.0,0.0,0.0,0.23076923076923078,0.07692307692307693,0.23076923076923078,0.0,0.0,0.0,0.0,0.07692307692307693,0.0,0.0,0.3076923076923077,0.0,0.0,0.0,0.0,0.0,0.0,0.0,0.0,0.0,0.0,0.0,0.07692307692307693,0.0,0.0,0.3333333333333333,0.0,0.16666666666666666,0.0,0.0,0.08333333333333333,0.0,0.0,0.0,0.0,0.16666666666666666,0.0,0.16666666666666666,0.0,0.0,0.0,0.0,0.0,0.0,0.0,0.0,0.0,0.08333333333333333,0.0,0.0,0.2727272727272727,0.0,0.2727272727272727,0.0,0.0,0.09090909090909091,0.0,0.0,0.0,0.0,0.18181818181818182,0.0,0.09090909090909091,0.0,0.0,0.0,0.0,0.0,0.0,0.0,0.09090909090909091,0.0,0.0,0.0,0.0,0.3,0.0,0.2,0.0,0.0,0.1,0.0,0.0,0.0,0.0,0.2,0.0,0.1,0.0,0.0,0.0,0.0,0.0,0.0,0.0,0.1,0.0,0.0,0.0,0.0,0.3333333333333333,0.0,0.1111111111111111,0.0,0.0,0.0,0.0,0.1111111111111111,0.0,0.0,0.2222222222222222,0.0,0.1111111111111111,0.0,0.0,0.0,0.0,0.0,0.0,0.0,0.1111111111111111,0.0,0.0,0.0,0.0
1,0.0,0.3,0.0,0.0,0.0,0.3,0.1,0.2,0.0,0.0,0.0,0.1,0.0,0.0,0.0,0.0,0.0,0.0,0.0,0.0,0.0,0.0,0.0,0.0,0.0,0.0,0.1111111111111111,0.2222222222222222,0.0,0.0,0.1111111111111111,0.4444444444444444,0.0,0.0,0.0,0.1111111111111111,0.0,0.0,0.0,0.0,0.0,0.0,0.0,0.0,0.0,0.0,0.0,0.0,0.0,0.0,0.125,0.125,0.0,0.0,0.0,0.125,0.25,0.25,0.0,0.0,0.0,0.125,0.0,0.0,0.0,0.0,0.0,0.0,0.0,0.0,0.0,0.0,0.0,0.0,0.0,0.14285714285714285,0.14285714285714285,0.0,0.0,0.0,0.14285714285714285,0.2857142857142857,0.14285714285714285,0.0,0.0,0.0,0.0,0.14285714285714285,0.0,0.0,0.0,0.0,0.0,0.0,0.0,0.0,0.0,0.0,0.0,0.0,0.0,0.16666666666666666,0.16666666666666666,0.0,0.0,0.16666666666666666,0.3333333333333333,0.16666666666666666,0.0,0.0,0.0,0.0,0.0,0.0,0.0,0.0,0.0,0.0,0.0,0.0,0.0,0.0,0.0,0.0,0.0,0.0,0.2,0.2,0.0,0.0,0.2,0.2,0.2,0.0,0.0,0.0,0.0,0.0,0.0,0.0,0.0,0.0,0.0,0.0,0.0,0.0,0.0,0.0,0.0,0.0
1,0.1875,0.03125,0.03125,0.0,0.09375,0.0,0.0,0.0,0.0,0.09375,0.09375,0.0,0.03125,0.0,0.03125,0.03125,0.0,0.0,0.0,0.0,0.03125,0.0625,0.09375,0.03125,0.15625,0.12903225806451613,0.06451612903225806,0.0,0.0,0.16129032258064516,0.0,0.03225806451612903,0.03225806451612903,0.0,0.03225806451612903,0.06451612903225806,0.0,0.0,0.03225806451612903,0.03225806451612903,0.0,0.0,0.03225806451612903,0.0,0.0,0.16129032258064516,0.0,0.0967741935483871,0.0,0.12903225806451613,0.13333333333333333,0.03333333333333333,0.03333333333333333,0.0,0.16666666666666666,0.0,0.0,0.03333333333333333,0.0,0.06666666666666667,0.03333333333333333,0.03333333333333333,0.0,0.03333333333333333,0.03333333333333333,0.03333333333333333,0.0,0.0,0.0,0.0,0.16666666666666666,0.03333333333333333,0.1,0.0,0.06666666666666667,0.10344827586206896,0.06896551724137931,0.10344827586206896,0.0,0.10344827586206896,0.0,0.0,0.034482758620689655,0.0,0.06896551724137931,0.034482758620689655,0.0,0.034482758620689655,0.0,0.06896551724137931,0.034482758620689655,0.0,0.0,0.0,0.0,0.20689655172413793,0.034482758620689655,0.0,0.034482758620689655,0.06896551724137931,0.10714285714285714,0.07142857142857142,0.03571428571428571,0.0,0.17857142857142858,0.03571428571428571,0.0,0.0,0.03571428571428571,0.03571428571428571,0.07142857142857142,0.0,0.07142857142857142,0.0,0.0,0.0,0.0,0.0,0.0,0.03571428571428571,0.17857142857142858,0.03571428571428571,0.03571428571428571,0.0,0.07142857142857142,0.14814814814814814,0.07407407407407407,0.0,0.037037037037037035,0.14814814814814814,0.037037037037037035,0.0,0.037037037037037035,0.0,0.0,0.1111111111111111,0.0,0.037037037037037035,0.0,0.0,0.0,0.0,0.0,0.0,0.037037037037037035,0.07407407407407407,0.037037037037037035,0.07407407407407407,0.0,0.14814814814814814
1,0.4375,0.0,0.25,0.0,0.0,0.0,0.0,0.0,0.0,0.0,0.3125,0.0,0.0,0.0,0.0,0.0,0.0,0.0,0.0,0.0,0.0,0.0,0.0,0.0,0.0,0.4,0.0,0.26666666666666666,0.0,0.0,0.0,0.0,0.0,0.0,0.0,0.3333333333333333,0.0,0.0,0.0,0.0,0.0,0.0,0.0,0.0,0.0,0.0,0.0,0.0,0.0,0.0,0.5714285714285714,0.0,0.14285714285714285,0.0,0.0,0.0,0.0,0.0,0.0,0.0,0.14285714285714285,0.0,0.14285714285714285,0.0,0.0,0.0,0.0,0.0,0.0,0.0,0.0,0.0,0.0,0.0,0.0,0.5384615384615384,0.0,0.15384615384615385,0.0,0.0,0.0,0.0,0.0,0.0,0.0,0.15384615384615385,0.0,0.15384615384615385,0.0,0.0,0.0,0.0,0.0,0.0,0.0,0.0,0.0,0.0,0.0,0.0,0.4166666666666667,0.0,0.25,0.0,0.0,0.0,0.0,0.0,0.0,0.0,0.3333333333333333,0.0,0.0,0.0,0.0,0.0,0.0,0.0,0.0,0.0,0.0,0.0,0.0,0.0,0.0,0.5454545454545454,0.0,0.18181818181818182,0.0,0.0,0.0,0.0,0.0,0.0,0.0,0.18181818181818182,0.0,0.09090909090909091,0.0,0.0,0.0,0.0,0.0,0.0,0.0,0.0,0.0,0.0,0.0,0.0
1,0.15384615384615385,0.0,0.23076923076923078,0.0,0.07692307692307693,0.07692307692307693,0.0,0.0,0.0,0.0,0.15384615384615385,0.0,0.07692307692307693,0.0,0.07692307692307693,0.0,0.0,0.0,0.0,0.0,0.07692307692307693,0.07692307692307693,0.0,0.0,0.0,0.08333333333333333,0.08333333333333333,0.08333333333333333,0.0,0.16666666666666666,0.0,0.0,0.08333333333333333,0.0,0.0,0.25,0.0,0.08333333333333333,0.0,0.0,0.0,0.0,0.0,0.0,0.0,0.16666666666666666,0.0,0.0,0.0,0.0,0.2727272727272727,0.09090909090909091,0.09090909090909091,0.0,0.0,0.0,0.0,0.09090909090909091,0.0,0.0,0.18181818181818182,0.0,0.0,0.0,0.09090909090909091,0.0,0.0,0.0,0.0,0.0,0.0,0.0,0.09090909090909091,0.0,0.09090909090909091,0.3,0.0,0.1,0.0,0.1,0.1,0.0,0.0,0.0,0.0,0.1,0.0,0.0,0.0,0.1,0.0,0.0,0.0,0.0,0.0,0.0,0.1,0.1,0.0,0.0,0.1111111111111111,0.0,0.2222222222222222,0.0,0.1111111111111111,0.1111111111111111,0.0,0.0,0.0,0.0,0.1111111111111111,0.1111111111111111,0.0,0.0,0.0,0.0,0.0,0.0,0.0,0.0,0.2222222222222222,0.0,0.0,0.0,0.0,0.25,0.125,0.125,0.0,0.0,0.0,0.0,0.0,0.0,0.0,0.125,0.0,0.0,0.0,0.125,0.0,0.0,0.0,0.0,0.0,0.125,0.0,0.125,0.0,0.0
1,0.375,0.041666666666666664,0.041666666666666664,0.041666666666666664,0.125,0.041666666666666664,0.0,0.0,0.0,0.0,0.125,0.0,0.041666666666666664,0.0,0.0,0.0,0.0,0.041666666666666664,0.0,0.0,0.08333333333333333,0.0,0.041666666666666664,0.0,0.0,0.2608695652173913,0.043478260869565216,0.17391304347826086,0.043478260869565216,0.13043478260869565,0.043478260869565216,0.0,0.0,0.0,0.0,0.13043478260869565,0.0,0.0,0.0,0.0,0.043478260869565216,0.0,0.0,0.0,0.0,0.13043478260869565,0.0,0.0,0.0,0.0,0.45454545454545453,0.0,0.13636363636363635,0.045454545454545456,0.045454545454545456,0.045454545454545456,0.0,0.0,0.0,0.0,0.045454545454545456,0.0,0.0,0.0,0.09090909090909091,0.0,0.0,0.0,0.0,0.0,0.09090909090909091,0.0,0.045454545454545456,0.0,0.0,0.5238095238095238,0.0,0.09523809523809523,0.0,0.047619047619047616,0.047619047619047616,0.0,0.0,0.0,0.0,0.047619047619047616,0.0,0.047619047619047616,0.0,0.047619047619047616,0.0,0.0,0.0,0.0,0.0,0.0,0.0,0.047619047619047616,0.047619047619047616,0.047619047619047616,0.4,0.0,0.1,0.05,0.1,0.0,0.0,0.0,0.0,0.05,0.1,0.0,0.05,0.0,0.0,0.0,0.0,0.0,0.0,0.0,0.1,0.0,0.05,0.0,0.0,0.21052631578947367,0.0,0.21052631578947367,0.05263157894736842,0.15789473684210525,0.05263157894736842,0.0,0.0,0.0,0.0,0.15789473684210525,0.0,0.0,0.0,0.0,0.0,0.0,0.0,0.0,0.0,0.15789473684210525,0.0,0.0,0.0,0.0
1,0.10526315789473684,0.0,0.0,0.0,0.2631578947368421,0.0,0.0,0.0,0.0,0.0,0.0,0.0,0.0,0.0,0.0,0.0,0.0,0.0,0.0,0.0,0.2631578947368421,0.0,0.0,0.0,0.3684210526315789,0.16666666666666666,0.0,0.0,0.0,0.2222222222222222,0.0,0.0,0.0,0.0,0.0,0.0,0.0,0.0,0.0,0.0,0.0,0.0,0.0,0.0,0.0,0.2222222222222222,0.0,0.0,0.0,0.3888888888888889,0.17647058823529413,0.0,0.0,0.0,0.17647058823529413,0.0,0.0,0.0,0.0,0.0,0.0,0.0,0.0,0.0,0.0,0.0,0.0,0.0,0.0,0.0,0.23529411764705882,0.0,0.0,0.0,0.4117647058823529,0.0,0.0,0.0,0.0,0.375,0.0,0.0,0.0,0.0,0.0,0.0,0.0,0.0,0.0,0.0,0.0,0.0,0.0,0.0,0.0,0.375,0.0,0.0,0.0,0.25,0.06666666666666667,0.0,0.0,0.0,0.26666666666666666,0.0,0.0,0.0,0.0,0.0,0.0,0.0,0.0,0.0,0.0,0.0,0.0,0.0,0.0,0.0,0.3333333333333333,0.0,0.0,0.0,0.3333333333333333,0.07142857142857142,0.0,0.0,0.0,0.21428571428571427,0.0,0.0,0.0,0.0,0.0,0.0,0.0,0.0,0.0,0.0,0.0,0.0,0.0,0.0,0.0,0.2857142857142857,0.0,0.0,0.0,0.42857142857142855
1,0.15789473684210525,0.05263157894736842,0.15789473684210525,0.0,0.0,0.0,0.0,0.10526315789473684,0.0,0.0,0.2631578947368421,0.05263157894736842,0.21052631578947367,0.0,0.0,0.0,0.0,0.0,0.0,0.0,0.0,0.0,0.0,0.0,0.0,0.0,0.0,0.3333333333333333,0.0,0.0,0.05555555555555555,0.0,0.05555555555555555,0.0,0.0,0.3888888888888889,0.05555555555555555,0.1111111111111111,0.0,0.0,0.0,0.0,0.0,0.0,0.0,0.0,0.0,0.0,0.0,0.0,0.17647058823529413,0.0,0.17647058823529413,0.0,0.0,0.058823529411764705,0.058823529411764705,0.0,0.0,0.0,0.23529411764705882,0.0,0.29411764705882354,0.0,0.0,0.0,0.0,0.0,0.0,0.0,0.0,0.0,0.0,0.0,0.0,0.3125,0.0,0.0625,0.0,0.0,0.0625,0.0,0.0625,0.0,0.0,0.0625,0.0625,0.375,0.0,0.0,0.0,0.0,0.0,0.0,0.0,0.0,0.0,0.0,0.0,0.0,0.13333333333333333,0.0,0.2,0.0,0.0,0.0,0.0,0.13333333333333333,0.0,0.0,0.3333333333333333,0.0,0.2,0.0,0.0,0.0,0.0,0.0,0.0,0.0,0.0,0.0,0.0,0.0,0.0,0.07142857142857142,0.0,0.21428571428571427,0.0,0.0,0.07142857142857142,0.0,0.07142857142857142,0.0,0.0,0.35714285714285715,0.0,0.21428571428571427,0.0,0.0,0.0,0.0,0.0,0.0,0.0,0.0,0.0,0.0,0.0,0.0
1,0.25,0.16666666666666666,0.08333333333333333,0.0,0.0,0.08333333333333333,0.0,0.0,0.0,0.08333333333333333,0.08333333333333333,0.0,0.0,0.0,0.08333333333333333,0.0,0.0,0.0,0.0,0.0,0.16666666666666666,0.0,0.0,0.0,0.0,0.2727272727272727,0.09090909090909091,0.09090909090909091,0.0,0.09090909090909091,0.18181818181818182,0.0,0.0,0.0,0.0,0.09090909090909091,0.0,0.0,0.0,0.0,0.0,0.0,0.0,0.0,0.0,0.09090909090909091,0.09090909090909091,0.0,0.0,0.0,0.4,0.0,0.1,0.0,0.0,0.2,0.0,0.0,0.0,0.0,0.0,0.1,0.0,0.0,0.0,0.0,0.0,0.0,0.0,0.0,0.0,0.1,0.0,0.0,0.1,0.4444444444444444,0.0,0.0,0.0,0.0,0.0,0.1111111111111111,0.1111111111111111,0.0,0.0,0.0,0.0,0.0,0.0,0.1111111111111111,0.0,0.0,0.0,0.0,0.0,0.2222222222222222,0.0,0.0,0.0,0.0,0.125,0.125,0.125,0.0,0.0,0.25,0.0,0.0,0.0,0.0,0.125,0.0,0.0,0.0,0.0,0.0,0.0,0.0,0.0,0.0,0.25,0.0,0.0,0.0,0.0,0.2857142857142857,0.0,0.14285714285714285,0.0,0.0,0.14285714285714285,0.0,0.0,0.0,0.0,0.14285714285714285,0.0,0.0,0.0,0.0,0.0,0.0,0.0,0.0,0.0,0.14285714285714285,0.14285714285714285,0.0,0.0,0.0
1,0.13793103448275862,0.034482758620689655,0.0,0.034482758620689655,0.20689655172413793,0.034482758620689655,0.0,0.0,0.0,0.034482758620689655,0.034482758620689655,0.0,0.0,0.0,0.0,0.0,0.0,0.0,0.0,0.034482758620689655,0.1724137931034483,0.034482758620689655,0.034482758620689655,0.0,0.20689655172413793,0.17857142857142858,0.03571428571428571,0.0,0.0,0.21428571428571427,0.0,0.0,0.0,0.0,0.03571428571428571,0.0,0.0,0.0,0.0,0.03571428571428571,0.0,0.0,0.0,0.0,0.03571428571428571,0.17857142857142858,0.03571428571428571,0.03571428571428571,0.03571428571428571,0.17857142857142858,0.14814814814814814,0.0,0.0,0.0,0.2962962962962963,0.0,0.0,0.0,0.0,0.037037037037037035,0.0,0.037037037037037035,0.0,0.0,0.0,0.037037037037037035,0.0,0.0,0.0,0.0,0.18518518518518517,0.037037037037037035,0.037037037037037035,0.037037037037037035,0.14814814814814814,0.19230769230769232,0.0,0.038461538461538464,0.038461538461538464,0.15384615384615385,0.0,0.0,0.0,0.0,0.038461538461538464,0.0,0.0,0.0,0.0,0.038461538461538464,0.0,0.038461538461538464,0.0,0.0,0.0,0.19230769230769232,0.038461538461538464,0.0,0.0,0.23076923076923078,0.12,0.04,0.0,0.04,0.24,0.04,0.0,0.0,0.0,0.0,0.0,0.0,0.0,0.0,0.0,0.04,0.0,0.0,0.0,0.0,0.16,0.04,0.04,0.0,0.24,0.125,0.0,0.041666666666666664,0.0,0.2916666666666667,0.0,0.0,0.0,0.0,0.041666666666666664,0.0,0.0,0.0,0.0,0.0,0.0,0.0,0.0,0.0,0.041666666666666664,0.25,0.08333333333333333,0.0,0.0,0.125
1,0.047619047619047616,0.09523809523809523,0.09523809523809523,0.0,0.047619047619047616,0.09523809523809523,0.0,0.0,0.0,0.0,0.047619047619047616,0.0,0.2857142857142857,0.0,0.09523809523809523,0.0,0.0,0.0,0.0,0.0,0.047619047619047616,0.0,0.047619047619047616,0.047619047619047616,0.047619047619047616,0.1,0.05,0.05,0.0,0.1,0.0,0.05,0.0,0.0,0.05,0.1,0.0,0.25,0.05,0.05,0.0,0.0,0.0,0.0,0.0,0.05,0.0,0.1,0.0,0.0,0.10526315789473684,0.05263157894736842,0.05263157894736842,0.05263157894736842,0.05263157894736842,0.05263157894736842,0.0,0.0,0.0,0.05263157894736842,0.10526315789473684,0.05263157894736842,0.21052631578947367,0.0,0.05263157894736842,0.0,0.0,0.0,0.0,0.0,0.0,0.0,0.10526315789473684,0.0,0.05263157894736842,0.05555555555555555,0.05555555555555555,0.1111111111111111,0.0,0.05555555555555555,0.05555555555555555,0.0,0.0,0.0,0.05555555555555555,0.1111111111111111,0.05555555555555555,0.2222222222222222,0.0,0.05555555555555555,0.0,0.0,0.0,0.0,0.0,0.05555555555555555,0.0,0.0,0.05555555555555555,0.05555555555555555,0.11764705882352941,0.0,0.058823529411764705,0.0,0.11764705882352941,0.0,0.0,0.058823529411764705,0.0,0.058823529411764705,0.11764705882352941,0.11764705882352941,0.17647058823529413,0.0,0.058823529411764705,0.0,0.0,0.0,0.0,0.0,0.058823529411764705,0.0,0.0,0.058823529411764705,0.0,0.0,0.0,0.0625,0.0625,0.1875,0.0625,0.0,0.0,0.0,0.0625,0.25,0.0625,0.1875,0.0,0.0,0.0,0.0,0.0,0.0,0.0,0.0,0.0625,0.0,0.0,0.0
1,0.4666666666666667,0.06666666666666667,0.06666666666666667,0.0,0.06666666666666667,0.0,0.0,0.0,0.06666666666666667,0.0,0.06666666666666667,0.0,0.06666666666666667,0.0,0.0,0.06666666666666667,0.0,0.0,0.0,0.0,0.06666666666666667,0.0,0.0,0.0,0.0,0.35714285714285715,0.07142857142857142,0.14285714285714285,0.07142857142857142,0.07142857142857142,0.07142857142857142,0.0,0.0,0.0,0.0,0.14285714285714285,0.0,0.0,0.0,0.0,0.07142857142857142,0.0,0.0,0.0,0.0,0.0,0.0,0.0,0.0,0.0,0.46153846153846156,0.0,0.07692307692307693,0.07692307692307693,0.07692307692307693,0.07692307692307693,0.0,0.0,0.0,0.0,0.15384615384615385,0.0,0.0,0.0,0.0,0.0,0.0,0.07692307692307693,0.0,0.0,0.0,0.0,0.0,0.0,0.0,0.5833333333333334,0.0,0.0,0.0,0.08333333333333333,0.0,0.0,0.08333333333333333,0.0,0.0,0.16666666666666666,0.0,0.0,0.0,0.0,0.0,0.0,0.08333333333333333,0.0,0.0,0.0,0.0,0.0,0.0,0.0,0.45454545454545453,0.0,0.09090909090909091,0.0,0.09090909090909091,0.0,0.0,0.09090909090909091,0.0,0.0,0.18181818181818182,0.0,0.0,0.0,0.0,0.09090909090909091,0.0,0.0,0.0,0.0,0.0,0.0,0.0,0.0,0.0,0.3,0.0,0.2,0.0,0.1,0.1,0.0,0.0,0.0,0.0,0.2,0.0,0.0,0.0,0.0,0.1,0.0,0.0,0.0,0.0,0.0,0.0,0.0,0.0,0.0
1,0.21428571428571427,0.0,0.21428571428571427,0.0,0.0,0.0,0.0,0.07142857142857142,0.0,0.0,0.21428571428571427,0.0,0.14285714285714285,0.0,0.07142857142857142,0.0,0.0,0.0,0.0,0.0,0.0,0.07142857142857142,0.0,0.0,0.0,0.07692307692307693,0.0,0.3076923076923077,0.0,0.0,0.0,0.0,0.07692307692307693,0.0,0.0,0.38461538461538464,0.07692307692307693,0.0,0.0,0.0,0.0,0.0,0.0,0.0,0.0,0.0,0.0,0.07692307692307693,0.0,0.0,0.25,0.0,0.08333333333333333,0.0,0.0,0.08333333333333333,0.0,0.0,0.0,0.0,0.16666666666666666,0.0,0.3333333333333333,0.0,0.0,0.0,0.0,0.0,0.0,0.0,0.0,0.0,0.08333333333333333,0.0,0.0,0.2727272727272727,0.0,0.09090909090909091,0.0,0.0,0.09090909090909091,0.0,0.0,0.0,0.0,0.09090909090909091,0.0,0.36363636363636365,0.0,0.0,0.0,0.0,0.0,0.0,0.0,0.09090909090909091,0.0,0.0,0.0,0.0,0.1,0.0,0.2,0.0,0.0,0.0,0.0,0.1,0.0,0.0,0.4,0.0,0.1,0.0,0.0,0.0,0.0,0.0,0.0,0.0,0.1,0.0,0.0,0.0,0.0,0.1111111111111111,0.0,0.1111111111111111,0.0,0.0,0.0,0.0,0.1111111111111111,0.0,0.0,0.4444444444444444,0.0,0.1111111111111111,0.0,0.0,0.0,0.0,0.0,0.0,0.0,0.0,0.0,0.1111111111111111,0.0,0.0
1,0.23809523809523808,0.09523809523809523,0.23809523809523808,0.0,0.0,0.14285714285714285,0.0,0.0,0.0,0.0,0.23809523809523808,0.0,0.047619047619047616,0.0,0.0,0.0,0.0,0.0,0.0,0.0,0.0,0.0,0.0,0.0,0.0,0.35,0.05,0.15,0.0,0.0,0.0,0.0,0.15,0.0,0.0,0.25,0.05,0.0,0.0,0.0,0.0,0.0,0.0,0.0,0.0,0.0,0.0,0.0,0.0,0.0,0.3157894736842105,0.05263157894736842,0.21052631578947367,0.0,0.0,0.15789473684210525,0.0,0.0,0.0,0.0,0.15789473684210525,0.05263157894736842,0.05263157894736842,0.0,0.0,0.0,0.0,0.0,0.0,0.0,0.0,0.0,0.0,0.0,0.0,0.4444444444444444,0.05555555555555555,0.1111111111111111,0.0,0.0,0.1111111111111111,0.05555555555555555,0.0,0.0,0.0,0.05555555555555555,0.0,0.16666666666666666,0.0,0.0,0.0,0.0,0.0,0.0,0.0,0.0,0.0,0.0,0.0,0.0,0.35294117647058826,0.0,0.23529411764705882,0.0,0.0,0.11764705882352941,0.058823529411764705,0.0,0.0,0.0,0.17647058823529413,0.0,0.058823529411764705,0.0,0.0,0.0,0.0,0.0,0.0,0.0,0.0,0.0,0.0,0.0,0.0,0.3125,0.0625,0.1875,0.0,0.0,0.0625,0.0,0.125,0.0,0.0,0.25,0.0,0.0,0.0,0.0,0.0,0.0,0.0,0.0,0.0,0.0,0.0,0.0,0.0,0.0
1,0.14285714285714285,0.0,0.047619047619047616,0.0,0.14285714285714285,0.0,0.0,0.0,0.0,0.047619047619047616,0.0,0.09523809523809523,0.0,0.0,0.047619047619047616,0.0,0.0,0.0,0.0,0.0,0.14285714285714285,0.0,0.09523809523809523,0.0,0.23809523809523808,0.05,0.0,0.05,0.0,0.25,0.0,0.0,0.0,0.0,0.05,0.0,0.0,0.05,0.0,0.05,0.0,0.0,0.0,0.0,0.0,0.2,0.1,0.05,0.0,0.15,0.10526315789473684,0.0,0.10526315789473684,0.0,0.15789473684210525,0.05263157894736842,0.0,0.0,0.0,0.0,0.0,0.05263157894736842,0.0,0.0,0.05263157894736842,0.0,0.0,0.0,0.0,0.0,0.10526315789473684,0.05263157894736842,0.0,0.0,0.3157894736842105,0.05555555555555555,0.1111111111111111,0.1111111111111111,0.0,0.1111111111111111,0.0,0.0,0.0,0.0,0.05555555555555555,0.05555555555555555,0.0,0.0,0.0,0.05555555555555555,0.0,0.0,0.0,0.0,0.0,0.16666666666666666,0.0,0.0,0.0,0.2777777777777778,0.058823529411764705,0.11764705882352941,0.0,0.0,0.17647058823529413,0.0,0.0,0.0,0.0,0.058823529411764705,0.0,0.0,0.0,0.0,0.11764705882352941,0.0,0.0,0.0,0.0,0.0,0.23529411764705882,0.0,0.058823529411764705,0.0,0.17647058823529413,0.0625,0.0,0.0625,0.0,0.1875,0.0,0.0,0.0,0.0,0.0625,0.0625,0.0,0.0,0.0,0.0625,0.0,0.0,0.0,0.0,0.0,0.1875,0.0625,0.0,0.0,0.25
1,0.2,0.0,0.06666666666666667,0.03333333333333333,0.13333333333333333,0.03333333333333333,0.0,0.0,0.0,0.0,0.06666666666666667,0.0,0.1,0.0,0.03333333333333333,0.03333333333333333,0.0,0.0,0.0,0.03333333333333333,0.1,0.03333333333333333,0.06666666666666667,0.03333333333333333,0.03333333333333333,0.1724137931034483,0.0,0.13793103448275862,0.034482758620689655,0.10344827586206896,0.0,0.0,0.0,0.0,0.034482758620689655,0.10344827586206896,0.0,0.034482758620689655,0.034482758620689655,0.034482758620689655,0.034482758620689655,0.0,0.0,0.0,0.034482758620689655,0.13793103448275862,0.0,0.06896551724137931,0.0,0.034482758620689655,0.25,0.0,0.07142857142857142,0.0,0.10714285714285714,0.0,0.0,0.03571428571428571,0.0,0.0,0.03571428571428571,0.0,0.03571428571428571,0.07142857142857142,0.07142857142857142,0.07142857142857142,0.0,0.0,0.0,0.0,0.07142857142857142,0.0,0.10714285714285714,0.0,0.07142857142857142,0.2962962962962963,0.0,0.0,0.037037037037037035,0.07407407407407407,0.0,0.0,0.0,0.0,0.037037037037037035,0.037037037037037035,0.0,0.037037037037037035,0.037037037037037035,0.1111111111111111,0.037037037037037035,0.0,0.037037037037037035,0.0,0.0,0.07407407407407407,0.0,0.18518518518518517,0.0,0.0,0.15384615384615385,0.0,0.11538461538461539,0.0,0.15384615384615385,0.038461538461538464,0.0,0.0,0.0,0.0,0.15384615384615385,0.0,0.0,0.038461538461538464,0.038461538461538464,0.038461538461538464,0.0,0.038461538461538464,0.0,0.0,0.07692307692307693,0.0,0.07692307692307693,0.038461538461538464,0.038461538461538464,0.12,0.0,0.12,0.04,0.12,0.0,0.0,0.04,0.0,0.0,0.16,0.0,0.04,0.04,0.0,0.04,0.0,0.04,0.0,0.0,0.16,0.0,0.0,0.0,0.08
1,0.32,0.0,0.16,0.04,0.0,0.04,0.0,0.0,0.0,0.0,0.16,0.04,0.2,0.0,0.0,0.0,0.0,0.04,0.0,0.0,0.0,0.0,0.0,0.0,0.0,0.2916666666666667,0.0,0.20833333333333334,0.041666666666666664,0.0,0.0,0.0,0.041666666666666664,0.0,0.0,0.20833333333333334,0.041666666666666664,0.125,0.0,0.0,0.041666666666666664,0.0,0.0,0.0,0.0,0.0,0.0,0.0,0.0,0.0,0.43478260869565216,0.0,0.08695652173913043,0.043478260869565216,0.0,0.0,0.0,0.043478260869565216,0.0,0.0,0.13043478260869565,0.043478260869565216,0.21739130434782608,0.0,0.0,0.0,0.0,0.0,0.0,0.0,0.0,0.0,0.0,0.0,0.0,0.36363636363636365,0.0,0.13636363636363635,0.045454545454545456,0.0,0.045454545454545456,0.0,0.0,0.0,0.0,0.18181818181818182,0.045454545454545456,0.18181818181818182,0.0,0.0,0.0,0.0,0.0,0.0,0.0,0.0,0.0,0.0,0.0,0.0,0.2857142857142857,0.0,0.19047619047619047,0.047619047619047616,0.0,0.047619047619047616,0.0,0.0,0.0,0.0,0.2857142857142857,0.047619047619047616,0.09523809523809523,0.0,0.0,0.0,0.0,0.0,0.0,0.0,0.0,0.0,0.0,0.0,0.0,0.35,0.05,0.05,0.05,0.0,0.0,0.0,0.05,0.0,0.0,0.3,0.0,0.15,0.0,0.0,0.0,0.0,0.0,0.0,0.0,0.0,0.0,0.0,0.0,0.0
1,0.22727272727272727,0.0,0.22727272727272727,0.0,0.045454545454545456,0.045454545454545456,0.0,0.0,0.0,0.0,0.18181818181818182,0.0,0.13636363636363635,0.0,0.045454545454545456,0.0,0.0,0.0,0.0,0.0,0.045454545454545456,0.045454545454545456,0.0,0.0,0.0,0.14285714285714285,0.0,0.2857142857142857,0.0,0.09523809523809523,0.0,0.0,0.047619047619047616,0.0,0.0,0.2857142857142857,0.047619047619047616,0.0,0.0,0.0,0.0,0.0,0.0,0.0,0.0,0.047619047619047616,0.0,0.047619047619047616,0.0,0.0,0.25,0.05,0.15,0.0,0.05,0.0,0.0,0.05,0.0,0.0,0.2,0.0,0.1,0.0,0.05,0.0,0.0,0.0,0.0,0.0,0.0,0.0,0.1,0.0,0.0,0.3157894736842105,0.05263157894736842,0.15789473684210525,0.0,0.0,0.05263157894736842,0.0,0.0,0.0,0.0,0.10526315789473684,0.0,0.15789473684210525,0.0,0.10526315789473684,0.0,0.0,0.0,0.0,0.0,0.0,0.0,0.05263157894736842,0.0,0.0,0.2222222222222222,0.0,0.2222222222222222,0.0,0.05555555555555555,0.05555555555555555,0.0,0.0,0.0,0.0,0.1111111111111111,0.05555555555555555,0.16666666666666666,0.0,0.05555555555555555,0.0,0.0,0.0,0.0,0.0,0.05555555555555555,0.0,0.0,0.0,0.0,0.11764705882352941,0.0,0.29411764705882354,0.0,0.058823529411764705,0.0,0.0,0.0,0.0,0.058823529411764705,0.23529411764705882,0.058823529411764705,0.11764705882352941,0.0,0.0,0.0,0.0,0.0,0.0,0.0,0.058823529411764705,0.0,0.0,0.0,0.0
1,0.2,0.05,0.2,0.0,0.0,0.05,0.0,0.05,0.0,0.0,0.25,0.05,0.15,0.0,0.0,0.0,0.0,0.0,0.0,0.0,0.0,0.0,0.0,0.0,0.0,0.10526315789473684,0.0,0.3157894736842105,0.0,0.0,0.0,0.0,0.10526315789473684,0.0,0.0,0.3684210526315789,0.10526315789473684,0.0,0.0,0.0,0.0,0.0,0.0,0.0,0.0,0.0,0.0,0.0,0.0,0.0,0.16666666666666666,0.1111111111111111,0.16666666666666666,0.0,0.0,0.1111111111111111,0.0,0.0,0.0,0.0,0.16666666666666666,0.0,0.2777777777777778,0.0,0.0,0.0,0.0,0.0,0.0,0.0,0.0,0.0,0.0,0.0,0.0,0.23529411764705882,0.11764705882352941,0.11764705882352941,0.0,0.0,0.11764705882352941,0.0,0.0,0.0,0.0,0.11764705882352941,0.0,0.29411764705882354,0.0,0.0,0.0,0.0,0.0,0.0,0.0,0.0,0.0,0.0,0.0,0.0,0.1875,0.0,0.3125,0.0,0.0,0.0,0.0,0.0625,0.0,0.0,0.3125,0.125,0.0,0.0,0.0,0.0,0.0,0.0,0.0,0.0,0.0,0.0,0.0,0.0,0.0,0.26666666666666666,0.0,0.2,0.0,0.0,0.0,0.0,0.06666666666666667,0.0,0.0,0.26666666666666666,0.06666666666666667,0.13333333333333333,0.0,0.0,0.0,0.0,0.0,0.0,0.0,0.0,0.0,0.0,0.0,0.0
1,0.10526315789473684,0.0,0.3157894736842105,0.0,0.0,0.15789473684210525,0.0,0.0,0.0,0.0,0.15789473684210525,0.15789473684210525,0.10526315789473684,0.0,0.0,0.0,0.0,0.0,0.0,0.0,0.0,0.0,0.0,0.0,0.0,0.16666666666666666,0.05555555555555555,0.16666666666666666,0.0,0.0,0.0,0.0,0.16666666666666666,0.0,0.0,0.2222222222222222,0.1111111111111111,0.1111111111111111,0.0,0.0,0.0,0.0,0.0,0.0,0.0,0.0,0.0,0.0,0.0,0.0,0.11764705882352941,0.11764705882352941,0.17647058823529413,0.0,0.0,0.17647058823529413,0.0,0.0,0.0,0.0,0.11764705882352941,0.058823529411764705,0.23529411764705882,0.0,0.0,0.0,0.0,0.0,0.0,0.0,0.0,0.0,0.0,0.0,0.0,0.125,0.125,0.125,0.0,0.0,0.0625,0.0,0.125,0.0,0.0,0.25,0.0625,0.125,0.0,0.0,0.0,0.0,0.0,0.0,0.0,0.0,0.0,0.0,0.0,0.0,0.2,0.06666666666666667,0.13333333333333333,0.0,0.0,0.0,0.06666666666666667,0.06666666666666667,0.0,0.0,0.26666666666666666,0.0,0.2,0.0,0.0,0.0,0.0,0.0,0.0,0.0,0.0,0.0,0.0,0.0,0.0,0.21428571428571427,0.0,0.21428571428571427,0.0,0.0,0.07142857142857142,0.07142857142857142,0.0,0.0,0.0,0.14285714285714285,0.07142857142857142,0.21428571428571427,0.0,0.0,0.0,0.0,0.0,0.0,0.0,0.0,0.0,0.0,0.0,0.0
1,0.3132530120481928,0.03614457831325301,0.0,0.024096385542168676,0.18072289156626506,0.024096385542168676,0.0,0.0,0.0,0.024096385542168676,0.012048192771084338,0.0,0.0,0.0,0.0,0.012048192771084338,0.0,0.012048192771084338,0.0,0.024096385542168676,0.18072289156626506,0.012048192771084338,0.0,0.024096385542168676,0.12048192771084337,0.34146341463414637,0.012195121951219513,0.012195121951219513,0.024390243902439025,0.15853658536585366,0.024390243902439025,0.0,0.0,0.0,0.024390243902439025,0.0,0.0,0.0,0.0,0.012195121951219513,0.024390243902439025,0.0,0.0,0.012195121951219513,0.012195121951219513,0.15853658536585366,0.036585365853658534,0.0,0.0,0.14634146341463414,0.30864197530864196,0.037037037037037035,0.012345679012345678,0.037037037037037035,0.16049382716049382,0.037037037037037035,0.0,0.0,0.0,0.012345679012345678,0.012345679012345678,0.0,0.0,0.0,0.0,0.0,0.0,0.0,0.0,0.04938271604938271,0.19753086419753085,0.012345679012345678,0.0,0.0,0.12345679012345678,0.3875,0.0125,0.0125,0.0,0.1375,0.0375,0.0,0.0,0.0,0.0125,0.0,0.0,0.0,0.0,0.0125,0.0125,0.0,0.0,0.0,0.0375,0.125,0.0375,0.0,0.025,0.15,0.34177215189873417,0.05063291139240506,0.0,0.012658227848101266,0.1518987341772152,0.02531645569620253,0.0,0.0,0.0,0.02531645569620253,0.012658227848101266,0.0,0.0,0.0,0.0,0.02531645569620253,0.0,0.0,0.0,0.02531645569620253,0.16455696202531644,0.0,0.012658227848101266,0.012658227848101266,0.13924050632911392,0.3076923076923077,0.02564102564102564,0.01282051282051282,0.01282051282051282,0.20512820512820512,0.038461538461538464,0.0,0.0,0.0,0.01282051282051282,0.0,0.01282051282051282,0.0,0.0,0.0,0.038461538461538464,0.0,0.0,0.0,0.01282051282051282,0.19230769230769232,0.01282051282051282,0.0,0.01282051282051282,0.10256410256410256
1,0.15384615384615385,0.0,0.15384615384615385,0.0,0.11538461538461539,0.038461538461538464,0.0,0.0,0.0,0.0,0.15384615384615385,0.0,0.11538461538461539,0.038461538461538464,0.038461538461538464,0.038461538461538464,0.0,0.0,0.0,0.0,0.038461538461538464,0.038461538461538464,0.07692307692307693,0.0,0.0,0.08,0.0,0.24,0.0,0.12,0.0,0.0,0.04,0.0,0.0,0.24,0.04,0.0,0.0,0.04,0.04,0.0,0.0,0.0,0.0,0.04,0.0,0.08,0.04,0.0,0.16666666666666666,0.041666666666666664,0.125,0.041666666666666664,0.041666666666666664,0.0,0.0,0.041666666666666664,0.0,0.0,0.125,0.0,0.125,0.0,0.08333333333333333,0.0,0.0,0.0,0.0,0.041666666666666664,0.08333333333333333,0.0,0.08333333333333333,0.0,0.0,0.17391304347826086,0.043478260869565216,0.13043478260869565,0.0,0.08695652173913043,0.043478260869565216,0.0,0.0,0.0,0.0,0.043478260869565216,0.0,0.17391304347826086,0.043478260869565216,0.08695652173913043,0.043478260869565216,0.0,0.0,0.0,0.0,0.08695652173913043,0.0,0.043478260869565216,0.0,0.0,0.18181818181818182,0.0,0.18181818181818182,0.0,0.045454545454545456,0.0,0.0,0.0,0.0,0.045454545454545456,0.13636363636363635,0.045454545454545456,0.09090909090909091,0.045454545454545456,0.045454545454545456,0.0,0.0,0.045454545454545456,0.0,0.0,0.045454545454545456,0.0,0.045454545454545456,0.0,0.045454545454545456,0.047619047619047616,0.0,0.23809523809523808,0.047619047619047616,0.047619047619047616,0.0,0.0,0.047619047619047616,0.0,0.0,0.23809523809523808,0.047619047619047616,0.047619047619047616,0.0,0.047619047619047616,0.0,0.0,0.047619047619047616,0.0,0.0,0.047619047619047616,0.0,0.0,0.0,0.09523809523809523
1,0.47058823529411764,0.0,0.11764705882352941,0.0,0.11764705882352941,0.0,0.0,0.0,0.0,0.0,0.11764705882352941,0.0,0.0,0.0,0.0,0.0,0.0,0.0,0.0,0.0,0.11764705882352941,0.0,0.0,0.0,0.058823529411764705,0.375,0.0,0.125,0.0,0.1875,0.0,0.0,0.0,0.0,0.0,0.125,0.0,0.0,0.0,0.0,0.0,0.0,0.0,0.0,0.0,0.1875,0.0,0.0,0.0,0.0,0.5333333333333333,0.0,0.06666666666666667,0.0,0.13333333333333333,0.0,0.0,0.0,0.0,0.0,0.06666666666666667,0.0,0.0,0.0,0.06666666666666667,0.0,0.0,0.0,0.0,0.0,0.06666666666666667,0.0,0.06666666666666667,0.0,0.0,0.5714285714285714,0.0,0.07142857142857142,0.0,0.14285714285714285,0.0,0.0,0.0,0.0,0.0,0.0,0.0,0.07142857142857142,0.0,0.07142857142857142,0.0,0.0,0.0,0.0,0.0,0.07142857142857142,0.0,0.0,0.0,0.0,0.46153846153846156,0.0,0.15384615384615385,0.0,0.15384615384615385,0.0,0.0,0.0,0.0,0.0,0.15384615384615385,0.0,0.0,0.0,0.0,0.0,0.0,0.0,0.0,0.0,0.07692307692307693,0.0,0.0,0.0,0.0,0.4166666666666667,0.0,0.16666666666666666,0.0,0.16666666666666666,0.0,0.0,0.0,0.0,0.0,0.16666666666666666,0.0,0.0,0.0,0.0,0.0,0.0,0.0,0.0,0.0,0.08333333333333333,0.0,0.0,0.0,0.0
1,0.18181818181818182,0.045454545454545456,0.18181818181818182,0.045454545454545456,0.0,0.045454545454545456,0.0,0.045454545454545456,0.0,0.0,0.09090909090909091,0.045454545454545456,0.09090909090909091,0.0,0.09090909090909091,0.045454545454545456,0.0,0.0,0.0,0.0,0.09090909090909091,0.0,0.0,0.0,0.0,0.14285714285714285,0.0,0.2857142857142857,0.0,0.047619047619047616,0.0,0.0,0.0,0.0,0.047619047619047616,0.23809523809523808,0.047619047619047616,0.0,0.047619047619047616,0.0,0.0,0.0,0.047619047619047616,0.0,0.0,0.09523809523809523,0.0,0.0,0.0,0.0,0.2,0.05,0.2,0.0,0.05,0.05,0.0,0.0,0.0,0.0,0.25,0.0,0.0,0.05,0.0,0.0,0.0,0.0,0.0,0.05,0.0,0.0,0.1,0.0,0.0,0.3157894736842105,0.05263157894736842,0.05263157894736842,0.05263157894736842,0.05263157894736842,0.05263157894736842,0.0,0.0,0.0,0.0,0.05263157894736842,0.0,0.21052631578947367,0.0,0.0,0.05263157894736842,0.0,0.0,0.0,0.0,0.05263157894736842,0.0,0.05263157894736842,0.0,0.0,0.2777777777777778,0.05555555555555555,0.1111111111111111,0.05555555555555555,0.0,0.0,0.0,0.05555555555555555,0.0,0.0,0.05555555555555555,0.0,0.16666666666666666,0.0,0.05555555555555555,0.05555555555555555,0.0,0.0,0.0,0.0,0.1111111111111111,0.0,0.0,0.0,0.0,0.23529411764705882,0.0,0.23529411764705882,0.0,0.0,0.0,0.0,0.058823529411764705,0.0,0.0,0.17647058823529413,0.058823529411764705,0.0,0.0,0.058823529411764705,0.0,0.0,0.058823529411764705,0.0,0.0,0.058823529411764705,0.0,0.0,0.058823529411764705,0.0
1,0.2962962962962963,0.037037037037037035,0.14814814814814814,0.0,0.07407407407407407,0.037037037037037035,0.0,0.037037037037037035,0.0,0.0,0.1111111111111111,0.037037037037037035,0.07407407407407407,0.0,0.037037037037037035,0.0,0.0,0.0,0.0,0.0,0.1111111111111111,0.0,0.0,0.0,0.0,0.23076923076923078,0.0,0.23076923076923078,0.0,0.07692307692307693,0.0,0.0,0.038461538461538464,0.0,0.038461538461538464,0.19230769230769232,0.07692307692307693,0.0,0.0,0.0,0.0,0.0,0.0,0.0,0.0,0.11538461538461539,0.0,0.0,0.0,0.0,0.32,0.04,0.12,0.0,0.08,0.04,0.04,0.0,0.0,0.0,0.12,0.0,0.08,0.0,0.04,0.0,0.0,0.0,0.0,0.0,0.04,0.0,0.08,0.0,0.0,0.3333333333333333,0.08333333333333333,0.08333333333333333,0.0,0.041666666666666664,0.08333333333333333,0.0,0.0,0.0,0.0,0.08333333333333333,0.0,0.125,0.0,0.041666666666666664,0.0,0.0,0.0,0.0,0.0,0.041666666666666664,0.0,0.041666666666666664,0.0,0.041666666666666664,0.2608695652173913,0.0,0.21739130434782608,0.0,0.043478260869565216,0.043478260869565216,0.0,0.0,0.0,0.043478260869565216,0.13043478260869565,0.08695652173913043,0.043478260869565216,0.0,0.0,0.0,0.0,0.0,0.0,0.0,0.13043478260869565,0.0,0.0,0.0,0.0,0.22727272727272727,0.045454545454545456,0.22727272727272727,0.0,0.045454545454545456,0.045454545454545456,0.0,0.0,0.0,0.045454545454545456,0.18181818181818182,0.045454545454545456,0.045454545454545456,0.0,0.0,0.0,0.0,0.0,0.0,0.0,0.09090909090909091,0.0,0.0,0.0,0.0
1,0.4,0.0,0.2,0.0,0.0,0.06666666666666667,0.0,0.0,0.0,0.0,0.2,0.0,0.13333333333333333,0.0,0.0,0.0,0.0,0.0,0.0,0.0,0.0,0.0,0.0,0.0,0.0,0.21428571428571427,0.0,0.35714285714285715,0.0,0.0,0.07142857142857142,0.0,0.0,0.0,0.0,0.35714285714285715,0.0,0.0,0.0,0.0,0.0,0.0,0.0,0.0,0.0,0.0,0.0,0.0,0.0,0.0,0.38461538461538464,0.0,0.23076923076923078,0.0,0.0,0.07692307692307693,0.0,0.0,0.0,0.0,0.15384615384615385,0.0,0.15384615384615385,0.0,0.0,0.0,0.0,0.0,0.0,0.0,0.0,0.0,0.0,0.0,0.0,0.4166666666666667,0.0,0.25,0.0,0.0,0.08333333333333333,0.0,0.0,0.0,0.0,0.08333333333333333,0.0,0.16666666666666666,0.0,0.0,0.0,0.0,0.0,0.0,0.0,0.0,0.0,0.0,0.0,0.0,0.2727272727272727,0.0,0.36363636363636365,0.0,0.0,0.0,0.0,0.09090909090909091,0.0,0.0,0.2727272727272727,0.0,0.0,0.0,0.0,0.0,0.0,0.0,0.0,0.0,0.0,0.0,0.0,0.0,0.0,0.4,0.0,0.2,0.0,0.0,0.0,0.0,0.1,0.0,0.0,0.2,0.0,0.1,0.0,0.0,0.0,0.0,0.0,0.0,0.0,0.0,0.0,0.0,0.0,0.0
1,0.12,0.0,0.16,0.0,0.04,0.04,0.0,0.08,0.0,0.0,0.04,0.04,0.04,0.0,0.2,0.0,0.0,0.0,0.0,0.0,0.12,0.08,0.0,0.0,0.04,0.041666666666666664,0.0,0.125,0.0,0.16666666666666666,0.0,0.0,0.041666666666666664,0.0,0.08333333333333333,0.16666666666666666,0.08333333333333333,0.041666666666666664,0.0,0.041666666666666664,0.0,0.0,0.0,0.0,0.0,0.125,0.0,0.08333333333333333,0.0,0.0,0.13043478260869565,0.043478260869565216,0.0,0.0,0.13043478260869565,0.043478260869565216,0.043478260869565216,0.0,0.0,0.043478260869565216,0.17391304347826086,0.0,0.08695652173913043,0.0,0.08695652173913043,0.0,0.0,0.0,0.0,0.0,0.0,0.0,0.17391304347826086,0.0,0.043478260869565216,0.18181818181818182,0.0,0.045454545454545456,0.0,0.045454545454545456,0.045454545454545456,0.045454545454545456,0.045454545454545456,0.0,0.0,0.045454545454545456,0.045454545454545456,0.18181818181818182,0.0,0.09090909090909091,0.0,0.0,0.0,0.0,0.0,0.09090909090909091,0.0,0.0,0.0,0.13636363636363635,0.09523809523809523,0.0,0.047619047619047616,0.0,0.14285714285714285,0.0,0.0,0.14285714285714285,0.0,0.0,0.14285714285714285,0.0,0.047619047619047616,0.0,0.14285714285714285,0.0,0.0,0.0,0.0,0.0,0.14285714285714285,0.047619047619047616,0.047619047619047616,0.0,0.0,0.1,0.0,0.1,0.0,0.05,0.0,0.0,0.0,0.0,0.15,0.15,0.05,0.1,0.0,0.05,0.0,0.0,0.0,0.0,0.0,0.1,0.0,0.1,0.0,0.05
1,0.07142857142857142,0.0,0.0,0.07142857142857142,0.10714285714285714,0.0,0.0,0.0,0.0,0.10714285714285714,0.0,0.0,0.0,0.0,0.03571428571428571,0.03571428571428571,0.0,0.0,0.0,0.03571428571428571,0.10714285714285714,0.10714285714285714,0.03571428571428571,0.0,0.2857142857142857,0.07407407407407407,0.037037037037037035,0.0,0.0,0.14814814814814814,0.07407407407407407,0.0,0.0,0.0,0.037037037037037035,0.0,0.0,0.0,0.0,0.0,0.0,0.0,0.0,0.0,0.07407407407407407,0.07407407407407407,0.07407407407407407,0.037037037037037035,0.037037037037037035,0.3333333333333333,0.0,0.038461538461538464,0.0,0.038461538461538464,0.19230769230769232,0.07692307692307693,0.0,0.0,0.0,0.038461538461538464,0.0,0.0,0.0,0.0,0.0,0.038461538461538464,0.038461538461538464,0.0,0.0,0.0,0.07692307692307693,0.038461538461538464,0.038461538461538464,0.0,0.38461538461538464,0.08,0.04,0.0,0.0,0.16,0.0,0.0,0.0,0.0,0.12,0.0,0.0,0.0,0.0,0.0,0.0,0.0,0.0,0.04,0.04,0.12,0.08,0.04,0.0,0.28,0.08333333333333333,0.0,0.0,0.041666666666666664,0.16666666666666666,0.0,0.041666666666666664,0.041666666666666664,0.0,0.041666666666666664,0.0,0.0,0.0,0.0,0.0,0.041666666666666664,0.0,0.0,0.0,0.041666666666666664,0.041666666666666664,0.08333333333333333,0.0,0.0,0.375,0.08695652173913043,0.08695652173913043,0.0,0.0,0.13043478260869565,0.0,0.0,0.0,0.0,0.13043478260869565,0.0,0.0,0.0,0.0,0.0,0.043478260869565216,0.0,0.0,0.0,0.043478260869565216,0.043478260869565216,0.043478260869565216,0.043478260869565216,0.0,0.34782608695652173
1,0.25,0.0,0.08333333333333333,0.0,0.08333333333333333,0.0,0.0,0.0,0.0,0.041666666666666664,0.08333333333333333,0.0,0.041666666666666664,0.041666666666666664,0.041666666666666664,0.0,0.041666666666666664,0.0,0.0,0.0,0.125,0.0,0.041666666666666664,0.0,0.125,0.2608695652173913,0.0,0.08695652173913043,0.0,0.08695652173913043,0.0,0.0,0.0,0.0,0.043478260869565216,0.043478260869565216,0.043478260869565216,0.043478260869565216,0.043478260869565216,0.0,0.0,0.0,0.0,0.0,0.043478260869565216,0.17391304347826086,0.0,0.043478260869565216,0.0,0.08695652173913043,0.22727272727272727,0.0,0.045454545454545456,0.0,0.13636363636363635,0.045454545454545456,0.0,0.0,0.0,0.0,0.045454545454545456,0.045454545454545456,0.045454545454545456,0.0,0.045454545454545456,0.0,0.0,0.0,0.0,0.045454545454545456,0.18181818181818182,0.0,0.045454545454545456,0.045454545454545456,0.045454545454545456,0.23809523809523808,0.0,0.0,0.0,0.14285714285714285,0.047619047619047616,0.0,0.0,0.0,0.0,0.047619047619047616,0.0,0.0,0.047619047619047616,0.09523809523809523,0.047619047619047616,0.0,0.0,0.0,0.0,0.14285714285714285,0.047619047619047616,0.09523809523809523,0.0,0.047619047619047616,0.15,0.0,0.05,0.0,0.15,0.0,0.0,0.05,0.0,0.0,0.05,0.05,0.0,0.0,0.1,0.05,0.0,0.0,0.0,0.0,0.3,0.0,0.0,0.0,0.05,0.21052631578947367,0.0,0.0,0.0,0.15789473684210525,0.05263157894736842,0.0,0.0,0.0,0.0,0.10526315789473684,0.0,0.0,0.0,0.10526315789473684,0.0,0.0,0.05263157894736842,0.0,0.0,0.21052631578947367,0.0,0.05263157894736842,0.0,0.05263157894736842
1,0.3076923076923077,0.0,0.23076923076923078,0.0,0.0,0.15384615384615385,0.0,0.0,0.0,0.0,0.15384615384615385,0.07692307692307693,0.07692307692307693,0.0,0.0,0.0,0.0,0.0,0.0,0.0,0.0,0.0,0.0,0.0,0.0,0.25,0.0,0.25,0.0,0.0,0.08333333333333333,0.0,0.08333333333333333,0.0,0.0,0.25,0.08333333333333333,0.0,0.0,0.0,0.0,0.0,0.0,0.0,0.0,0.0,0.0,0.0,0.0,0.0,0.2727272727272727,0.09090909090909091,0.18181818181818182,0.0,0.0,0.09090909090909091,0.0,0.0,0.0,0.0,0.2727272727272727,0.0,0.09090909090909091,0.0,0.0,0.0,0.0,0.0,0.0,0.0,0.0,0.0,0.0,0.0,0.0,0.4,0.1,0.1,0.0,0.0,0.1,0.0,0.0,0.0,0.0,0.1,0.0,0.2,0.0,0.0,0.0,0.0,0.0,0.0,0.0,0.0,0.0,0.0,0.0,0.0,0.3333333333333333,0.0,0.3333333333333333,0.0,0.0,0.1111111111111111,0.0,0.0,0.0,0.0,0.1111111111111111,0.1111111111111111,0.0,0.0,0.0,0.0,0.0,0.0,0.0,0.0,0.0,0.0,0.0,0.0,0.0,0.25,0.125,0.25,0.0,0.0,0.0,0.0,0.125,0.0,0.0,0.25,0.0,0.0,0.0,0.0,0.0,0.0,0.0,0.0,0.0,0.0,0.0,0.0,0.0,0.0
1,0.0,0.09090909090909091,0.0,0.0,0.0,0.0,0.09090909090909091,0.09090909090909091,0.0,0.09090909090909091,0.09090909090909091,0.09090909090909091,0.18181818181818182,0.0,0.09090909090909091,0.0,0.0,0.0,0.0,0.0,0.09090909090909091,0.0,0.09090909090909091,0.0,0.0,0.0,0.1,0.0,0.0,0.0,0.0,0.0,0.3,0.0,0.0,0.2,0.1,0.0,0.0,0.1,0.0,0.0,0.0,0.0,0.0,0.0,0.1,0.1,0.0,0.0,0.0,0.0,0.1111111111111111,0.0,0.0,0.0,0.1111111111111111,0.2222222222222222,0.0,0.0,0.0,0.1111111111111111,0.1111111111111111,0.0,0.1111111111111111,0.0,0.0,0.0,0.0,0.0,0.1111111111111111,0.1111111111111111,0.0,0.0,0.0,0.0,0.0,0.125,0.0,0.0,0.125,0.125,0.0,0.0,0.125,0.0,0.125,0.25,0.0,0.0,0.0,0.0,0.0,0.0,0.0,0.0,0.0,0.125,0.0,0.0,0.0,0.14285714285714285,0.0,0.0,0.0,0.0,0.0,0.14285714285714285,0.0,0.14285714285714285,0.14285714285714285,0.0,0.2857142857142857,0.0,0.0,0.0,0.0,0.0,0.0,0.0,0.0,0.0,0.14285714285714285,0.0,0.0,0.0,0.0,0.0,0.0,0.16666666666666666,0.0,0.0,0.3333333333333333,0.0,0.0,0.16666666666666666,0.0,0.16666666666666666,0.0,0.0,0.0,0.0,0.0,0.0,0.0,0.0,0.16666666666666666,0.0,0.0,0.0
1,0.375,0.0,0.0,0.0,0.1875,0.0625,0.0,0.0,0.0,0.0,0.0,0.0,0.0625,0.0,0.0625,0.0,0.0,0.0,0.0,0.0,0.125,0.0,0.0625,0.0,0.0625,0.26666666666666666,0.0,0.06666666666666667,0.0,0.26666666666666666,0.06666666666666667,0.0,0.0,0.0,0.0,0.0,0.0,0.0,0.0,0.06666666666666667,0.0,0.0,0.0,0.0,0.0,0.2,0.0,0.06666666666666667,0.0,0.0,0.2857142857142857,0.0,0.14285714285714285,0.0,0.21428571428571427,0.07142857142857142,0.0,0.0,0.0,0.0,0.0,0.0,0.0,0.0,0.0,0.0,0.0,0.0,0.0,0.0,0.14285714285714285,0.0,0.0,0.0,0.14285714285714285,0.3076923076923077,0.0,0.07692307692307693,0.0,0.3076923076923077,0.07692307692307693,0.0,0.0,0.0,0.0,0.0,0.0,0.0,0.0,0.0,0.0,0.0,0.0,0.0,0.0,0.07692307692307693,0.0,0.07692307692307693,0.0,0.07692307692307693,0.3333333333333333,0.0,0.08333333333333333,0.0,0.25,0.0,0.0,0.0,0.0,0.08333333333333333,0.0,0.0,0.0,0.0,0.0,0.0,0.0,0.0,0.0,0.0,0.08333333333333333,0.0,0.08333333333333333,0.0,0.08333333333333333,0.2727272727272727,0.0,0.18181818181818182,0.0,0.18181818181818182,0.0,0.0,0.0,0.0,0.09090909090909091,0.0,0.0,0.0,0.0,0.0,0.0,0.0,0.0,0.0,0.0,0.18181818181818182,0.0,0.0,0.0,0.09090909090909091
1,0.2972972972972973,0.02702702702702703,0.10810810810810811,0.05405405405405406,0.05405405405405406,0.0,0.0,0.05405405405405406,0.0,0.0,0.13513513513513514,0.02702702702702703,0.02702702702702703,0.0,0.05405405405405406,0.02702702702702703,0.0,0.02702702702702703,0.0,0.0,0.08108108108108109,0.0,0.02702702702702703,0.0,0.0,0.2777777777777778,0.0,0.1388888888888889,0.027777777777777776,0.08333333333333333,0.027777777777777776,0.0,0.027777777777777776,0.0,0.0,0.16666666666666666,0.027777777777777776,0.027777777777777776,0.027777777777777776,0.0,0.027777777777777776,0.0,0.027777777777777776,0.0,0.0,0.05555555555555555,0.027777777777777776,0.027777777777777776,0.0,0.0,0.34285714285714286,0.02857142857142857,0.08571428571428572,0.02857142857142857,0.02857142857142857,0.02857142857142857,0.02857142857142857,0.0,0.0,0.0,0.08571428571428572,0.0,0.11428571428571428,0.02857142857142857,0.02857142857142857,0.05714285714285714,0.0,0.0,0.0,0.0,0.05714285714285714,0.0,0.02857142857142857,0.0,0.02857142857142857,0.38235294117647056,0.0,0.08823529411764706,0.029411764705882353,0.029411764705882353,0.0,0.0,0.029411764705882353,0.029411764705882353,0.0,0.08823529411764706,0.029411764705882353,0.058823529411764705,0.0,0.058823529411764705,0.029411764705882353,0.0,0.029411764705882353,0.0,0.0,0.08823529411764706,0.0,0.029411764705882353,0.0,0.0,0.30303030303030304,0.0,0.09090909090909091,0.06060606060606061,0.06060606060606061,0.0,0.0,0.06060606060606061,0.0,0.0,0.18181818181818182,0.0,0.06060606060606061,0.0,0.0,0.030303030303030304,0.0,0.0,0.0,0.030303030303030304,0.09090909090909091,0.030303030303030304,0.0,0.0,0.0,0.28125,0.03125,0.09375,0.03125,0.09375,0.0625,0.0,0.0,0.0,0.0,0.125,0.0,0.09375,0.03125,0.0,0.03125,0.0,0.0,0.0,0.0,0.09375,0.0,0.03125,0.0,0.0
1,0.1935483870967742,0.0,0.16129032258064516,0.0,0.06451612903225806,0.03225806451612903,0.0,0.0,0.0,0.0967741935483871,0.1935483870967742,0.0,0.06451612903225806,0.0,0.0,0.0,0.0,0.0,0.0,0.0,0.03225806451612903,0.12903225806451613,0.03225806451612903,0.0,0.0,0.16666666666666666,0.06666666666666667,0.2,0.0,0.0,0.03333333333333333,0.03333333333333333,0.03333333333333333,0.0,0.03333333333333333,0.2,0.0,0.0,0.0,0.03333333333333333,0.0,0.0,0.0,0.0,0.0,0.06666666666666667,0.0,0.03333333333333333,0.0,0.1,0.20689655172413793,0.0,0.10344827586206896,0.0,0.10344827586206896,0.06896551724137931,0.034482758620689655,0.034482758620689655,0.0,0.0,0.10344827586206896,0.034482758620689655,0.10344827586206896,0.0,0.0,0.0,0.0,0.0,0.0,0.0,0.10344827586206896,0.034482758620689655,0.034482758620689655,0.0,0.034482758620689655,0.25,0.03571428571428571,0.10714285714285714,0.0,0.0,0.07142857142857142,0.0,0.0,0.0,0.07142857142857142,0.07142857142857142,0.0,0.14285714285714285,0.0,0.03571428571428571,0.0,0.0,0.0,0.0,0.0,0.10714285714285714,0.03571428571428571,0.03571428571428571,0.0,0.03571428571428571,0.18518518518518517,0.0,0.18518518518518517,0.0,0.037037037037037035,0.07407407407407407,0.037037037037037035,0.0,0.0,0.037037037037037035,0.1111111111111111,0.0,0.1111111111111111,0.0,0.0,0.0,0.0,0.0,0.0,0.0,0.1111111111111111,0.037037037037037035,0.0,0.0,0.07407407407407407,0.19230769230769232,0.0,0.23076923076923078,0.0,0.0,0.038461538461538464,0.038461538461538464,0.038461538461538464,0.0,0.038461538461538464,0.19230769230769232,0.0,0.0,0.0,0.0,0.0,0.0,0.0,0.0,0.0,0.07692307692307693,0.038461538461538464,0.038461538461538464,0.0,0.07692307692307693
1,0.0,0.043478260869565216,0.043478260869565216,0.0,0.08695652173913043,0.0,0.0,0.043478260869565216,0.0,0.043478260869565216,0.08695652173913043,0.0,0.043478260869565216,0.0,0.08695652173913043,0.0,0.0,0.0,0.0,0.08695652173913043,0.08695652173913043,0.08695652173913043,0.043478260869565216,0.08695652173913043,0.13043478260869565,0.0,0.0,0.09090909090909091,0.09090909090909091,0.0,0.045454545454545456,0.0,0.0,0.0,0.045454545454545456,0.09090909090909091,0.0,0.0,0.0,0.13636363636363635,0.0,0.045454545454545456,0.0,0.0,0.045454545454545456,0.045454545454545456,0.09090909090909091,0.09090909090909091,0.0,0.18181818181818182,0.09523809523809523,0.0,0.0,0.0,0.09523809523809523,0.0,0.0,0.047619047619047616,0.0,0.047619047619047616,0.0,0.09523809523809523,0.0,0.09523809523809523,0.047619047619047616,0.047619047619047616,0.0,0.0,0.0,0.0,0.047619047619047616,0.047619047619047616,0.14285714285714285,0.0,0.19047619047619047,0.0,0.05,0.0,0.0,0.15,0.0,0.0,0.0,0.05,0.05,0.0,0.0,0.05,0.05,0.15,0.0,0.0,0.05,0.0,0.0,0.2,0.05,0.1,0.0,0.05,0.05263157894736842,0.0,0.0,0.10526315789473684,0.0,0.05263157894736842,0.0,0.0,0.0,0.05263157894736842,0.05263157894736842,0.05263157894736842,0.0,0.0,0.15789473684210525,0.0,0.0,0.05263157894736842,0.0,0.0,0.05263157894736842,0.05263157894736842,0.15789473684210525,0.0,0.15789473684210525,0.0,0.0,0.05555555555555555,0.0,0.1111111111111111,0.0,0.05555555555555555,0.0,0.0,0.05555555555555555,0.05555555555555555,0.05555555555555555,0.05555555555555555,0.0,0.05555555555555555,0.05555555555555555,0.0,0.0,0.0,0.0,0.1111111111111111,0.0,0.1111111111111111,0.1111111111111111,0.1111111111111111
1,0.3333333333333333,0.0,0.25,0.0,0.0,0.08333333333333333,0.0,0.0,0.0,0.0,0.25,0.0,0.08333333333333333,0.0,0.0,0.0,0.0,0.0,0.0,0.0,0.0,0.0,0.0,0.0,0.0,0.2727272727272727,0.0,0.2727272727272727,0.0,0.0,0.0,0.0,0.09090909090909091,0.0,0.0,0.36363636363636365,0.0,0.0,0.0,0.0,0.0,0.0,0.0,0.0,0.0,0.0,0.0,0.0,0.0,0.0,0.4,0.0,0.2,0.0,0.0,0.1,0.0,0.0,0.0,0.0,0.2,0.0,0.1,0.0,0.0,0.0,0.0,0.0,0.0,0.0,0.0,0.0,0.0,0.0,0.0,0.4444444444444444,0.0,0.2222222222222222,0.0,0.0,0.1111111111111111,0.0,0.0,0.0,0.0,0.1111111111111111,0.0,0.1111111111111111,0.0,0.0,0.0,0.0,0.0,0.0,0.0,0.0,0.0,0.0,0.0,0.0,0.5,0.0,0.125,0.0,0.0,0.0,0.0,0.125,0.0,0.0,0.125,0.0,0.125,0.0,0.0,0.0,0.0,0.0,0.0,0.0,0.0,0.0,0.0,0.0,0.0,0.2857142857142857,0.0,0.2857142857142857,0.0,0.0,0.14285714285714285,0.0,0.0,0.0,0.0,0.2857142857142857,0.0,0.0,0.0,0.0,0.0,0.0,0.0,0.0,0.0,0.0,0.0,0.0,0.0,0.0
1,0.0,0.0,0.16666666666666666,0.0,0.0,0.08333333333333333,0.16666666666666666,0.0,0.0,0.16666666666666666,0.0,0.08333333333333333,0.16666666666666666,0.0,0.0,0.0,0.0,0.0,0.0,0.0,0.0,0.16666666666666666,0.0,0.0,0.0,0.0,0.0,0.18181818181818182,0.0,0.0,0.0,0.2727272727272727,0.09090909090909091,0.0,0.09090909090909091,0.0,0.09090909090909091,0.0,0.0,0.09090909090909091,0.0,0.0,0.0,0.0,0.0,0.09090909090909091,0.09090909090909091,0.0,0.0,0.0,0.0,0.1,0.0,0.0,0.0,0.1,0.2,0.1,0.0,0.1,0.0,0.1,0.0,0.0,0.1,0.0,0.0,0.0,0.0,0.0,0.0,0.1,0.1,0.0,0.0,0.0,0.0,0.0,0.0,0.1111111111111111,0.1111111111111111,0.2222222222222222,0.1111111111111111,0.0,0.0,0.0,0.2222222222222222,0.0,0.0,0.0,0.0,0.0,0.0,0.0,0.0,0.0,0.0,0.1111111111111111,0.0,0.1111111111111111,0.0,0.125,0.0,0.0,0.0,0.125,0.0,0.25,0.0,0.125,0.0,0.25,0.0,0.0,0.0,0.0,0.0,0.0,0.0,0.0,0.0,0.125,0.0,0.0,0.0,0.0,0.14285714285714285,0.0,0.0,0.0,0.0,0.14285714285714285,0.2857142857142857,0.0,0.0,0.0,0.14285714285714285,0.0,0.0,0.14285714285714285,0.0,0.0,0.0,0.0,0.0,0.14285714285714285,0.0,0.0,0.0,0.0
1,0.2857142857142857,0.0,0.21428571428571427,0.0,0.07142857142857142,0.0,0.0,0.07142857142857142,0.0,0.0,0.21428571428571427,0.0,0.07142857142857142,0.0,0.0,0.0,0.0,0.0,0.0,0.0,0.0,0.07142857142857142,0.0,0.0,0.0,0.23076923076923078,0.07692307692307693,0.23076923076923078,0.0,0.0,0.0,0.0,0.07692307692307693,0.0,0.0,0.3076923076923077,0.0,0.0,0.0,0.0,0.0,0.0,0.0,0.0,0.0,0.0,0.0,0.07692307692307693,0.0,0.0,0.3333333333333333,0.0,0.16666666666666666,0.0,0.0,0.08333333333333333,0.0,0.0,0.0,0.0,0.16666666666666666,0.0,0.16666666666666666,0.0,0.0,0.0,0.0,0.0,0.0,0.0,0.0,0.0,0.08333333333333333,0.0,0.0,0.2727272727272727,0.0,0.2727272727272727,0.0,0.0,0.09090909090909091,0.0,0.0,0.0,0.0,0.18181818181818182,0.0,0.09090909090909091,0.0,0.0,0.0,0.0,0.0,0.0,0.0,0.09090909090909091,0.0,0.0,0.0,0.0,0.3,0.0,0.2,0.0,0.0,0.1,0.0,0.0,0.0,0.0,0.2,0.0,0.1,0.0,0.0,0.0,0.0,0.0,0.0,0.0,0.1,0.0,0.0,0.0,0.0,0.3333333333333333,0.0,0.1111111111111111,0.0,0.0,0.0,0.0,0.1111111111111111,0.0,0.0,0.2222222222222222,0.0,0.1111111111111111,0.0,0.0,0.0,0.0,0.0,0.0,0.0,0.1111111111111111,0.0,0.0,0.0,0.0
1,0.14285714285714285,0.0,0.07142857142857142,0.10714285714285714,0.03571428571428571,0.0,0.0,0.0,0.0,0.0,0.07142857142857142,0.0,0.2857142857142857,0.0,0.03571428571428571,0.03571428571428571,0.0,0.03571428571428571,0.03571428571428571,0.03571428571428571,0.10714285714285714,0.0,0.0,0.0,0.0,0.037037037037037035,0.0,0.14814814814814814,0.07407407407407407,0.1111111111111111,0.0,0.0,0.0,0.0,0.0,0.14814814814814814,0.0,0.2222222222222222,0.037037037037037035,0.0,0.1111111111111111,0.0,0.0,0.0,0.0,0.07407407407407407,0.0,0.0,0.037037037037037035,0.0,0.23076923076923078,0.0,0.038461538461538464,0.0,0.07692307692307693,0.0,0.0,0.0,0.0,0.0,0.11538461538461539,0.0,0.19230769230769232,0.07692307692307693,0.038461538461538464,0.038461538461538464,0.0,0.038461538461538464,0.038461538461538464,0.0,0.0,0.0,0.07692307692307693,0.038461538461538464,0.0,0.28,0.0,0.0,0.08,0.0,0.0,0.0,0.0,0.0,0.0,0.12,0.0,0.2,0.08,0.04,0.0,0.0,0.08,0.0,0.04,0.0,0.0,0.04,0.0,0.04,0.08333333333333333,0.0,0.125,0.08333333333333333,0.08333333333333333,0.0,0.0,0.0,0.0,0.0,0.20833333333333334,0.0,0.16666666666666666,0.08333333333333333,0.0,0.041666666666666664,0.0,0.0,0.0,0.041666666666666664,0.08333333333333333,0.0,0.0,0.0,0.0,0.08695652173913043,0.0,0.13043478260869565,0.0,0.13043478260869565,0.0,0.0,0.0,0.0,0.0,0.21739130434782608,0.0,0.13043478260869565,0.13043478260869565,0.0,0.08695652173913043,0.0,0.0,0.0,0.0,0.043478260869565216,0.0,0.0,0.043478260869565216,0.0
1,0.05263157894736842,0.10526315789473684,0.0,0.0,0.21052631578947367,0.10526315789473684,0.05263157894736842,0.0,0.0,0.0,0.05263157894736842,0.0,0.0,0.0,0.0,0.05263157894736842,0.0,0.0,0.0,0.0,0.10526315789473684,0.0,0.05263157894736842,0.05263157894736842,0.15789473684210525,0.1111111111111111,0.05555555555555555,0.05555555555555555,0.05555555555555555,0.05555555555555555,0.05555555555555555,0.0,0.0,0.0,0.1111111111111111,0.0,0.0,0.0,0.0,0.05555555555555555,0.05555555555555555,0.0,0.0,0.0,0.0,0.16666666666666666,0.05555555555555555,0.0,0.0,0.16666666666666666,0.17647058823529413,0.058823529411764705,0.0,0.0,0.11764705882352941,0.0,0.0,0.058823529411764705,0.058823529411764705,0.058823529411764705,0.0,0.0,0.0,0.0,0.058823529411764705,0.0,0.0,0.0,0.0,0.0,0.17647058823529413,0.058823529411764705,0.0,0.0,0.17647058823529413,0.0625,0.0625,0.0625,0.0,0.1875,0.125,0.0,0.0,0.0625,0.0,0.0,0.0,0.0,0.0,0.0625,0.0,0.0,0.0,0.0,0.0,0.1875,0.0625,0.0,0.0,0.125,0.2,0.0,0.0,0.06666666666666667,0.06666666666666667,0.13333333333333333,0.0,0.0,0.0,0.06666666666666667,0.0,0.0,0.0,0.0,0.06666666666666667,0.0,0.0,0.0,0.0,0.0,0.06666666666666667,0.13333333333333333,0.0,0.0,0.2,0.07142857142857142,0.0,0.0,0.0,0.2857142857142857,0.07142857142857142,0.0,0.0,0.0,0.07142857142857142,0.07142857142857142,0.0,0.0,0.0,0.0,0.0,0.0,0.0,0.0,0.0,0.14285714285714285,0.14285714285714285,0.0,0.07142857142857142,0.07142857142857142
1,0.2916666666666667,0.0,0.041666666666666664,0.08333333333333333,0.08333333333333333,0.0,0.0,0.0,0.0,0.041666666666666664,0.125,0.0,0.041666666666666664,0.0,0.0,0.0,0.0,0.041666666666666664,0.0,0.08333333333333333,0.041666666666666664,0.041666666666666664,0.041666666666666664,0.041666666666666664,0.0,0.21739130434782608,0.0,0.13043478260869565,0.043478260869565216,0.08695652173913043,0.043478260869565216,0.0,0.0,0.0,0.0,0.08695652173913043,0.0,0.0,0.08695652173913043,0.0,0.043478260869565216,0.043478260869565216,0.043478260869565216,0.0,0.0,0.08695652173913043,0.0,0.0,0.0,0.08695652173913043,0.22727272727272727,0.045454545454545456,0.09090909090909091,0.0,0.09090909090909091,0.045454545454545456,0.0,0.0,0.0,0.0,0.045454545454545456,0.0,0.045454545454545456,0.045454545454545456,0.045454545454545456,0.09090909090909091,0.0,0.0,0.0,0.045454545454545456,0.09090909090909091,0.0,0.045454545454545456,0.045454545454545456,0.0,0.19047619047619047,0.0,0.14285714285714285,0.047619047619047616,0.047619047619047616,0.047619047619047616,0.0,0.0,0.0,0.0,0.047619047619047616,0.047619047619047616,0.047619047619047616,0.0,0.047619047619047616,0.09523809523809523,0.0,0.0,0.047619047619047616,0.0,0.14285714285714285,0.0,0.0,0.0,0.047619047619047616,0.25,0.0,0.15,0.05,0.0,0.05,0.0,0.0,0.0,0.0,0.1,0.0,0.0,0.0,0.05,0.05,0.0,0.0,0.0,0.1,0.1,0.05,0.0,0.05,0.0,0.15789473684210525,0.0,0.15789473684210525,0.10526315789473684,0.05263157894736842,0.05263157894736842,0.0,0.0,0.0,0.0,0.15789473684210525,0.0,0.0,0.0,0.0,0.05263157894736842,0.05263157894736842,0.0,0.0,0.0,0.10526315789473684,0.0,0.0,0.0,0.10526315789473684
1,0.06666666666666667,0.03333333333333333,0.0,0.03333333333333333,0.16666666666666666,0.03333333333333333,0.0,0.03333333333333333,0.0,0.03333333333333333,0.03333333333333333,0.0,0.0,0.0,0.06666666666666667,0.0,0.0,0.0,0.0,0.03333333333333333,0.13333333333333333,0.06666666666666667,0.06666666666666667,0.0,0.2,0.06896551724137931,0.06896551724137931,0.0,0.0,0.1724137931034483,0.0,0.0,0.0,0.0,0.10344827586206896,0.0,0.0,0.034482758620689655,0.0,0.034482758620689655,0.0,0.0,0.0,0.0,0.034482758620689655,0.20689655172413793,0.034482758620689655,0.06896551724137931,0.034482758620689655,0.13793103448275862,0.07142857142857142,0.0,0.03571428571428571,0.0,0.21428571428571427,0.03571428571428571,0.0,0.0,0.0,0.03571428571428571,0.03571428571428571,0.03571428571428571,0.0,0.0,0.0,0.03571428571428571,0.0,0.0,0.0,0.0,0.10714285714285714,0.03571428571428571,0.07142857142857142,0.03571428571428571,0.25,0.07407407407407407,0.0,0.037037037037037035,0.0,0.2222222222222222,0.037037037037037035,0.0,0.0,0.037037037037037035,0.0,0.0,0.0,0.037037037037037035,0.0,0.037037037037037035,0.0,0.037037037037037035,0.0,0.0,0.0,0.18518518518518517,0.037037037037037035,0.037037037037037035,0.0,0.2222222222222222,0.11538461538461539,0.038461538461538464,0.038461538461538464,0.0,0.11538461538461539,0.0,0.0,0.0,0.0,0.07692307692307693,0.0,0.038461538461538464,0.0,0.0,0.038461538461538464,0.038461538461538464,0.0,0.0,0.0,0.0,0.15384615384615385,0.0,0.07692307692307693,0.038461538461538464,0.23076923076923078,0.08,0.0,0.08,0.04,0.12,0.0,0.0,0.0,0.0,0.08,0.0,0.0,0.04,0.0,0.0,0.0,0.0,0.0,0.0,0.04,0.2,0.08,0.0,0.0,0.24
1,0.0,0.0,0.1,0.1,0.1,0.0,0.0,0.0,0.0,0.0,0.1,0.0,0.0,0.0,0.0,0.0,0.0,0.0,0.0,0.1,0.2,0.0,0.0,0.0,0.3,0.1111111111111111,0.0,0.0,0.0,0.2222222222222222,0.0,0.0,0.0,0.0,0.0,0.0,0.0,0.0,0.1111111111111111,0.0,0.0,0.0,0.0,0.0,0.1111111111111111,0.2222222222222222,0.0,0.1111111111111111,0.0,0.1111111111111111,0.0,0.0,0.0,0.125,0.25,0.0,0.0,0.0,0.0,0.0,0.0,0.0,0.0,0.0,0.125,0.125,0.0,0.0,0.0,0.0,0.25,0.0,0.125,0.0,0.0,0.2857142857142857,0.0,0.0,0.0,0.14285714285714285,0.0,0.0,0.0,0.0,0.0,0.0,0.0,0.0,0.0,0.14285714285714285,0.0,0.0,0.0,0.0,0.0,0.14285714285714285,0.0,0.14285714285714285,0.14285714285714285,0.0,0.0,0.0,0.16666666666666666,0.0,0.16666666666666666,0.0,0.0,0.0,0.0,0.0,0.16666666666666666,0.0,0.0,0.0,0.0,0.0,0.0,0.0,0.0,0.0,0.16666666666666666,0.0,0.0,0.16666666666666666,0.16666666666666666,0.4,0.0,0.0,0.0,0.0,0.0,0.0,0.0,0.0,0.0,0.0,0.0,0.0,0.0,0.0,0.0,0.0,0.0,0.0,0.0,0.0,0.0,0.0,0.2,0.4
1,0.38461538461538464,0.0,0.11538461538461539,0.0,0.11538461538461539,0.038461538461538464,0.0,0.0,0.0,0.0,0.07692307692307693,0.0,0.0,0.038461538461538464,0.038461538461538464,0.038461538461538464,0.0,0.0,0.0,0.0,0.038461538461538464,0.038461538461538464,0.038461538461538464,0.0,0.038461538461538464,0.24,0.0,0.16,0.04,0.16,0.0,0.0,0.0,0.0,0.04,0.16,0.0,0.0,0.0,0.0,0.04,0.0,0.0,0.0,0.0,0.12,0.04,0.0,0.0,0.0,0.2916666666666667,0.041666666666666664,0.125,0.041666666666666664,0.125,0.0,0.0,0.0,0.0,0.0,0.16666666666666666,0.0,0.0,0.0,0.0,0.0,0.0,0.0,0.0,0.041666666666666664,0.08333333333333333,0.0,0.041666666666666664,0.0,0.041666666666666664,0.43478260869565216,0.043478260869565216,0.08695652173913043,0.043478260869565216,0.043478260869565216,0.0,0.0,0.0,0.0,0.0,0.043478260869565216,0.0,0.08695652173913043,0.0,0.043478260869565216,0.0,0.0,0.0,0.0,0.043478260869565216,0.08695652173913043,0.0,0.0,0.0,0.043478260869565216,0.4090909090909091,0.0,0.13636363636363635,0.0,0.13636363636363635,0.0,0.0,0.0,0.0,0.0,0.09090909090909091,0.0,0.0,0.045454545454545456,0.045454545454545456,0.0,0.045454545454545456,0.0,0.0,0.0,0.09090909090909091,0.0,0.0,0.0,0.0,0.3333333333333333,0.0,0.09523809523809523,0.047619047619047616,0.19047619047619047,0.0,0.0,0.0,0.0,0.0,0.09523809523809523,0.047619047619047616,0.047619047619047616,0.0,0.0,0.047619047619047616,0.0,0.0,0.0,0.0,0.09523809523809523,0.0,0.0,0.0,0.0
0,0.2631578947368421,0.05263157894736842,0.05263157894736842,0.0,0.15789473684210525,0.10526315789473684,0.0,0.05263157894736842,0.0,0.0,0.05263157894736842,0.0,0.05263157894736842,0.0,0.05263157894736842,0.0,0.0,0.0,0.0,0.0,0.10526315789473684,0.05263157894736842,0.0,0.0,0.0,0.3888888888888889,0.05555555555555555,0.05555555555555555,0.0,0.05555555555555555,0.0,0.05555555555555555,0.05555555555555555,0.0,0.05555555555555555,0.0,0.0,0.0,0.0,0.1111111111111111,0.0,0.0,0.0,0.0,0.0,0.1111111111111111,0.0,0.05555555555555555,0.0,0.0,0.35294117647058826,0.0,0.11764705882352941,0.0,0.11764705882352941,0.058823529411764705,0.0,0.058823529411764705,0.0,0.058823529411764705,0.0,0.058823529411764705,0.0,0.0,0.0,0.0,0.0,0.0,0.0,0.0,0.11764705882352941,0.058823529411764705,0.0,0.0,0.0,0.3125,0.125,0.0625,0.0,0.125,0.0625,0.0,0.0625,0.0,0.0,0.0625,0.0,0.0,0.0,0.0,0.0,0.0,0.0,0.0,0.0,0.0625,0.0,0.0625,0.0,0.0625,0.3333333333333333,0.0,0.13333333333333333,0.0,0.13333333333333333,0.06666666666666667,0.0,0.0,0.0,0.06666666666666667,0.0,0.06666666666666667,0.0,0.0,0.0,0.0,0.0,0.0,0.0,0.0,0.06666666666666667,0.06666666666666667,0.06666666666666667,0.0,0.0,0.21428571428571427,0.14285714285714285,0.14285714285714285,0.0,0.14285714285714285,0.07142857142857142,0.0,0.0,0.0,0.0,0.0,0.0,0.07142857142857142,0.0,0.0,0.0,0.0,0.0,0.0,0.0,0.14285714285714285,0.0,0.0,0.0,0.07142857142857142
0,0.0945945945945946,0.0,0.08108108108108109,0.04054054054054054,0.12162162162162163,0.0,0.0,0.0,0.0,0.04054054054054054,0.08108108108108109,0.013513513513513514,0.04054054054054054,0.0,0.06756756756756757,0.013513513513513514,0.02702702702702703,0.02702702702702703,0.0,0.0,0.13513513513513514,0.0,0.05405405405405406,0.02702702702702703,0.13513513513513514,0.1232876712328767,0.0273972602739726,0.0547945205479452,0.0410958904109589,0.0958904109589041,0.0,0.0,0.0,0.0,0.0410958904109589,0.0684931506849315,0.0,0.0410958904109589,0.0273972602739726,0.0547945205479452,0.0,0.0,0.0136986301369863,0.0,0.0547945205479452,0.1232876712328767,0.0136986301369863,0.0958904109589041,0.0,0.1232876712328767,0.09722222222222222,0.027777777777777776,0.05555555555555555,0.041666666666666664,0.125,0.013888888888888888,0.0,0.0,0.0,0.027777777777777776,0.041666666666666664,0.0,0.06944444444444445,0.0,0.06944444444444445,0.041666666666666664,0.0,0.0,0.0,0.027777777777777776,0.125,0.013888888888888888,0.08333333333333333,0.013888888888888888,0.125,0.08450704225352113,0.014084507042253521,0.07042253521126761,0.0,0.18309859154929578,0.028169014084507043,0.0,0.0,0.0,0.014084507042253521,0.056338028169014086,0.0,0.04225352112676056,0.014084507042253521,0.056338028169014086,0.04225352112676056,0.0,0.014084507042253521,0.0,0.014084507042253521,0.11267605633802817,0.014084507042253521,0.08450704225352113,0.04225352112676056,0.11267605633802817,0.11428571428571428,0.014285714285714285,0.02857142857142857,0.02857142857142857,0.15714285714285714,0.014285714285714285,0.0,0.014285714285714285,0.0,0.014285714285714285,0.07142857142857142,0.014285714285714285,0.02857142857142857,0.0,0.05714285714285714,0.02857142857142857,0.0,0.014285714285714285,0.0,0.02857142857142857,0.1,0.0,0.12857142857142856,0.02857142857142857,0.11428571428571428,0.11594202898550725,0.014492753623188406,0.07246376811594203,0.0,0.14492753623188406,0.028985507246376812,0.0,0.0,0.0,0.014492753623188406,0.057971014492753624,0.0,0.014492753623188406,0.014492753623188406,0.07246376811594203,0.028985507246376812,0.0,0.028985507246376812,0.0,0.014492753623188406,0.10144927536231885,0.014492753623188406,0.10144927536231885,0.043478260869565216,0.11594202898550725
0,0.5263157894736842,0.0,0.0,0.0,0.15789473684210525,0.05263157894736842,0.0,0.0,0.0,0.0,0.05263157894736842,0.0,0.0,0.0,0.0,0.0,0.0,0.0,0.0,0.0,0.10526315789473684,0.0,0.05263157894736842,0.0,0.05263157894736842,0.3888888888888889,0.0,0.05555555555555555,0.0,0.2222222222222222,0.05555555555555555,0.0,0.0,0.0,0.0,0.05555555555555555,0.0,0.0,0.0,0.0,0.0,0.0,0.0,0.0,0.0,0.2222222222222222,0.0,0.0,0.0,0.0,0.5294117647058824,0.0,0.058823529411764705,0.0,0.11764705882352941,0.058823529411764705,0.0,0.0,0.0,0.0,0.0,0.0,0.0,0.0,0.058823529411764705,0.0,0.0,0.0,0.0,0.0,0.11764705882352941,0.0,0.0,0.0,0.058823529411764705,0.5625,0.0,0.0625,0.0,0.125,0.0625,0.0,0.0,0.0,0.0,0.0625,0.0,0.0,0.0,0.0,0.0,0.0,0.0,0.0,0.0,0.0,0.0,0.0,0.0,0.125,0.4,0.0,0.06666666666666667,0.0,0.26666666666666666,0.06666666666666667,0.0,0.0,0.0,0.0,0.06666666666666667,0.0,0.0,0.0,0.0,0.0,0.0,0.0,0.0,0.0,0.13333333333333333,0.0,0.0,0.0,0.0,0.42857142857142855,0.0,0.07142857142857142,0.0,0.21428571428571427,0.07142857142857142,0.0,0.0,0.0,0.0,0.0,0.0,0.0,0.0,0.07142857142857142,0.0,0.0,0.0,0.0,0.0,0.14285714285714285,0.0,0.0,0.0,0.0
0,0.14473684210526316,0.013157894736842105,0.039473684210526314,0.09210526315789473,0.17105263157894737,0.039473684210526314,0.0,0.0,0.0,0.0,0.10526315789473684,0.0,0.0,0.013157894736842105,0.0,0.02631578947368421,0.02631578947368421,0.039473684210526314,0.013157894736842105,0.013157894736842105,0.13157894736842105,0.0,0.039473684210526314,0.0,0.09210526315789473,0.14666666666666667,0.013333333333333334,0.02666666666666667,0.08,0.18666666666666668,0.02666666666666667,0.0,0.0,0.0,0.013333333333333334,0.04,0.013333333333333334,0.02666666666666667,0.013333333333333334,0.02666666666666667,0.09333333333333334,0.0,0.013333333333333334,0.0,0.013333333333333334,0.14666666666666667,0.013333333333333334,0.05333333333333334,0.013333333333333334,0.04,0.20270270270270271,0.04054054054054054,0.10810810810810811,0.013513513513513514,0.0945945945945946,0.0,0.0,0.0,0.013513513513513514,0.02702702702702703,0.05405405405405406,0.0,0.0,0.04054054054054054,0.013513513513513514,0.06756756756756757,0.0,0.013513513513513514,0.013513513513513514,0.02702702702702703,0.12162162162162163,0.0,0.0,0.02702702702702703,0.12162162162162163,0.2602739726027397,0.0,0.0547945205479452,0.0273972602739726,0.1095890410958904,0.0273972602739726,0.0,0.0136986301369863,0.0,0.0,0.0136986301369863,0.0410958904109589,0.0136986301369863,0.0,0.0410958904109589,0.0273972602739726,0.0,0.0,0.0410958904109589,0.0547945205479452,0.1095890410958904,0.0,0.0410958904109589,0.0410958904109589,0.0821917808219178,0.18055555555555555,0.0,0.041666666666666664,0.08333333333333333,0.1527777777777778,0.013888888888888888,0.0,0.0,0.0,0.027777777777777776,0.08333333333333333,0.0,0.0,0.0,0.013888888888888888,0.05555555555555555,0.013888888888888888,0.013888888888888888,0.0,0.041666666666666664,0.1111111111111111,0.027777777777777776,0.06944444444444445,0.027777777777777776,0.041666666666666664,0.1267605633802817,0.014084507042253521,0.08450704225352113,0.09859154929577464,0.1267605633802817,0.014084507042253521,0.0,0.0,0.0,0.028169014084507043,0.056338028169014086,0.0,0.014084507042253521,0.014084507042253521,0.014084507042253521,0.07042253521126761,0.0,0.014084507042253521,0.0,0.04225352112676056,0.18309859154929578,0.028169014084507043,0.014084507042253521,0.0,0.056338028169014086
0,0.061224489795918366,0.0,0.08163265306122448,0.0,0.10204081632653061,0.0,0.02040816326530612,0.0,0.02040816326530612,0.061224489795918366,0.08163265306122448,0.0,0.04081632653061224,0.02040816326530612,0.061224489795918366,0.061224489795918366,0.0,0.02040816326530612,0.02040816326530612,0.02040816326530612,0.04081632653061224,0.08163265306122448,0.061224489795918366,0.04081632653061224,0.10204081632653061,0.041666666666666664,0.020833333333333332,0.0625,0.041666666666666664,0.08333333333333333,0.041666666666666664,0.020833333333333332,0.0,0.0,0.041666666666666664,0.0625,0.020833333333333332,0.041666666666666664,0.020833333333333332,0.0625,0.041666666666666664,0.0,0.020833333333333332,0.0,0.0625,0.041666666666666664,0.041666666666666664,0.08333333333333333,0.041666666666666664,0.10416666666666667,0.1276595744680851,0.0,0.0851063829787234,0.0,0.0425531914893617,0.02127659574468085,0.02127659574468085,0.0,0.0,0.0425531914893617,0.0,0.02127659574468085,0.0425531914893617,0.0851063829787234,0.06382978723404255,0.02127659574468085,0.0,0.0425531914893617,0.02127659574468085,0.0425531914893617,0.06382978723404255,0.06382978723404255,0.0425531914893617,0.0,0.14893617021276595,0.08695652173913043,0.043478260869565216,0.08695652173913043,0.0,0.043478260869565216,0.021739130434782608,0.0,0.0,0.0,0.043478260869565216,0.043478260869565216,0.021739130434782608,0.043478260869565216,0.021739130434782608,0.08695652173913043,0.021739130434782608,0.0,0.06521739130434782,0.0,0.043478260869565216,0.06521739130434782,0.043478260869565216,0.021739130434782608,0.06521739130434782,0.13043478260869565,0.022222222222222223,0.044444444444444446,0.06666666666666667,0.022222222222222223,0.1111111111111111,0.022222222222222223,0.0,0.022222222222222223,0.0,0.022222222222222223,0.06666666666666667,0.044444444444444446,0.022222222222222223,0.022222222222222223,0.06666666666666667,0.044444444444444446,0.022222222222222223,0.0,0.0,0.06666666666666667,0.08888888888888889,0.0,0.08888888888888889,0.044444444444444446,0.08888888888888889,0.09090909090909091,0.0,0.045454545454545456,0.045454545454545456,0.09090909090909091,0.022727272727272728,0.0,0.022727272727272728,0.0,0.0,0.022727272727272728,0.045454545454545456,0.06818181818181818,0.022727272727272728,0.06818181818181818,0.022727272727272728,0.06818181818181818,0.0,0.022727272727272728,0.022727272727272728,0.06818181818181818,0.0,0.06818181818181818,0.0,0.18181818181818182
0,0.034482758620689655,0.034482758620689655,0.10344827586206896,0.0,0.1724137931034483,0.0,0.0,0.0,0.0,0.06896551724137931,0.10344827586206896,0.034482758620689655,0.06896551724137931,0.0,0.034482758620689655,0.0,0.0,0.0,0.0,0.0,0.1724137931034483,0.0,0.10344827586206896,0.0,0.06896551724137931,0.07142857142857142,0.0,0.17857142857142858,0.0,0.10714285714285714,0.07142857142857142,0.0,0.0,0.0,0.0,0.03571428571428571,0.03571428571428571,0.0,0.0,0.14285714285714285,0.0,0.0,0.0,0.0,0.0,0.14285714285714285,0.03571428571428571,0.10714285714285714,0.0,0.07142857142857142,0.14814814814814814,0.037037037037037035,0.037037037037037035,0.0,0.1111111111111111,0.0,0.0,0.037037037037037035,0.0,0.037037037037037035,0.07407407407407407,0.0,0.07407407407407407,0.0,0.07407407407407407,0.0,0.0,0.0,0.0,0.0,0.07407407407407407,0.037037037037037035,0.14814814814814814,0.0,0.1111111111111111,0.07692307692307693,0.038461538461538464,0.07692307692307693,0.0,0.15384615384615385,0.0,0.0,0.038461538461538464,0.0,0.038461538461538464,0.07692307692307693,0.0,0.15384615384615385,0.0,0.0,0.0,0.0,0.0,0.0,0.0,0.11538461538461539,0.038461538461538464,0.038461538461538464,0.0,0.15384615384615385,0.08,0.0,0.12,0.0,0.16,0.04,0.0,0.0,0.0,0.0,0.12,0.04,0.04,0.0,0.04,0.0,0.0,0.0,0.0,0.0,0.04,0.04,0.12,0.0,0.16,0.16666666666666666,0.041666666666666664,0.125,0.0,0.041666666666666664,0.0,0.0,0.0,0.0,0.041666666666666664,0.0,0.041666666666666664,0.0,0.0,0.16666666666666666,0.0,0.0,0.0,0.0,0.0,0.125,0.0,0.16666666666666666,0.0,0.08333333333333333
0,0.2,0.0,0.06666666666666667,0.0,0.2,0.06666666666666667,0.0,0.0,0.0,0.0,0.06666666666666667,0.06666666666666667,0.0,0.06666666666666667,0.0,0.0,0.0,0.0,0.0,0.0,0.06666666666666667,0.0,0.13333333333333333,0.0,0.06666666666666667,0.2857142857142857,0.0,0.14285714285714285,0.0,0.07142857142857142,0.07142857142857142,0.0,0.0,0.0,0.0,0.07142857142857142,0.0,0.0,0.0,0.07142857142857142,0.0,0.0,0.0,0.0,0.0,0.0,0.07142857142857142,0.07142857142857142,0.07142857142857142,0.07142857142857142,0.15384615384615385,0.0,0.15384615384615385,0.07692307692307693,0.15384615384615385,0.07692307692307693,0.0,0.0,0.0,0.0,0.15384615384615385,0.0,0.0,0.0,0.0,0.0,0.0,0.0,0.0,0.0,0.07692307692307693,0.07692307692307693,0.07692307692307693,0.0,0.0,0.16666666666666666,0.08333333333333333,0.16666666666666666,0.0,0.08333333333333333,0.08333333333333333,0.0,0.0,0.0,0.0,0.08333333333333333,0.0,0.0,0.0,0.08333333333333333,0.0,0.0,0.0,0.0,0.0,0.16666666666666666,0.0,0.0,0.08333333333333333,0.0,0.2727272727272727,0.0,0.0,0.09090909090909091,0.18181818181818182,0.0,0.0,0.09090909090909091,0.0,0.0,0.09090909090909091,0.0,0.09090909090909091,0.0,0.0,0.0,0.0,0.0,0.0,0.0,0.18181818181818182,0.0,0.0,0.0,0.0,0.2,0.0,0.1,0.0,0.2,0.1,0.0,0.0,0.0,0.0,0.0,0.0,0.1,0.1,0.0,0.0,0.0,0.0,0.0,0.0,0.2,0.0,0.0,0.0,0.0
0,0.35714285714285715,0.0,0.21428571428571427,0.0,0.07142857142857142,0.07142857142857142,0.0,0.0,0.0,0.0,0.14285714285714285,0.0,0.0,0.0,0.07142857142857142,0.0,0.0,0.0,0.0,0.0,0.07142857142857142,0.0,0.0,0.0,0.0,0.38461538461538464,0.0,0.23076923076923078,0.0,0.07692307692307693,0.0,0.0,0.0,0.0,0.07692307692307693,0.15384615384615385,0.0,0.0,0.0,0.0,0.0,0.0,0.0,0.0,0.0,0.07692307692307693,0.0,0.0,0.0,0.0,0.4166666666666667,0.0,0.16666666666666666,0.0,0.08333333333333333,0.08333333333333333,0.0,0.0,0.0,0.0,0.08333333333333333,0.0,0.08333333333333333,0.0,0.0,0.0,0.0,0.0,0.0,0.0,0.08333333333333333,0.0,0.0,0.0,0.0,0.45454545454545453,0.0,0.09090909090909091,0.0,0.09090909090909091,0.09090909090909091,0.0,0.0,0.0,0.0,0.09090909090909091,0.0,0.09090909090909091,0.0,0.0,0.0,0.0,0.0,0.0,0.0,0.0,0.0,0.09090909090909091,0.0,0.0,0.3,0.0,0.3,0.0,0.0,0.1,0.0,0.0,0.0,0.0,0.1,0.0,0.0,0.0,0.1,0.0,0.0,0.0,0.0,0.0,0.1,0.0,0.0,0.0,0.0,0.3333333333333333,0.0,0.2222222222222222,0.0,0.1111111111111111,0.0,0.0,0.1111111111111111,0.0,0.0,0.1111111111111111,0.0,0.0,0.0,0.0,0.0,0.0,0.0,0.0,0.0,0.1111111111111111,0.0,0.0,0.0,0.0
0,0.07142857142857142,0.0,0.07142857142857142,0.047619047619047616,0.047619047619047616,0.0,0.0,0.0,0.0,0.0,0.047619047619047616,0.0,0.047619047619047616,0.023809523809523808,0.14285714285714285,0.023809523809523808,0.0,0.023809523809523808,0.0,0.0,0.09523809523809523,0.0,0.11904761904761904,0.0,0.23809523809523808,0.04878048780487805,0.0,0.0975609756097561,0.024390243902439025,0.04878048780487805,0.0,0.0,0.0,0.0,0.0,0.07317073170731707,0.0,0.0,0.04878048780487805,0.14634146341463414,0.024390243902439025,0.0,0.0,0.0,0.024390243902439025,0.07317073170731707,0.0,0.17073170731707318,0.0,0.21951219512195122,0.075,0.0,0.05,0.025,0.075,0.0,0.0,0.0,0.0,0.0,0.075,0.0,0.05,0.0,0.125,0.0,0.0,0.025,0.0,0.025,0.05,0.0,0.15,0.05,0.225,0.05128205128205128,0.0,0.02564102564102564,0.05128205128205128,0.10256410256410256,0.0,0.0,0.0,0.0,0.0,0.0,0.0,0.07692307692307693,0.02564102564102564,0.15384615384615385,0.0,0.0,0.0,0.0,0.05128205128205128,0.1282051282051282,0.0,0.1794871794871795,0.0,0.15384615384615385,0.0,0.0,0.07894736842105263,0.02631578947368421,0.10526315789473684,0.0,0.0,0.0,0.0,0.0,0.02631578947368421,0.0,0.10526315789473684,0.02631578947368421,0.10526315789473684,0.0,0.0,0.0,0.0,0.05263157894736842,0.15789473684210525,0.0,0.07894736842105263,0.02631578947368421,0.21052631578947367,0.02702702702702703,0.0,0.05405405405405406,0.0,0.13513513513513514,0.0,0.0,0.0,0.0,0.0,0.10810810810810811,0.0,0.08108108108108109,0.0,0.08108108108108109,0.0,0.0,0.02702702702702703,0.0,0.02702702702702703,0.02702702702702703,0.0,0.10810810810810811,0.08108108108108109,0.24324324324324326
0,0.08333333333333333,0.1111111111111111,0.027777777777777776,0.0,0.05555555555555555,0.027777777777777776,0.0,0.05555555555555555,0.027777777777777776,0.05555555555555555,0.08333333333333333,0.0,0.0,0.0,0.05555555555555555,0.0,0.0,0.0,0.0,0.027777777777777776,0.05555555555555555,0.08333333333333333,0.05555555555555555,0.0,0.19444444444444445,0.05714285714285714,0.05714285714285714,0.05714285714285714,0.0,0.11428571428571428,0.02857142857142857,0.0,0.02857142857142857,0.0,0.11428571428571428,0.05714285714285714,0.0,0.02857142857142857,0.0,0.05714285714285714,0.0,0.0,0.02857142857142857,0.0,0.0,0.11428571428571428,0.11428571428571428,0.0,0.02857142857142857,0.11428571428571428,0.058823529411764705,0.058823529411764705,0.058823529411764705,0.0,0.11764705882352941,0.058823529411764705,0.029411764705882353,0.029411764705882353,0.0,0.058823529411764705,0.029411764705882353,0.058823529411764705,0.0,0.0,0.058823529411764705,0.029411764705882353,0.0,0.0,0.0,0.0,0.058823529411764705,0.029411764705882353,0.058823529411764705,0.029411764705882353,0.17647058823529413,0.09090909090909091,0.030303030303030304,0.06060606060606061,0.0,0.12121212121212122,0.06060606060606061,0.06060606060606061,0.0,0.030303030303030304,0.030303030303030304,0.030303030303030304,0.0,0.030303030303030304,0.0,0.09090909090909091,0.0,0.0,0.030303030303030304,0.0,0.0,0.06060606060606061,0.09090909090909091,0.030303030303030304,0.0,0.15151515151515152,0.125,0.0625,0.03125,0.0,0.09375,0.0,0.03125,0.03125,0.0,0.125,0.03125,0.0,0.03125,0.0,0.09375,0.0,0.0,0.0,0.0,0.03125,0.09375,0.09375,0.0625,0.03125,0.03125,0.0967741935483871,0.06451612903225806,0.0,0.0,0.16129032258064516,0.0,0.0,0.0967741935483871,0.0,0.0967741935483871,0.0967741935483871,0.03225806451612903,0.0,0.0,0.03225806451612903,0.0,0.0,0.0,0.0,0.03225806451612903,0.06451612903225806,0.06451612903225806,0.06451612903225806,0.03225806451612903,0.06451612903225806
0,0.0,0.0,0.0,0.0,0.16666666666666666,0.1111111111111111,0.0,0.0,0.0,0.05555555555555555,0.0,0.0,0.0,0.0,0.05555555555555555,0.05555555555555555,0.0,0.0,0.0,0.0,0.0,0.16666666666666666,0.1111111111111111,0.05555555555555555,0.2222222222222222,0.0,0.058823529411764705,0.0,0.058823529411764705,0.058823529411764705,0.0,0.058823529411764705,0.0,0.0,0.11764705882352941,0.0,0.0,0.0,0.0,0.058823529411764705,0.0,0.0,0.0,0.0,0.058823529411764705,0.17647058823529413,0.058823529411764705,0.058823529411764705,0.0,0.23529411764705882,0.0625,0.0,0.0625,0.0,0.0625,0.0625,0.0625,0.0,0.0625,0.0,0.0,0.0,0.0,0.0,0.0625,0.0,0.0,0.0,0.0,0.0625,0.0625,0.125,0.0,0.0,0.3125,0.0,0.06666666666666667,0.0,0.0,0.06666666666666667,0.06666666666666667,0.0,0.0,0.0,0.13333333333333333,0.0,0.0,0.0,0.0,0.06666666666666667,0.0,0.0,0.06666666666666667,0.0,0.0,0.13333333333333333,0.13333333333333333,0.0,0.06666666666666667,0.2,0.07142857142857142,0.0,0.0,0.0,0.07142857142857142,0.0,0.07142857142857142,0.0,0.07142857142857142,0.07142857142857142,0.0,0.07142857142857142,0.0,0.0,0.0,0.0,0.0,0.0,0.0,0.0,0.14285714285714285,0.07142857142857142,0.07142857142857142,0.0,0.2857142857142857,0.0,0.0,0.07692307692307693,0.0,0.07692307692307693,0.15384615384615385,0.0,0.0,0.0,0.07692307692307693,0.07692307692307693,0.0,0.0,0.0,0.0,0.0,0.0,0.0,0.0,0.0,0.0,0.23076923076923078,0.0,0.07692307692307693,0.23076923076923078
0,0.1794871794871795,0.05128205128205128,0.05128205128205128,0.0,0.15384615384615385,0.02564102564102564,0.0,0.02564102564102564,0.0,0.02564102564102564,0.05128205128205128,0.02564102564102564,0.02564102564102564,0.0,0.05128205128205128,0.02564102564102564,0.0,0.0,0.0,0.0,0.1282051282051282,0.0,0.05128205128205128,0.02564102564102564,0.10256410256410256,0.13157894736842105,0.02631578947368421,0.10526315789473684,0.0,0.18421052631578946,0.05263157894736842,0.0,0.0,0.0,0.02631578947368421,0.07894736842105263,0.02631578947368421,0.02631578947368421,0.0,0.0,0.02631578947368421,0.0,0.0,0.0,0.0,0.13157894736842105,0.02631578947368421,0.02631578947368421,0.02631578947368421,0.10526315789473684,0.16216216216216217,0.05405405405405406,0.02702702702702703,0.02702702702702703,0.1891891891891892,0.05405405405405406,0.0,0.0,0.0,0.02702702702702703,0.05405405405405406,0.02702702702702703,0.02702702702702703,0.0,0.02702702702702703,0.0,0.0,0.0,0.0,0.02702702702702703,0.16216216216216217,0.0,0.10810810810810811,0.0,0.02702702702702703,0.16666666666666666,0.05555555555555555,0.08333333333333333,0.0,0.1388888888888889,0.0,0.027777777777777776,0.027777777777777776,0.0,0.027777777777777776,0.08333333333333333,0.0,0.027777777777777776,0.0,0.027777777777777776,0.027777777777777776,0.0,0.0,0.0,0.0,0.16666666666666666,0.0,0.027777777777777776,0.0,0.1111111111111111,0.2,0.0,0.11428571428571428,0.0,0.14285714285714285,0.02857142857142857,0.0,0.0,0.0,0.05714285714285714,0.02857142857142857,0.02857142857142857,0.02857142857142857,0.0,0.05714285714285714,0.0,0.02857142857142857,0.0,0.0,0.0,0.17142857142857143,0.02857142857142857,0.02857142857142857,0.0,0.05714285714285714,0.23529411764705882,0.0,0.08823529411764706,0.0,0.11764705882352941,0.058823529411764705,0.0,0.0,0.0,0.029411764705882353,0.0,0.058823529411764705,0.029411764705882353,0.0,0.058823529411764705,0.029411764705882353,0.0,0.0,0.0,0.0,0.08823529411764706,0.029411764705882353,0.058823529411764705,0.0,0.11764705882352941
0,0.047619047619047616,0.07142857142857142,0.07142857142857142,0.0,0.09523809523809523,0.047619047619047616,0.0,0.0,0.0,0.023809523809523808,0.023809523809523808,0.0,0.023809523809523808,0.0,0.09523809523809523,0.023809523809523808,0.0,0.0,0.0,0.023809523809523808,0.11904761904761904,0.0,0.07142857142857142,0.047619047619047616,0.21428571428571427,0.07317073170731707,0.024390243902439025,0.024390243902439025,0.0,0.17073170731707318,0.0,0.0,0.024390243902439025,0.024390243902439025,0.024390243902439025,0.04878048780487805,0.0,0.024390243902439025,0.0,0.04878048780487805,0.024390243902439025,0.0,0.0,0.0,0.024390243902439025,0.12195121951219512,0.024390243902439025,0.0975609756097561,0.024390243902439025,0.1951219512195122,0.075,0.025,0.05,0.025,0.1,0.025,0.0,0.0,0.0,0.05,0.0,0.025,0.0,0.0,0.1,0.025,0.0,0.0,0.0,0.025,0.125,0.0,0.125,0.025,0.2,0.07692307692307693,0.02564102564102564,0.02564102564102564,0.02564102564102564,0.1282051282051282,0.05128205128205128,0.0,0.0,0.0,0.02564102564102564,0.02564102564102564,0.0,0.02564102564102564,0.0,0.07692307692307693,0.02564102564102564,0.0,0.02564102564102564,0.0,0.0,0.07692307692307693,0.02564102564102564,0.10256410256410256,0.02564102564102564,0.23076923076923078,0.13157894736842105,0.0,0.05263157894736842,0.0,0.10526315789473684,0.0,0.0,0.0,0.0,0.07894736842105263,0.0,0.0,0.02631578947368421,0.05263157894736842,0.05263157894736842,0.0,0.02631578947368421,0.02631578947368421,0.0,0.0,0.13157894736842105,0.02631578947368421,0.07894736842105263,0.0,0.21052631578947367,0.05405405405405406,0.02702702702702703,0.02702702702702703,0.02702702702702703,0.16216216216216217,0.02702702702702703,0.0,0.0,0.0,0.05405405405405406,0.05405405405405406,0.0,0.02702702702702703,0.0,0.05405405405405406,0.02702702702702703,0.0,0.0,0.0,0.0,0.08108108108108109,0.02702702702702703,0.13513513513513514,0.02702702702702703,0.1891891891891892
0,0.2696629213483146,0.0449438202247191,0.033707865168539325,0.033707865168539325,0.12359550561797752,0.0449438202247191,0.0,0.0,0.011235955056179775,0.02247191011235955,0.011235955056179775,0.0,0.0,0.0,0.033707865168539325,0.07865168539325842,0.0,0.0,0.0,0.0,0.10112359550561797,0.033707865168539325,0.011235955056179775,0.033707865168539325,0.11235955056179775,0.2840909090909091,0.045454545454545456,0.011363636363636364,0.022727272727272728,0.14772727272727273,0.03409090909090909,0.011363636363636364,0.0,0.022727272727272728,0.011363636363636364,0.011363636363636364,0.0,0.011363636363636364,0.011363636363636364,0.011363636363636364,0.03409090909090909,0.011363636363636364,0.011363636363636364,0.0,0.022727272727272728,0.14772727272727273,0.011363636363636364,0.011363636363636364,0.011363636363636364,0.10227272727272728,0.25287356321839083,0.05747126436781609,0.022988505747126436,0.022988505747126436,0.14942528735632185,0.06896551724137931,0.0,0.0,0.0,0.011494252873563218,0.022988505747126436,0.0,0.0,0.0,0.022988505747126436,0.034482758620689655,0.011494252873563218,0.011494252873563218,0.0,0.022988505747126436,0.12643678160919541,0.011494252873563218,0.011494252873563218,0.04597701149425287,0.09195402298850575,0.313953488372093,0.03488372093023256,0.011627906976744186,0.03488372093023256,0.11627906976744186,0.03488372093023256,0.0,0.011627906976744186,0.011627906976744186,0.023255813953488372,0.011627906976744186,0.011627906976744186,0.0,0.011627906976744186,0.011627906976744186,0.011627906976744186,0.011627906976744186,0.0,0.0,0.046511627906976744,0.13953488372093023,0.023255813953488372,0.023255813953488372,0.011627906976744186,0.09302325581395349,0.3176470588235294,0.058823529411764705,0.0,0.03529411764705882,0.10588235294117647,0.03529411764705882,0.0,0.011764705882352941,0.0,0.03529411764705882,0.011764705882352941,0.0,0.0,0.0,0.03529411764705882,0.023529411764705882,0.0,0.0,0.023529411764705882,0.023529411764705882,0.12941176470588237,0.011764705882352941,0.03529411764705882,0.011764705882352941,0.09411764705882353,0.2857142857142857,0.03571428571428571,0.011904761904761904,0.023809523809523808,0.15476190476190477,0.023809523809523808,0.0,0.011904761904761904,0.0,0.047619047619047616,0.023809523809523808,0.0,0.0,0.0,0.023809523809523808,0.03571428571428571,0.011904761904761904,0.0,0.011904761904761904,0.011904761904761904,0.14285714285714285,0.023809523809523808,0.023809523809523808,0.03571428571428571,0.05952380952380952
0,0.25,0.16666666666666666,0.0,0.0,0.16666666666666666,0.08333333333333333,0.0,0.0,0.0,0.08333333333333333,0.0,0.0,0.0,0.0,0.0,0.0,0.0,0.0,0.0,0.0,0.25,0.0,0.0,0.0,0.0,0.2727272727272727,0.09090909090909091,0.0,0.0,0.18181818181818182,0.09090909090909091,0.0,0.0,0.0,0.09090909090909091,0.0,0.0,0.0,0.0,0.0,0.0,0.0,0.0,0.0,0.0,0.18181818181818182,0.09090909090909091,0.0,0.0,0.0,0.3,0.1,0.0,0.0,0.1,0.2,0.0,0.0,0.0,0.0,0.0,0.0,0.0,0.0,0.0,0.0,0.0,0.0,0.0,0.0,0.1,0.1,0.0,0.0,0.1,0.3333333333333333,0.1111111111111111,0.0,0.0,0.1111111111111111,0.1111111111111111,0.1111111111111111,0.0,0.0,0.0,0.0,0.0,0.0,0.0,0.0,0.0,0.0,0.0,0.0,0.0,0.1111111111111111,0.0,0.0,0.0,0.1111111111111111,0.125,0.25,0.0,0.0,0.25,0.125,0.0,0.0,0.0,0.0,0.0,0.0,0.0,0.0,0.0,0.0,0.0,0.0,0.0,0.0,0.25,0.0,0.0,0.0,0.0,0.42857142857142855,0.0,0.0,0.0,0.14285714285714285,0.0,0.0,0.0,0.0,0.14285714285714285,0.0,0.0,0.0,0.0,0.0,0.0,0.0,0.0,0.0,0.0,0.0,0.2857142857142857,0.0,0.0,0.0
0,0.1875,0.0625,0.03125,0.03125,0.125,0.03125,0.0,0.0625,0.0,0.0,0.03125,0.0,0.0,0.0,0.09375,0.0,0.0,0.0,0.0,0.03125,0.15625,0.03125,0.03125,0.0,0.09375,0.16129032258064516,0.0,0.06451612903225806,0.0,0.22580645161290322,0.0,0.0,0.0,0.03225806451612903,0.06451612903225806,0.06451612903225806,0.03225806451612903,0.0,0.0,0.03225806451612903,0.0,0.03225806451612903,0.0,0.0,0.0,0.1935483870967742,0.0,0.06451612903225806,0.0,0.03225806451612903,0.2,0.03333333333333333,0.03333333333333333,0.03333333333333333,0.16666666666666666,0.03333333333333333,0.0,0.0,0.0,0.06666666666666667,0.06666666666666667,0.0,0.03333333333333333,0.0,0.0,0.0,0.0,0.03333333333333333,0.0,0.0,0.1,0.03333333333333333,0.03333333333333333,0.0,0.13333333333333333,0.27586206896551724,0.0,0.06896551724137931,0.0,0.13793103448275862,0.034482758620689655,0.034482758620689655,0.0,0.0,0.0,0.06896551724137931,0.0,0.0,0.0,0.034482758620689655,0.0,0.0,0.0,0.0,0.034482758620689655,0.034482758620689655,0.034482758620689655,0.06896551724137931,0.0,0.1724137931034483,0.14285714285714285,0.07142857142857142,0.03571428571428571,0.0,0.21428571428571427,0.03571428571428571,0.0,0.03571428571428571,0.0,0.0,0.0,0.0,0.0,0.0,0.10714285714285714,0.03571428571428571,0.0,0.0,0.0,0.0,0.21428571428571427,0.0,0.07142857142857142,0.0,0.03571428571428571,0.14814814814814814,0.0,0.14814814814814814,0.0,0.18518518518518517,0.0,0.0,0.0,0.0,0.07407407407407407,0.07407407407407407,0.0,0.0,0.0,0.0,0.037037037037037035,0.0,0.0,0.0,0.0,0.18518518518518517,0.037037037037037035,0.0,0.0,0.1111111111111111
0,0.2777777777777778,0.0,0.05555555555555555,0.0,0.2222222222222222,0.05555555555555555,0.0,0.0,0.0,0.0,0.05555555555555555,0.05555555555555555,0.05555555555555555,0.0,0.0,0.0,0.0,0.0,0.0,0.0,0.16666666666666666,0.0,0.05555555555555555,0.0,0.0,0.23529411764705882,0.0,0.17647058823529413,0.0,0.17647058823529413,0.0,0.0,0.0,0.0,0.058823529411764705,0.058823529411764705,0.058823529411764705,0.0,0.0,0.0,0.0,0.0,0.0,0.0,0.0,0.23529411764705882,0.0,0.0,0.0,0.0,0.375,0.0625,0.125,0.0,0.0625,0.0625,0.0,0.0,0.0,0.0,0.0,0.0,0.0,0.0,0.0625,0.0,0.0,0.0,0.0,0.0,0.125,0.0,0.0625,0.0,0.0625,0.4,0.06666666666666667,0.06666666666666667,0.0,0.06666666666666667,0.06666666666666667,0.0,0.0,0.0,0.0,0.06666666666666667,0.0,0.0,0.0,0.0,0.0,0.0,0.0,0.0,0.0,0.0,0.0,0.13333333333333333,0.0,0.13333333333333333,0.21428571428571427,0.0,0.21428571428571427,0.0,0.14285714285714285,0.0,0.0,0.0,0.0,0.07142857142857142,0.07142857142857142,0.0,0.0,0.0,0.0,0.0,0.0,0.0,0.0,0.0,0.21428571428571427,0.07142857142857142,0.0,0.0,0.0,0.23076923076923078,0.07692307692307693,0.15384615384615385,0.0,0.15384615384615385,0.0,0.0,0.07692307692307693,0.0,0.0,0.07692307692307693,0.0,0.0,0.0,0.0,0.0,0.0,0.0,0.0,0.0,0.23076923076923078,0.0,0.0,0.0,0.0
0,0.2413793103448276,0.0,0.06896551724137931,0.034482758620689655,0.1724137931034483,0.0,0.0,0.0,0.0,0.0,0.10344827586206896,0.0,0.10344827586206896,0.0,0.034482758620689655,0.034482758620689655,0.0,0.0,0.0,0.0,0.10344827586206896,0.0,0.06896551724137931,0.0,0.034482758620689655,0.2857142857142857,0.0,0.07142857142857142,0.0,0.17857142857142858,0.0,0.0,0.0,0.0,0.0,0.14285714285714285,0.0,0.07142857142857142,0.0,0.03571428571428571,0.03571428571428571,0.0,0.0,0.0,0.0,0.03571428571428571,0.0,0.10714285714285714,0.0,0.03571428571428571,0.18518518518518517,0.0,0.14814814814814814,0.0,0.18518518518518517,0.0,0.0,0.0,0.0,0.0,0.14814814814814814,0.0,0.07407407407407407,0.0,0.037037037037037035,0.0,0.0,0.0,0.0,0.037037037037037035,0.14814814814814814,0.0,0.037037037037037035,0.0,0.0,0.15384615384615385,0.0,0.19230769230769232,0.0,0.15384615384615385,0.0,0.0,0.0,0.0,0.0,0.11538461538461539,0.0,0.07692307692307693,0.0,0.07692307692307693,0.038461538461538464,0.0,0.0,0.0,0.0,0.15384615384615385,0.0,0.0,0.0,0.038461538461538464,0.32,0.0,0.16,0.0,0.04,0.0,0.0,0.0,0.0,0.0,0.08,0.0,0.08,0.0,0.08,0.0,0.0,0.0,0.0,0.04,0.08,0.0,0.04,0.0,0.08,0.25,0.0,0.16666666666666666,0.0,0.125,0.0,0.0,0.0,0.0,0.0,0.041666666666666664,0.0,0.08333333333333333,0.0,0.08333333333333333,0.041666666666666664,0.0,0.0,0.0,0.0,0.125,0.0,0.041666666666666664,0.0,0.041666666666666664
0,0.3157894736842105,0.05263157894736842,0.0,0.0,0.15789473684210525,0.10526315789473684,0.0,0.05263157894736842,0.0,0.0,0.0,0.05263157894736842,0.05263157894736842,0.0,0.05263157894736842,0.0,0.0,0.0,0.0,0.0,0.10526315789473684,0.0,0.05263157894736842,0.0,0.0,0.3333333333333333,0.05555555555555555,0.1111111111111111,0.0,0.05555555555555555,0.0,0.0,0.05555555555555555,0.0,0.1111111111111111,0.05555555555555555,0.0,0.0,0.0,0.05555555555555555,0.0,0.0,0.0,0.0,0.0,0.1111111111111111,0.05555555555555555,0.0,0.0,0.0,0.29411764705882354,0.058823529411764705,0.17647058823529413,0.0,0.058823529411764705,0.11764705882352941,0.0,0.0,0.0,0.058823529411764705,0.0,0.0,0.0,0.0,0.058823529411764705,0.0,0.0,0.0,0.0,0.0,0.11764705882352941,0.058823529411764705,0.0,0.0,0.0,0.25,0.125,0.125,0.0,0.125,0.125,0.0,0.0,0.0,0.0,0.0625,0.0,0.0,0.0,0.0,0.0,0.0,0.0,0.0,0.0,0.0625,0.0,0.0625,0.0,0.0625,0.2,0.06666666666666667,0.13333333333333333,0.0,0.2,0.06666666666666667,0.06666666666666667,0.0,0.0,0.0,0.06666666666666667,0.0,0.0,0.0,0.0,0.0,0.0,0.0,0.0,0.0,0.13333333333333333,0.0,0.06666666666666667,0.0,0.0,0.21428571428571427,0.07142857142857142,0.14285714285714285,0.0,0.14285714285714285,0.07142857142857142,0.0,0.07142857142857142,0.0,0.0,0.0,0.07142857142857142,0.0,0.0,0.0,0.0,0.0,0.0,0.0,0.0,0.14285714285714285,0.0,0.0,0.0,0.07142857142857142
0,0.0,0.1111111111111111,0.1111111111111111,0.0,0.05555555555555555,0.1111111111111111,0.0,0.05555555555555555,0.0,0.0,0.05555555555555555,0.0,0.16666666666666666,0.0,0.1111111111111111,0.0,0.0,0.0,0.0,0.0,0.1111111111111111,0.05555555555555555,0.0,0.0,0.05555555555555555,0.11764705882352941,0.0,0.11764705882352941,0.0,0.058823529411764705,0.0,0.0,0.11764705882352941,0.0,0.058823529411764705,0.11764705882352941,0.058823529411764705,0.11764705882352941,0.0,0.058823529411764705,0.0,0.0,0.0,0.0,0.0,0.058823529411764705,0.058823529411764705,0.0,0.0,0.058823529411764705,0.0,0.125,0.125,0.0,0.0625,0.125,0.0,0.0625,0.0,0.0,0.0625,0.0,0.125,0.0,0.125,0.0,0.0,0.0,0.0,0.0,0.0625,0.0,0.0625,0.0,0.0625,0.2,0.0,0.13333333333333333,0.0,0.0,0.0,0.06666666666666667,0.06666666666666667,0.0,0.06666666666666667,0.06666666666666667,0.0,0.0,0.0,0.2,0.0,0.0,0.0,0.0,0.0,0.0,0.06666666666666667,0.13333333333333333,0.0,0.0,0.0,0.07142857142857142,0.07142857142857142,0.0,0.21428571428571427,0.0,0.0,0.14285714285714285,0.0,0.07142857142857142,0.14285714285714285,0.07142857142857142,0.0,0.0,0.0,0.0,0.0,0.0,0.0,0.0,0.07142857142857142,0.0,0.14285714285714285,0.0,0.0,0.15384615384615385,0.0,0.15384615384615385,0.0,0.07692307692307693,0.0,0.07692307692307693,0.0,0.0,0.15384615384615385,0.07692307692307693,0.0,0.0,0.0,0.07692307692307693,0.0,0.0,0.0,0.0,0.0,0.0,0.0,0.23076923076923078,0.0,0.0
0,0.2608695652173913,0.043478260869565216,0.0,0.0,0.13043478260869565,0.043478260869565216,0.043478260869565216,0.0,0.0,0.08695652173913043,0.08695652173913043,0.0,0.043478260869565216,0.0,0.043478260869565216,0.0,0.0,0.0,0.0,0.0,0.043478260869565216,0.043478260869565216,0.13043478260869565,0.0,0.0,0.2727272727272727,0.045454545454545456,0.045454545454545456,0.0,0.09090909090909091,0.0,0.0,0.09090909090909091,0.0,0.09090909090909091,0.0,0.045454545454545456,0.0,0.0,0.09090909090909091,0.0,0.0,0.0,0.0,0.0,0.13636363636363635,0.045454545454545456,0.045454545454545456,0.0,0.0,0.23809523809523808,0.09523809523809523,0.09523809523809523,0.0,0.047619047619047616,0.14285714285714285,0.0,0.047619047619047616,0.0,0.0,0.0,0.0,0.047619047619047616,0.0,0.047619047619047616,0.0,0.0,0.0,0.0,0.0,0.047619047619047616,0.047619047619047616,0.0,0.0,0.14285714285714285,0.25,0.1,0.0,0.0,0.15,0.1,0.05,0.0,0.0,0.05,0.0,0.0,0.1,0.0,0.0,0.0,0.0,0.0,0.0,0.0,0.05,0.0,0.1,0.0,0.05,0.15789473684210525,0.10526315789473684,0.05263157894736842,0.0,0.15789473684210525,0.05263157894736842,0.05263157894736842,0.05263157894736842,0.0,0.05263157894736842,0.05263157894736842,0.0,0.0,0.0,0.05263157894736842,0.0,0.0,0.0,0.0,0.0,0.10526315789473684,0.0,0.10526315789473684,0.0,0.0,0.16666666666666666,0.1111111111111111,0.1111111111111111,0.0,0.1111111111111111,0.05555555555555555,0.0,0.1111111111111111,0.0,0.05555555555555555,0.0,0.0,0.0,0.0,0.05555555555555555,0.0,0.0,0.0,0.0,0.0,0.1111111111111111,0.05555555555555555,0.0,0.0,0.05555555555555555
0,0.023255813953488372,0.023255813953488372,0.09302325581395349,0.0,0.09302325581395349,0.0,0.0,0.023255813953488372,0.023255813953488372,0.023255813953488372,0.046511627906976744,0.023255813953488372,0.023255813953488372,0.023255813953488372,0.06976744186046512,0.046511627906976744,0.0,0.0,0.023255813953488372,0.06976744186046512,0.11627906976744186,0.023255813953488372,0.046511627906976744,0.046511627906976744,0.13953488372093023,0.023809523809523808,0.047619047619047616,0.023809523809523808,0.023809523809523808,0.09523809523809523,0.023809523809523808,0.0,0.0,0.023809523809523808,0.023809523809523808,0.023809523809523808,0.023809523809523808,0.023809523809523808,0.023809523809523808,0.09523809523809523,0.047619047619047616,0.0,0.023809523809523808,0.023809523809523808,0.047619047619047616,0.11904761904761904,0.0,0.11904761904761904,0.023809523809523808,0.11904761904761904,0.024390243902439025,0.024390243902439025,0.04878048780487805,0.04878048780487805,0.07317073170731707,0.024390243902439025,0.0,0.0,0.024390243902439025,0.024390243902439025,0.07317073170731707,0.0,0.024390243902439025,0.0,0.0975609756097561,0.0,0.0,0.04878048780487805,0.0,0.07317073170731707,0.0975609756097561,0.04878048780487805,0.07317073170731707,0.04878048780487805,0.12195121951219512,0.075,0.025,0.0,0.05,0.075,0.0,0.0,0.0,0.0,0.075,0.025,0.0,0.075,0.05,0.05,0.025,0.0,0.025,0.0,0.075,0.1,0.05,0.1,0.025,0.1,0.02564102564102564,0.02564102564102564,0.05128205128205128,0.05128205128205128,0.07692307692307693,0.02564102564102564,0.0,0.0,0.0,0.02564102564102564,0.07692307692307693,0.0,0.0,0.05128205128205128,0.07692307692307693,0.05128205128205128,0.0,0.05128205128205128,0.0,0.02564102564102564,0.02564102564102564,0.05128205128205128,0.10256410256410256,0.02564102564102564,0.1794871794871795,0.07894736842105263,0.0,0.02631578947368421,0.02631578947368421,0.10526315789473684,0.02631578947368421,0.0,0.02631578947368421,0.0,0.0,0.05263157894736842,0.02631578947368421,0.02631578947368421,0.02631578947368421,0.07894736842105263,0.02631578947368421,0.02631578947368421,0.05263157894736842,0.0,0.02631578947368421,0.02631578947368421,0.02631578947368421,0.05263157894736842,0.07894736842105263,0.18421052631578946
0,0.18421052631578946,0.02631578947368421,0.02631578947368421,0.02631578947368421,0.21052631578947367,0.06578947368421052,0.0,0.0,0.0,0.0,0.02631578947368421,0.0,0.0,0.0,0.013157894736842105,0.039473684210526314,0.0,0.013157894736842105,0.0,0.0,0.15789473684210525,0.039473684210526314,0.0,0.013157894736842105,0.15789473684210525,0.24,0.02666666666666667,0.013333333333333334,0.02666666666666667,0.16,0.013333333333333334,0.0,0.0,0.0,0.05333333333333334,0.0,0.013333333333333334,0.013333333333333334,0.0,0.013333333333333334,0.02666666666666667,0.0,0.0,0.0,0.02666666666666667,0.18666666666666668,0.02666666666666667,0.013333333333333334,0.013333333333333334,0.13333333333333333,0.21621621621621623,0.04054054054054054,0.02702702702702703,0.013513513513513514,0.17567567567567569,0.02702702702702703,0.0,0.0,0.013513513513513514,0.02702702702702703,0.013513513513513514,0.0,0.0,0.0,0.02702702702702703,0.02702702702702703,0.0,0.013513513513513514,0.013513513513513514,0.0,0.1891891891891892,0.02702702702702703,0.0,0.0,0.14864864864864866,0.2465753424657534,0.0547945205479452,0.0136986301369863,0.0136986301369863,0.136986301369863,0.0410958904109589,0.0,0.0273972602739726,0.0,0.0,0.0,0.0136986301369863,0.0,0.0,0.0273972602739726,0.0273972602739726,0.0,0.0,0.0136986301369863,0.0136986301369863,0.1643835616438356,0.0,0.0,0.0,0.2054794520547945,0.2222222222222222,0.013888888888888888,0.027777777777777776,0.013888888888888888,0.18055555555555555,0.041666666666666664,0.013888888888888888,0.0,0.0,0.013888888888888888,0.027777777777777776,0.0,0.0,0.0,0.013888888888888888,0.027777777777777776,0.013888888888888888,0.0,0.0,0.013888888888888888,0.1527777777777778,0.027777777777777776,0.013888888888888888,0.013888888888888888,0.16666666666666666,0.18309859154929578,0.056338028169014086,0.014084507042253521,0.028169014084507043,0.18309859154929578,0.04225352112676056,0.0,0.014084507042253521,0.0,0.014084507042253521,0.014084507042253521,0.0,0.0,0.0,0.028169014084507043,0.04225352112676056,0.0,0.0,0.0,0.014084507042253521,0.19718309859154928,0.014084507042253521,0.014084507042253521,0.0,0.14084507042253522
0,0.11363636363636363,0.0,0.13636363636363635,0.0,0.045454545454545456,0.022727272727272728,0.022727272727272728,0.0,0.0,0.022727272727272728,0.045454545454545456,0.022727272727272728,0.11363636363636363,0.022727272727272728,0.09090909090909091,0.0,0.0,0.0,0.022727272727272728,0.022727272727272728,0.11363636363636363,0.0,0.06818181818181818,0.0,0.11363636363636363,0.046511627906976744,0.0,0.13953488372093023,0.023255813953488372,0.09302325581395349,0.0,0.0,0.023255813953488372,0.0,0.046511627906976744,0.06976744186046512,0.046511627906976744,0.06976744186046512,0.023255813953488372,0.06976744186046512,0.023255813953488372,0.0,0.0,0.0,0.023255813953488372,0.13953488372093023,0.0,0.09302325581395349,0.0,0.06976744186046512,0.07142857142857142,0.023809523809523808,0.0,0.047619047619047616,0.16666666666666666,0.023809523809523808,0.0,0.047619047619047616,0.0,0.0,0.047619047619047616,0.023809523809523808,0.09523809523809523,0.0,0.09523809523809523,0.047619047619047616,0.0,0.0,0.0,0.0,0.09523809523809523,0.0,0.19047619047619047,0.0,0.023809523809523808,0.12195121951219512,0.024390243902439025,0.024390243902439025,0.024390243902439025,0.12195121951219512,0.024390243902439025,0.0,0.024390243902439025,0.0,0.024390243902439025,0.07317073170731707,0.0,0.0975609756097561,0.0,0.07317073170731707,0.024390243902439025,0.0,0.024390243902439025,0.0,0.0,0.04878048780487805,0.024390243902439025,0.14634146341463414,0.024390243902439025,0.07317073170731707,0.125,0.0,0.075,0.0,0.125,0.05,0.0,0.025,0.0,0.0,0.1,0.025,0.1,0.0,0.025,0.0,0.0,0.025,0.0,0.025,0.025,0.025,0.1,0.05,0.1,0.15384615384615385,0.0,0.10256410256410256,0.02564102564102564,0.05128205128205128,0.05128205128205128,0.0,0.02564102564102564,0.0,0.0,0.05128205128205128,0.02564102564102564,0.1282051282051282,0.0,0.05128205128205128,0.0,0.0,0.0,0.0,0.05128205128205128,0.02564102564102564,0.02564102564102564,0.07692307692307693,0.02564102564102564,0.1282051282051282
0,0.0,0.0,0.05,0.0,0.2,0.05,0.0,0.1,0.0,0.0,0.2,0.0,0.05,0.05,0.0,0.0,0.05,0.0,0.0,0.0,0.0,0.05,0.15,0.0,0.05,0.05263157894736842,0.05263157894736842,0.10526315789473684,0.0,0.05263157894736842,0.0,0.0,0.05263157894736842,0.0,0.05263157894736842,0.05263157894736842,0.05263157894736842,0.05263157894736842,0.0,0.15789473684210525,0.0,0.0,0.05263157894736842,0.0,0.0,0.10526315789473684,0.0,0.10526315789473684,0.05263157894736842,0.0,0.05555555555555555,0.0,0.1111111111111111,0.05555555555555555,0.05555555555555555,0.05555555555555555,0.0,0.05555555555555555,0.0,0.0,0.05555555555555555,0.05555555555555555,0.1111111111111111,0.0,0.1111111111111111,0.0,0.0,0.0,0.0,0.0,0.05555555555555555,0.05555555555555555,0.1111111111111111,0.0,0.05555555555555555,0.058823529411764705,0.11764705882352941,0.058823529411764705,0.0,0.058823529411764705,0.058823529411764705,0.0,0.0,0.0,0.058823529411764705,0.0,0.0,0.17647058823529413,0.058823529411764705,0.058823529411764705,0.0,0.0,0.0,0.0,0.0,0.11764705882352941,0.0,0.11764705882352941,0.0,0.058823529411764705,0.0625,0.0,0.1875,0.0,0.0625,0.0,0.0,0.0625,0.0,0.0625,0.0625,0.125,0.0625,0.0625,0.0,0.0,0.0,0.0,0.0,0.0,0.0625,0.0,0.0625,0.0,0.125,0.06666666666666667,0.0,0.13333333333333333,0.0,0.06666666666666667,0.0,0.0,0.0,0.06666666666666667,0.06666666666666667,0.06666666666666667,0.06666666666666667,0.2,0.0,0.0,0.0,0.0,0.0,0.0,0.0,0.06666666666666667,0.06666666666666667,0.06666666666666667,0.0,0.06666666666666667
0,0.375,0.0,0.0,0.0,0.1875,0.0625,0.0,0.0,0.0,0.0,0.0625,0.0,0.0625,0.0,0.0625,0.0,0.0,0.0,0.0,0.0,0.0625,0.0,0.125,0.0,0.0,0.26666666666666666,0.0,0.13333333333333333,0.0,0.2,0.06666666666666667,0.0,0.0,0.0,0.0,0.06666666666666667,0.0,0.0,0.0,0.06666666666666667,0.0,0.0,0.0,0.0,0.0,0.13333333333333333,0.0,0.06666666666666667,0.0,0.0,0.2857142857142857,0.0,0.21428571428571427,0.0,0.14285714285714285,0.07142857142857142,0.0,0.0,0.0,0.0,0.07142857142857142,0.0,0.0,0.0,0.0,0.0,0.0,0.0,0.0,0.0,0.07142857142857142,0.0,0.0,0.0,0.14285714285714285,0.3076923076923077,0.0,0.15384615384615385,0.0,0.23076923076923078,0.07692307692307693,0.0,0.0,0.0,0.0,0.0,0.0,0.0,0.0,0.07692307692307693,0.0,0.0,0.0,0.0,0.0,0.07692307692307693,0.0,0.07692307692307693,0.0,0.0,0.3333333333333333,0.0,0.16666666666666666,0.0,0.16666666666666666,0.0,0.0,0.0,0.0,0.08333333333333333,0.08333333333333333,0.0,0.0,0.0,0.0,0.0,0.0,0.0,0.0,0.0,0.0,0.0,0.08333333333333333,0.0,0.08333333333333333,0.2727272727272727,0.0,0.18181818181818182,0.0,0.18181818181818182,0.0,0.0,0.09090909090909091,0.0,0.0,0.09090909090909091,0.0,0.0,0.0,0.0,0.0,0.0,0.0,0.0,0.0,0.09090909090909091,0.0,0.0,0.0,0.09090909090909091
0,0.30434782608695654,0.043478260869565216,0.043478260869565216,0.0,0.08695652173913043,0.0,0.043478260869565216,0.0,0.0,0.08695652173913043,0.08695652173913043,0.0,0.043478260869565216,0.0,0.043478260869565216,0.0,0.0,0.0,0.0,0.0,0.08695652173913043,0.0,0.08695652173913043,0.0,0.043478260869565216,0.2727272727272727,0.0,0.09090909090909091,0.0,0.13636363636363635,0.045454545454545456,0.0,0.045454545454545456,0.0,0.045454545454545456,0.045454545454545456,0.0,0.0,0.0,0.09090909090909091,0.0,0.0,0.0,0.0,0.0,0.13636363636363635,0.045454545454545456,0.045454545454545456,0.0,0.0,0.3333333333333333,0.0,0.14285714285714285,0.0,0.047619047619047616,0.14285714285714285,0.0,0.0,0.0,0.0,0.0,0.0,0.047619047619047616,0.0,0.047619047619047616,0.0,0.0,0.0,0.0,0.0,0.047619047619047616,0.047619047619047616,0.0,0.0,0.14285714285714285,0.35,0.05,0.05,0.0,0.1,0.1,0.0,0.0,0.0,0.05,0.0,0.0,0.05,0.0,0.05,0.0,0.0,0.0,0.0,0.0,0.05,0.0,0.1,0.0,0.05,0.21052631578947367,0.05263157894736842,0.05263157894736842,0.0,0.21052631578947367,0.10526315789473684,0.0,0.05263157894736842,0.0,0.0,0.05263157894736842,0.0,0.0,0.0,0.05263157894736842,0.0,0.0,0.0,0.0,0.0,0.10526315789473684,0.0,0.10526315789473684,0.0,0.0,0.2222222222222222,0.0,0.16666666666666666,0.0,0.16666666666666666,0.1111111111111111,0.0,0.05555555555555555,0.0,0.0,0.0,0.05555555555555555,0.0,0.0,0.0,0.0,0.0,0.0,0.0,0.0,0.1111111111111111,0.0,0.0,0.0,0.1111111111111111
0,0.2777777777777778,0.0,0.1111111111111111,0.0,0.16666666666666666,0.05555555555555555,0.0,0.0,0.0,0.0,0.1111111111111111,0.05555555555555555,0.05555555555555555,0.0,0.0,0.0,0.0,0.0,0.0,0.0,0.1111111111111111,0.0,0.05555555555555555,0.0,0.0,0.29411764705882354,0.0,0.17647058823529413,0.0,0.11764705882352941,0.0,0.0,0.0,0.0,0.058823529411764705,0.058823529411764705,0.058823529411764705,0.058823529411764705,0.0,0.0,0.0,0.0,0.0,0.0,0.0,0.17647058823529413,0.0,0.0,0.0,0.0,0.375,0.0625,0.1875,0.0,0.0,0.0625,0.0,0.0,0.0,0.0,0.0,0.0,0.0625,0.0,0.0625,0.0,0.0,0.0,0.0,0.0,0.125,0.0,0.0,0.0,0.0625,0.3333333333333333,0.0,0.2,0.0,0.06666666666666667,0.06666666666666667,0.0,0.0,0.0,0.0,0.06666666666666667,0.06666666666666667,0.0,0.0,0.0,0.0,0.0,0.0,0.0,0.0,0.06666666666666667,0.0,0.06666666666666667,0.0,0.06666666666666667,0.2857142857142857,0.07142857142857142,0.21428571428571427,0.0,0.07142857142857142,0.0,0.0,0.0,0.0,0.07142857142857142,0.07142857142857142,0.0,0.0,0.0,0.0,0.0,0.0,0.0,0.0,0.0,0.14285714285714285,0.0,0.07142857142857142,0.0,0.0,0.23076923076923078,0.07692307692307693,0.23076923076923078,0.0,0.07692307692307693,0.0,0.0,0.07692307692307693,0.0,0.0,0.07692307692307693,0.0,0.0,0.0,0.0,0.0,0.0,0.0,0.0,0.0,0.23076923076923078,0.0,0.0,0.0,0.0
0,0.21875,0.03125,0.0625,0.0,0.09375,0.0625,0.0,0.03125,0.0,0.0625,0.0,0.03125,0.0,0.03125,0.03125,0.03125,0.0,0.0,0.0,0.03125,0.0625,0.09375,0.03125,0.03125,0.0625,0.1935483870967742,0.03225806451612903,0.03225806451612903,0.03225806451612903,0.12903225806451613,0.0,0.0,0.03225806451612903,0.0,0.0967741935483871,0.03225806451612903,0.03225806451612903,0.0,0.0,0.03225806451612903,0.0,0.03225806451612903,0.03225806451612903,0.0,0.0,0.12903225806451613,0.06451612903225806,0.03225806451612903,0.03225806451612903,0.03225806451612903,0.23333333333333334,0.06666666666666667,0.03333333333333333,0.0,0.1,0.03333333333333333,0.03333333333333333,0.0,0.03333333333333333,0.03333333333333333,0.0,0.03333333333333333,0.03333333333333333,0.0,0.03333333333333333,0.0,0.0,0.0,0.03333333333333333,0.03333333333333333,0.1,0.03333333333333333,0.06666666666666667,0.0,0.06666666666666667,0.1724137931034483,0.10344827586206896,0.06896551724137931,0.034482758620689655,0.06896551724137931,0.13793103448275862,0.0,0.0,0.0,0.0,0.034482758620689655,0.0,0.0,0.0,0.034482758620689655,0.0,0.0,0.034482758620689655,0.0,0.034482758620689655,0.034482758620689655,0.034482758620689655,0.034482758620689655,0.034482758620689655,0.13793103448275862,0.14285714285714285,0.03571428571428571,0.07142857142857142,0.0,0.17857142857142858,0.03571428571428571,0.03571428571428571,0.03571428571428571,0.0,0.03571428571428571,0.03571428571428571,0.0,0.03571428571428571,0.0,0.0,0.0,0.07142857142857142,0.0,0.0,0.0,0.14285714285714285,0.0,0.0,0.07142857142857142,0.07142857142857142,0.1111111111111111,0.037037037037037035,0.14814814814814814,0.0,0.1111111111111111,0.07407407407407407,0.0,0.0,0.037037037037037035,0.037037037037037035,0.037037037037037035,0.037037037037037035,0.0,0.0,0.0,0.037037037037037035,0.0,0.0,0.0,0.037037037037037035,0.1111111111111111,0.07407407407407407,0.0,0.037037037037037035,0.07407407407407407
0,0.20512820512820512,0.02564102564102564,0.0,0.0,0.15384615384615385,0.02564102564102564,0.0,0.0,0.0,0.05128205128205128,0.0,0.02564102564102564,0.0,0.0,0.0,0.0,0.0,0.0,0.0,0.0,0.1282051282051282,0.02564102564102564,0.05128205128205128,0.0,0.3076923076923077,0.13157894736842105,0.0,0.0,0.0,0.2631578947368421,0.05263157894736842,0.02631578947368421,0.0,0.0,0.0,0.0,0.0,0.0,0.0,0.02631578947368421,0.0,0.0,0.0,0.0,0.0,0.18421052631578946,0.05263157894736842,0.05263157894736842,0.0,0.21052631578947367,0.13513513513513514,0.0,0.0,0.0,0.2702702702702703,0.02702702702702703,0.0,0.0,0.0,0.05405405405405406,0.02702702702702703,0.0,0.0,0.0,0.0,0.0,0.0,0.0,0.0,0.0,0.1891891891891892,0.08108108108108109,0.05405405405405406,0.0,0.16216216216216217,0.1111111111111111,0.0,0.027777777777777776,0.0,0.2777777777777778,0.05555555555555555,0.0,0.0,0.0,0.027777777777777776,0.027777777777777776,0.0,0.0,0.0,0.0,0.0,0.0,0.0,0.0,0.0,0.16666666666666666,0.08333333333333333,0.027777777777777776,0.0,0.19444444444444445,0.11428571428571428,0.05714285714285714,0.0,0.0,0.2571428571428571,0.0,0.0,0.0,0.0,0.08571428571428572,0.02857142857142857,0.0,0.0,0.0,0.0,0.0,0.0,0.0,0.0,0.0,0.2,0.02857142857142857,0.05714285714285714,0.0,0.17142857142857143,0.17647058823529413,0.029411764705882353,0.029411764705882353,0.0,0.20588235294117646,0.0,0.0,0.029411764705882353,0.0,0.058823529411764705,0.0,0.0,0.0,0.0,0.029411764705882353,0.0,0.0,0.0,0.0,0.0,0.17647058823529413,0.058823529411764705,0.0,0.0,0.20588235294117646
0,0.0,0.0,0.05263157894736842,0.0,0.10526315789473684,0.02631578947368421,0.0,0.0,0.0,0.18421052631578946,0.05263157894736842,0.0,0.0,0.0,0.05263157894736842,0.0,0.0,0.0,0.0,0.0,0.07894736842105263,0.18421052631578946,0.07894736842105263,0.0,0.18421052631578946,0.02702702702702703,0.08108108108108109,0.0,0.0,0.02702702702702703,0.05405405405405406,0.02702702702702703,0.0,0.0,0.13513513513513514,0.0,0.05405405405405406,0.0,0.0,0.05405405405405406,0.0,0.0,0.0,0.0,0.0,0.05405405405405406,0.02702702702702703,0.13513513513513514,0.0,0.32432432432432434,0.0,0.0,0.0,0.0,0.1388888888888889,0.0,0.05555555555555555,0.08333333333333333,0.0,0.08333333333333333,0.0,0.05555555555555555,0.0,0.0,0.05555555555555555,0.0,0.0,0.0,0.0,0.0,0.1388888888888889,0.08333333333333333,0.05555555555555555,0.0,0.25,0.02857142857142857,0.05714285714285714,0.0,0.0,0.05714285714285714,0.08571428571428572,0.0,0.02857142857142857,0.0,0.11428571428571428,0.0,0.0,0.0,0.0,0.11428571428571428,0.0,0.0,0.0,0.0,0.0,0.02857142857142857,0.11428571428571428,0.11428571428571428,0.0,0.2571428571428571,0.0,0.0,0.058823529411764705,0.0,0.08823529411764706,0.029411764705882353,0.029411764705882353,0.0,0.0,0.17647058823529413,0.0,0.058823529411764705,0.029411764705882353,0.0,0.029411764705882353,0.0,0.0,0.0,0.0,0.0,0.11764705882352941,0.08823529411764706,0.058823529411764705,0.0,0.23529411764705882,0.06060606060606061,0.0,0.030303030303030304,0.0,0.030303030303030304,0.030303030303030304,0.09090909090909091,0.030303030303030304,0.0,0.09090909090909091,0.0,0.0,0.030303030303030304,0.0,0.09090909090909091,0.0,0.0,0.0,0.0,0.0,0.06060606060606061,0.09090909090909091,0.06060606060606061,0.0,0.30303030303030304
0,0.15384615384615385,0.07692307692307693,0.07692307692307693,0.0,0.15384615384615385,0.07692307692307693,0.0,0.0,0.0,0.07692307692307693,0.07692307692307693,0.0,0.0,0.0,0.07692307692307693,0.0,0.0,0.0,0.0,0.0,0.15384615384615385,0.0,0.07692307692307693,0.0,0.0,0.08333333333333333,0.08333333333333333,0.08333333333333333,0.0,0.25,0.16666666666666666,0.0,0.0,0.0,0.0,0.0,0.0,0.0,0.0,0.08333333333333333,0.0,0.0,0.0,0.0,0.0,0.16666666666666666,0.0,0.08333333333333333,0.0,0.0,0.18181818181818182,0.0,0.18181818181818182,0.0,0.09090909090909091,0.09090909090909091,0.09090909090909091,0.0,0.0,0.0,0.09090909090909091,0.0,0.0,0.0,0.0,0.0,0.0,0.0,0.0,0.0,0.0,0.0,0.0,0.0,0.2727272727272727,0.3,0.0,0.0,0.0,0.2,0.0,0.0,0.0,0.0,0.2,0.0,0.0,0.1,0.0,0.0,0.0,0.0,0.0,0.0,0.0,0.1,0.0,0.1,0.0,0.0,0.2222222222222222,0.0,0.0,0.0,0.2222222222222222,0.1111111111111111,0.0,0.1111111111111111,0.0,0.0,0.0,0.0,0.0,0.0,0.1111111111111111,0.0,0.0,0.0,0.0,0.0,0.1111111111111111,0.0,0.1111111111111111,0.0,0.0,0.125,0.0,0.25,0.0,0.125,0.25,0.0,0.0,0.0,0.0,0.0,0.0,0.0,0.0,0.0,0.0,0.0,0.0,0.0,0.0,0.0,0.0,0.0,0.0,0.25
0,0.03225806451612903,0.03225806451612903,0.03225806451612903,0.03225806451612903,0.12903225806451613,0.03225806451612903,0.03225806451612903,0.0,0.0,0.06451612903225806,0.03225806451612903,0.06451612903225806,0.0,0.03225806451612903,0.03225806451612903,0.06451612903225806,0.0,0.03225806451612903,0.0,0.0,0.0967741935483871,0.03225806451612903,0.0967741935483871,0.0,0.12903225806451613,0.1,0.03333333333333333,0.03333333333333333,0.0,0.1,0.0,0.0,0.0,0.03333333333333333,0.1,0.03333333333333333,0.03333333333333333,0.03333333333333333,0.0,0.03333333333333333,0.06666666666666667,0.0,0.03333333333333333,0.0,0.0,0.03333333333333333,0.1,0.06666666666666667,0.03333333333333333,0.13333333333333333,0.06896551724137931,0.10344827586206896,0.034482758620689655,0.034482758620689655,0.034482758620689655,0.034482758620689655,0.0,0.06896551724137931,0.0,0.034482758620689655,0.06896551724137931,0.034482758620689655,0.0,0.0,0.034482758620689655,0.0,0.034482758620689655,0.0,0.0,0.06896551724137931,0.06896551724137931,0.0,0.034482758620689655,0.034482758620689655,0.20689655172413793,0.03571428571428571,0.03571428571428571,0.0,0.0,0.17857142857142858,0.03571428571428571,0.0,0.03571428571428571,0.03571428571428571,0.03571428571428571,0.03571428571428571,0.0,0.0,0.0,0.10714285714285714,0.03571428571428571,0.03571428571428571,0.03571428571428571,0.0,0.0,0.10714285714285714,0.07142857142857142,0.07142857142857142,0.03571428571428571,0.07142857142857142,0.07407407407407407,0.0,0.037037037037037035,0.0,0.1111111111111111,0.037037037037037035,0.0,0.037037037037037035,0.037037037037037035,0.037037037037037035,0.037037037037037035,0.0,0.037037037037037035,0.037037037037037035,0.037037037037037035,0.0,0.037037037037037035,0.0,0.0,0.07407407407407407,0.1111111111111111,0.07407407407407407,0.037037037037037035,0.0,0.14814814814814814,0.0,0.07692307692307693,0.07692307692307693,0.0,0.07692307692307693,0.038461538461538464,0.038461538461538464,0.07692307692307693,0.0,0.0,0.07692307692307693,0.0,0.0,0.038461538461538464,0.038461538461538464,0.0,0.0,0.0,0.0,0.07692307692307693,0.15384615384615385,0.0,0.0,0.038461538461538464,0.19230769230769232
0,0.08695652173913043,0.08695652173913043,0.043478260869565216,0.0,0.13043478260869565,0.06521739130434782,0.0,0.021739130434782608,0.0,0.043478260869565216,0.06521739130434782,0.0,0.021739130434782608,0.0,0.06521739130434782,0.0,0.021739130434782608,0.0,0.0,0.021739130434782608,0.15217391304347827,0.021739130434782608,0.06521739130434782,0.021739130434782608,0.06521739130434782,0.15555555555555556,0.022222222222222223,0.022222222222222223,0.022222222222222223,0.1111111111111111,0.044444444444444446,0.0,0.022222222222222223,0.0,0.06666666666666667,0.044444444444444446,0.044444444444444446,0.0,0.0,0.06666666666666667,0.022222222222222223,0.0,0.022222222222222223,0.0,0.0,0.1111111111111111,0.044444444444444446,0.08888888888888889,0.0,0.08888888888888889,0.09090909090909091,0.045454545454545456,0.06818181818181818,0.0,0.11363636363636363,0.09090909090909091,0.0,0.0,0.0,0.045454545454545456,0.045454545454545456,0.022727272727272728,0.045454545454545456,0.0,0.045454545454545456,0.022727272727272728,0.0,0.0,0.0,0.022727272727272728,0.11363636363636363,0.045454545454545456,0.045454545454545456,0.022727272727272728,0.11363636363636363,0.11627906976744186,0.046511627906976744,0.046511627906976744,0.0,0.11627906976744186,0.0,0.023255813953488372,0.023255813953488372,0.0,0.06976744186046512,0.06976744186046512,0.0,0.046511627906976744,0.023255813953488372,0.023255813953488372,0.023255813953488372,0.0,0.0,0.0,0.023255813953488372,0.16279069767441862,0.046511627906976744,0.046511627906976744,0.0,0.09302325581395349,0.09523809523809523,0.047619047619047616,0.023809523809523808,0.0,0.16666666666666666,0.047619047619047616,0.0,0.047619047619047616,0.023809523809523808,0.0,0.07142857142857142,0.023809523809523808,0.0,0.0,0.07142857142857142,0.023809523809523808,0.0,0.0,0.0,0.023809523809523808,0.11904761904761904,0.047619047619047616,0.09523809523809523,0.0,0.07142857142857142,0.12195121951219512,0.024390243902439025,0.0975609756097561,0.024390243902439025,0.07317073170731707,0.024390243902439025,0.024390243902439025,0.0,0.0,0.07317073170731707,0.024390243902439025,0.024390243902439025,0.024390243902439025,0.0,0.0975609756097561,0.024390243902439025,0.0,0.024390243902439025,0.0,0.0,0.17073170731707318,0.04878048780487805,0.024390243902439025,0.0,0.07317073170731707
0,0.4827586206896552,0.034482758620689655,0.13793103448275862,0.034482758620689655,0.0,0.0,0.0,0.034482758620689655,0.0,0.0,0.13793103448275862,0.0,0.034482758620689655,0.0,0.034482758620689655,0.0,0.0,0.0,0.0,0.034482758620689655,0.034482758620689655,0.0,0.0,0.0,0.0,0.39285714285714285,0.03571428571428571,0.21428571428571427,0.03571428571428571,0.03571428571428571,0.0,0.0,0.0,0.0,0.03571428571428571,0.21428571428571427,0.0,0.0,0.0,0.0,0.0,0.0,0.0,0.0,0.0,0.03571428571428571,0.0,0.0,0.0,0.0,0.4074074074074074,0.0,0.18518518518518517,0.037037037037037035,0.07407407407407407,0.037037037037037035,0.0,0.0,0.0,0.0,0.2222222222222222,0.0,0.0,0.0,0.0,0.0,0.0,0.0,0.0,0.0,0.0,0.0,0.037037037037037035,0.0,0.0,0.5,0.0,0.07692307692307693,0.038461538461538464,0.07692307692307693,0.038461538461538464,0.0,0.0,0.0,0.0,0.11538461538461539,0.0,0.11538461538461539,0.0,0.0,0.0,0.0,0.0,0.0,0.0,0.038461538461538464,0.0,0.0,0.0,0.0,0.48,0.0,0.16,0.0,0.04,0.0,0.0,0.04,0.0,0.0,0.2,0.0,0.0,0.04,0.0,0.0,0.0,0.0,0.0,0.0,0.04,0.0,0.0,0.0,0.0,0.4583333333333333,0.0,0.20833333333333334,0.0,0.0,0.041666666666666664,0.0,0.0,0.0,0.0,0.16666666666666666,0.0,0.0,0.041666666666666664,0.041666666666666664,0.0,0.0,0.0,0.0,0.0,0.041666666666666664,0.0,0.0,0.0,0.0
0,0.13333333333333333,0.03333333333333333,0.03333333333333333,0.03333333333333333,0.23333333333333334,0.0,0.0,0.03333333333333333,0.0,0.03333333333333333,0.13333333333333333,0.0,0.0,0.0,0.0,0.0,0.0,0.03333333333333333,0.0,0.0,0.16666666666666666,0.03333333333333333,0.06666666666666667,0.0,0.03333333333333333,0.2413793103448276,0.034482758620689655,0.06896551724137931,0.0,0.13793103448275862,0.034482758620689655,0.0,0.034482758620689655,0.0,0.0,0.034482758620689655,0.034482758620689655,0.0,0.0,0.06896551724137931,0.034482758620689655,0.0,0.0,0.0,0.0,0.10344827586206896,0.0,0.06896551724137931,0.034482758620689655,0.06896551724137931,0.25,0.03571428571428571,0.07142857142857142,0.03571428571428571,0.10714285714285714,0.03571428571428571,0.0,0.0,0.0,0.03571428571428571,0.07142857142857142,0.0,0.03571428571428571,0.0,0.03571428571428571,0.0,0.0,0.0,0.0,0.03571428571428571,0.10714285714285714,0.0,0.07142857142857142,0.0,0.07142857142857142,0.14814814814814814,0.0,0.14814814814814814,0.0,0.18518518518518517,0.037037037037037035,0.0,0.0,0.0,0.037037037037037035,0.07407407407407407,0.0,0.037037037037037035,0.0,0.037037037037037035,0.037037037037037035,0.0,0.0,0.0,0.0,0.18518518518518517,0.037037037037037035,0.0,0.037037037037037035,0.0,0.3076923076923077,0.038461538461538464,0.0,0.038461538461538464,0.11538461538461539,0.038461538461538464,0.0,0.038461538461538464,0.0,0.0,0.038461538461538464,0.0,0.0,0.0,0.07692307692307693,0.038461538461538464,0.0,0.0,0.0,0.0,0.07692307692307693,0.0,0.11538461538461539,0.0,0.07692307692307693,0.2,0.04,0.16,0.04,0.08,0.0,0.0,0.0,0.0,0.04,0.04,0.0,0.0,0.0,0.08,0.0,0.0,0.0,0.0,0.04,0.24,0.0,0.0,0.0,0.04
0,0.08333333333333333,0.0,0.0,0.0,0.16666666666666666,0.08333333333333333,0.0,0.08333333333333333,0.0,0.0,0.0,0.08333333333333333,0.08333333333333333,0.0,0.08333333333333333,0.0,0.0,0.0,0.0,0.0,0.08333333333333333,0.0,0.08333333333333333,0.0,0.16666666666666666,0.09090909090909091,0.0,0.0,0.0,0.18181818181818182,0.0,0.0,0.09090909090909091,0.0,0.09090909090909091,0.0,0.0,0.09090909090909091,0.0,0.09090909090909091,0.0,0.0,0.0,0.0,0.0,0.09090909090909091,0.09090909090909091,0.09090909090909091,0.0,0.09090909090909091,0.1,0.0,0.0,0.0,0.2,0.1,0.0,0.0,0.0,0.1,0.0,0.0,0.1,0.0,0.0,0.0,0.0,0.0,0.0,0.0,0.0,0.1,0.2,0.0,0.1,0.0,0.0,0.1111111111111111,0.0,0.2222222222222222,0.1111111111111111,0.0,0.0,0.0,0.0,0.0,0.0,0.0,0.0,0.1111111111111111,0.0,0.0,0.0,0.0,0.0,0.0,0.1111111111111111,0.2222222222222222,0.0,0.1111111111111111,0.0,0.125,0.125,0.0,0.125,0.0,0.0,0.0,0.0,0.125,0.0,0.0,0.0,0.0,0.0,0.0,0.0,0.0,0.0,0.0,0.0,0.0,0.25,0.0,0.25,0.0,0.14285714285714285,0.14285714285714285,0.0,0.14285714285714285,0.0,0.0,0.0,0.0,0.14285714285714285,0.0,0.0,0.0,0.0,0.0,0.0,0.0,0.0,0.0,0.0,0.0,0.0,0.2857142857142857,0.0,0.14285714285714285
0,0.5,0.0,0.0,0.0,0.16666666666666666,0.08333333333333333,0.0,0.0,0.0,0.0,0.0,0.0,0.0,0.0,0.0,0.0,0.0,0.0,0.0,0.0,0.16666666666666666,0.0,0.0,0.0,0.08333333333333333,0.45454545454545453,0.0,0.0,0.0,0.18181818181818182,0.09090909090909091,0.0,0.0,0.0,0.0,0.0,0.0,0.0,0.0,0.0,0.0,0.0,0.0,0.0,0.0,0.18181818181818182,0.0,0.0,0.0,0.09090909090909091,0.4,0.0,0.0,0.0,0.2,0.1,0.0,0.0,0.0,0.0,0.0,0.0,0.0,0.0,0.0,0.0,0.0,0.0,0.0,0.0,0.2,0.0,0.0,0.0,0.1,0.3333333333333333,0.0,0.0,0.0,0.3333333333333333,0.1111111111111111,0.0,0.0,0.0,0.0,0.0,0.0,0.0,0.0,0.0,0.0,0.0,0.0,0.0,0.0,0.2222222222222222,0.0,0.0,0.0,0.0,0.25,0.0,0.0,0.0,0.375,0.125,0.0,0.0,0.0,0.0,0.0,0.0,0.0,0.0,0.0,0.0,0.0,0.0,0.0,0.0,0.25,0.0,0.0,0.0,0.0,0.42857142857142855,0.0,0.0,0.0,0.2857142857142857,0.0,0.0,0.0,0.0,0.14285714285714285,0.0,0.0,0.0,0.0,0.0,0.0,0.0,0.0,0.0,0.0,0.14285714285714285,0.0,0.0,0.0,0.0
0,0.3218390804597701,0.022988505747126436,0.034482758620689655,0.0,0.12643678160919541,0.034482758620689655,0.0,0.0,0.011494252873563218,0.022988505747126436,0.011494252873563218,0.0,0.011494252873563218,0.011494252873563218,0.034482758620689655,0.04597701149425287,0.011494252873563218,0.0,0.0,0.0,0.09195402298850575,0.034482758620689655,0.022988505747126436,0.034482758620689655,0.11494252873563218,0.32558139534883723,0.023255813953488372,0.011627906976744186,0.03488372093023256,0.11627906976744186,0.023255813953488372,0.023255813953488372,0.0,0.0,0.023255813953488372,0.011627906976744186,0.0,0.011627906976744186,0.011627906976744186,0.03488372093023256,0.03488372093023256,0.011627906976744186,0.0,0.0,0.011627906976744186,0.11627906976744186,0.011627906976744186,0.046511627906976744,0.011627906976744186,0.10465116279069768,0.2823529411764706,0.047058823529411764,0.058823529411764705,0.023529411764705882,0.09411764705882353,0.047058823529411764,0.0,0.0,0.0,0.023529411764705882,0.023529411764705882,0.0,0.0,0.0,0.047058823529411764,0.023529411764705882,0.0,0.0,0.0,0.03529411764705882,0.12941176470588237,0.023529411764705882,0.011764705882352941,0.03529411764705882,0.09411764705882353,0.2976190476190476,0.03571428571428571,0.023809523809523808,0.03571428571428571,0.11904761904761904,0.023809523809523808,0.0,0.023809523809523808,0.0,0.023809523809523808,0.03571428571428571,0.011904761904761904,0.0,0.011904761904761904,0.011904761904761904,0.011904761904761904,0.011904761904761904,0.0,0.0,0.023809523809523808,0.14285714285714285,0.011904761904761904,0.011904761904761904,0.011904761904761904,0.11904761904761904,0.3132530120481928,0.04819277108433735,0.024096385542168676,0.024096385542168676,0.10843373493975904,0.04819277108433735,0.0,0.012048192771084338,0.0,0.012048192771084338,0.04819277108433735,0.0,0.0,0.0,0.024096385542168676,0.024096385542168676,0.0,0.012048192771084338,0.012048192771084338,0.0,0.08433734939759036,0.024096385542168676,0.012048192771084338,0.012048192771084338,0.1566265060240964,0.2682926829268293,0.06097560975609756,0.024390243902439025,0.012195121951219513,0.14634146341463414,0.012195121951219513,0.0,0.024390243902439025,0.0,0.036585365853658534,0.036585365853658534,0.0,0.0,0.0,0.036585365853658534,0.036585365853658534,0.0,0.012195121951219513,0.0,0.0,0.15853658536585366,0.012195121951219513,0.0,0.036585365853658534,0.08536585365853659
0,0.14285714285714285,0.03571428571428571,0.0,0.03571428571428571,0.17857142857142858,0.03571428571428571,0.0,0.03571428571428571,0.0,0.0,0.07142857142857142,0.0,0.0,0.0,0.03571428571428571,0.0,0.0,0.0,0.0,0.03571428571428571,0.14285714285714285,0.03571428571428571,0.07142857142857142,0.0,0.14285714285714285,0.14814814814814814,0.037037037037037035,0.0,0.0,0.18518518518518517,0.037037037037037035,0.0,0.0,0.0,0.037037037037037035,0.037037037037037035,0.0,0.037037037037037035,0.0,0.037037037037037035,0.0,0.0,0.0,0.0,0.037037037037037035,0.14814814814814814,0.037037037037037035,0.07407407407407407,0.037037037037037035,0.1111111111111111,0.11538461538461539,0.0,0.038461538461538464,0.0,0.19230769230769232,0.038461538461538464,0.0,0.0,0.0,0.038461538461538464,0.038461538461538464,0.038461538461538464,0.0,0.0,0.038461538461538464,0.038461538461538464,0.0,0.0,0.0,0.0,0.15384615384615385,0.038461538461538464,0.07692307692307693,0.0,0.15384615384615385,0.12,0.0,0.04,0.0,0.2,0.04,0.0,0.0,0.0,0.04,0.0,0.0,0.04,0.0,0.04,0.0,0.04,0.0,0.0,0.0,0.24,0.04,0.04,0.0,0.12,0.16666666666666666,0.041666666666666664,0.041666666666666664,0.0,0.125,0.0,0.0,0.0,0.0,0.041666666666666664,0.041666666666666664,0.041666666666666664,0.0,0.0,0.0,0.041666666666666664,0.0,0.0,0.0,0.0,0.16666666666666666,0.0,0.08333333333333333,0.0,0.20833333333333334,0.08695652173913043,0.0,0.08695652173913043,0.0,0.21739130434782608,0.043478260869565216,0.0,0.0,0.0,0.0,0.043478260869565216,0.0,0.043478260869565216,0.0,0.0,0.0,0.0,0.0,0.0,0.043478260869565216,0.21739130434782608,0.08695652173913043,0.0,0.0,0.13043478260869565
0,0.391304347826087,0.0,0.17391304347826086,0.0,0.043478260869565216,0.08695652173913043,0.0,0.0,0.0,0.0,0.13043478260869565,0.043478260869565216,0.043478260869565216,0.0,0.0,0.0,0.0,0.0,0.0,0.0,0.0,0.0,0.043478260869565216,0.0,0.043478260869565216,0.36363636363636365,0.045454545454545456,0.13636363636363635,0.0,0.09090909090909091,0.045454545454545456,0.0,0.045454545454545456,0.0,0.0,0.18181818181818182,0.0,0.0,0.0,0.0,0.0,0.0,0.0,0.0,0.0,0.0,0.0,0.09090909090909091,0.0,0.0,0.38095238095238093,0.047619047619047616,0.14285714285714285,0.0,0.09523809523809523,0.09523809523809523,0.0,0.0,0.0,0.0,0.09523809523809523,0.0,0.09523809523809523,0.0,0.0,0.0,0.0,0.0,0.0,0.0,0.0,0.0,0.047619047619047616,0.0,0.0,0.4,0.0,0.25,0.0,0.05,0.1,0.0,0.0,0.0,0.0,0.05,0.05,0.05,0.0,0.05,0.0,0.0,0.0,0.0,0.0,0.0,0.0,0.0,0.0,0.0,0.2631578947368421,0.05263157894736842,0.3157894736842105,0.0,0.05263157894736842,0.10526315789473684,0.0,0.0,0.0,0.0,0.15789473684210525,0.0,0.0,0.0,0.05263157894736842,0.0,0.0,0.0,0.0,0.0,0.0,0.0,0.0,0.0,0.0,0.3888888888888889,0.05555555555555555,0.16666666666666666,0.0,0.05555555555555555,0.0,0.0,0.05555555555555555,0.0,0.05555555555555555,0.1111111111111111,0.0,0.1111111111111111,0.0,0.0,0.0,0.0,0.0,0.0,0.0,0.0,0.0,0.0,0.0,0.0
0,0.03571428571428571,0.03571428571428571,0.03571428571428571,0.03571428571428571,0.14285714285714285,0.03571428571428571,0.0,0.03571428571428571,0.0,0.0,0.14285714285714285,0.03571428571428571,0.0,0.0,0.03571428571428571,0.0,0.0,0.03571428571428571,0.0,0.0,0.07142857142857142,0.0,0.10714285714285714,0.0,0.21428571428571427,0.1111111111111111,0.0,0.1111111111111111,0.0,0.07407407407407407,0.037037037037037035,0.0,0.0,0.037037037037037035,0.0,0.037037037037037035,0.037037037037037035,0.0,0.0,0.14814814814814814,0.037037037037037035,0.0,0.0,0.0,0.0,0.07407407407407407,0.037037037037037035,0.1111111111111111,0.0,0.14814814814814814,0.15384615384615385,0.038461538461538464,0.07692307692307693,0.0,0.0,0.0,0.0,0.038461538461538464,0.0,0.038461538461538464,0.07692307692307693,0.0,0.038461538461538464,0.038461538461538464,0.07692307692307693,0.0,0.0,0.0,0.0,0.038461538461538464,0.07692307692307693,0.038461538461538464,0.07692307692307693,0.0,0.19230769230769232,0.08,0.0,0.04,0.0,0.16,0.04,0.0,0.0,0.0,0.04,0.08,0.0,0.08,0.0,0.04,0.04,0.0,0.0,0.0,0.0,0.08,0.08,0.08,0.04,0.12,0.125,0.041666666666666664,0.041666666666666664,0.0,0.08333333333333333,0.0,0.0,0.0,0.0,0.041666666666666664,0.08333333333333333,0.0,0.041666666666666664,0.0,0.08333333333333333,0.041666666666666664,0.0,0.0,0.0,0.0,0.08333333333333333,0.041666666666666664,0.125,0.041666666666666664,0.125,0.13043478260869565,0.0,0.08695652173913043,0.0,0.043478260869565216,0.043478260869565216,0.0,0.0,0.0,0.0,0.0,0.08695652173913043,0.043478260869565216,0.0,0.08695652173913043,0.0,0.0,0.0,0.0,0.043478260869565216,0.17391304347826086,0.0,0.08695652173913043,0.043478260869565216,0.13043478260869565
0,0.16216216216216217,0.0,0.08108108108108109,0.02702702702702703,0.05405405405405406,0.02702702702702703,0.02702702702702703,0.05405405405405406,0.0,0.0,0.08108108108108109,0.0,0.05405405405405406,0.08108108108108109,0.08108108108108109,0.0,0.08108108108108109,0.02702702702702703,0.0,0.02702702702702703,0.02702702702702703,0.0,0.08108108108108109,0.02702702702702703,0.0,0.05555555555555555,0.027777777777777776,0.08333333333333333,0.08333333333333333,0.08333333333333333,0.0,0.0,0.1111111111111111,0.0,0.0,0.1111111111111111,0.05555555555555555,0.08333333333333333,0.027777777777777776,0.027777777777777776,0.05555555555555555,0.027777777777777776,0.027777777777777776,0.0,0.0,0.05555555555555555,0.0,0.0,0.027777777777777776,0.05555555555555555,0.08571428571428572,0.11428571428571428,0.05714285714285714,0.05714285714285714,0.02857142857142857,0.02857142857142857,0.0,0.02857142857142857,0.0,0.05714285714285714,0.11428571428571428,0.0,0.08571428571428572,0.05714285714285714,0.05714285714285714,0.02857142857142857,0.0,0.08571428571428572,0.0,0.0,0.0,0.0,0.05714285714285714,0.02857142857142857,0.02857142857142857,0.08823529411764706,0.08823529411764706,0.08823529411764706,0.058823529411764705,0.029411764705882353,0.058823529411764705,0.0,0.029411764705882353,0.0,0.029411764705882353,0.029411764705882353,0.029411764705882353,0.11764705882352941,0.058823529411764705,0.058823529411764705,0.029411764705882353,0.0,0.058823529411764705,0.0,0.029411764705882353,0.029411764705882353,0.0,0.029411764705882353,0.029411764705882353,0.029411764705882353,0.0,0.06060606060606061,0.18181818181818182,0.06060606060606061,0.06060606060606061,0.030303030303030304,0.0,0.030303030303030304,0.030303030303030304,0.030303030303030304,0.12121212121212122,0.030303030303030304,0.12121212121212122,0.0,0.030303030303030304,0.06060606060606061,0.0,0.0,0.030303030303030304,0.030303030303030304,0.030303030303030304,0.030303030303030304,0.0,0.0,0.030303030303030304,0.03125,0.0625,0.125,0.03125,0.09375,0.0,0.0,0.0625,0.03125,0.03125,0.15625,0.0,0.09375,0.03125,0.03125,0.03125,0.03125,0.03125,0.0,0.03125,0.03125,0.0,0.03125,0.03125,0.0
0,0.25,0.08333333333333333,0.08333333333333333,0.0,0.16666666666666666,0.16666666666666666,0.0,0.0,0.0,0.0,0.08333333333333333,0.0,0.0,0.0,0.0,0.0,0.0,0.0,0.0,0.0,0.16666666666666666,0.0,0.0,0.0,0.0,0.45454545454545453,0.0,0.09090909090909091,0.0,0.0,0.0,0.0,0.0,0.0,0.18181818181818182,0.09090909090909091,0.0,0.0,0.0,0.0,0.0,0.0,0.0,0.0,0.0,0.09090909090909091,0.09090909090909091,0.0,0.0,0.0,0.3,0.1,0.1,0.0,0.1,0.2,0.0,0.0,0.0,0.0,0.0,0.0,0.0,0.0,0.0,0.0,0.0,0.0,0.0,0.0,0.2,0.0,0.0,0.0,0.0,0.5555555555555556,0.0,0.0,0.0,0.0,0.1111111111111111,0.1111111111111111,0.0,0.0,0.0,0.0,0.0,0.0,0.0,0.0,0.0,0.0,0.0,0.0,0.0,0.0,0.0,0.1111111111111111,0.0,0.1111111111111111,0.25,0.0,0.125,0.0,0.125,0.25,0.0,0.0,0.0,0.0,0.0,0.0,0.0,0.0,0.0,0.0,0.0,0.0,0.0,0.0,0.25,0.0,0.0,0.0,0.0,0.42857142857142855,0.0,0.0,0.0,0.0,0.0,0.0,0.14285714285714285,0.0,0.14285714285714285,0.0,0.0,0.0,0.0,0.0,0.0,0.0,0.0,0.0,0.0,0.2857142857142857,0.0,0.0,0.0,0.0
0,0.07407407407407407,0.07407407407407407,0.0,0.037037037037037035,0.14814814814814814,0.0,0.037037037037037035,0.0,0.0,0.07407407407407407,0.07407407407407407,0.0,0.0,0.0,0.0,0.0,0.0,0.0,0.0,0.037037037037037035,0.18518518518518517,0.0,0.07407407407407407,0.0,0.18518518518518517,0.038461538461538464,0.07692307692307693,0.038461538461538464,0.0,0.19230769230769232,0.038461538461538464,0.0,0.0,0.0,0.07692307692307693,0.07692307692307693,0.0,0.0,0.0,0.0,0.038461538461538464,0.0,0.0,0.0,0.0,0.11538461538461539,0.038461538461538464,0.038461538461538464,0.038461538461538464,0.19230769230769232,0.08,0.0,0.08,0.04,0.16,0.08,0.0,0.0,0.0,0.04,0.0,0.04,0.0,0.0,0.04,0.0,0.0,0.0,0.0,0.04,0.16,0.04,0.0,0.0,0.2,0.20833333333333334,0.0,0.0,0.0,0.16666666666666666,0.0,0.0,0.0,0.0,0.125,0.0,0.0,0.041666666666666664,0.0,0.041666666666666664,0.0,0.0,0.0,0.0,0.041666666666666664,0.125,0.041666666666666664,0.041666666666666664,0.041666666666666664,0.125,0.17391304347826086,0.043478260869565216,0.0,0.0,0.13043478260869565,0.043478260869565216,0.0,0.043478260869565216,0.0,0.043478260869565216,0.043478260869565216,0.0,0.0,0.0,0.043478260869565216,0.0,0.0,0.0,0.0,0.043478260869565216,0.08695652173913043,0.0,0.043478260869565216,0.043478260869565216,0.21739130434782608,0.045454545454545456,0.045454545454545456,0.0,0.0,0.2727272727272727,0.045454545454545456,0.0,0.045454545454545456,0.045454545454545456,0.0,0.09090909090909091,0.0,0.0,0.0,0.0,0.0,0.0,0.0,0.0,0.045454545454545456,0.13636363636363635,0.0,0.045454545454545456,0.0,0.18181818181818182
0,0.2777777777777778,0.0,0.05555555555555555,0.0,0.2222222222222222,0.05555555555555555,0.0,0.0,0.0,0.0,0.05555555555555555,0.0,0.05555555555555555,0.0,0.0,0.0,0.0,0.0,0.0,0.0,0.2222222222222222,0.0,0.0,0.0,0.05555555555555555,0.23529411764705882,0.0,0.11764705882352941,0.0,0.23529411764705882,0.0,0.0,0.0,0.0,0.058823529411764705,0.058823529411764705,0.0,0.0,0.0,0.0,0.0,0.0,0.0,0.0,0.0,0.29411764705882354,0.0,0.0,0.0,0.0,0.4375,0.0,0.0625,0.0,0.125,0.0625,0.0,0.0,0.0,0.0,0.0,0.0,0.0,0.0,0.0,0.0,0.0,0.0,0.0,0.0,0.125,0.0,0.0625,0.0,0.125,0.4666666666666667,0.0,0.06666666666666667,0.0,0.06666666666666667,0.06666666666666667,0.0,0.0,0.0,0.0,0.0,0.0,0.0,0.0,0.0,0.0,0.0,0.0,0.0,0.0,0.06666666666666667,0.0,0.06666666666666667,0.0,0.2,0.21428571428571427,0.0,0.14285714285714285,0.0,0.21428571428571427,0.0,0.0,0.0,0.0,0.07142857142857142,0.0,0.0,0.0,0.0,0.0,0.0,0.0,0.0,0.0,0.0,0.35714285714285715,0.0,0.0,0.0,0.0,0.3076923076923077,0.0,0.15384615384615385,0.0,0.15384615384615385,0.0,0.0,0.0,0.0,0.07692307692307693,0.0,0.0,0.0,0.0,0.0,0.0,0.0,0.0,0.0,0.0,0.3076923076923077,0.0,0.0,0.0,0.0
0,0.12359550561797752,0.0,0.0449438202247191,0.0,0.20224719101123595,0.011235955056179775,0.011235955056179775,0.0,0.0,0.011235955056179775,0.02247191011235955,0.0,0.011235955056179775,0.0,0.056179775280898875,0.0,0.0,0.011235955056179775,0.0,0.0,0.20224719101123595,0.02247191011235955,0.02247191011235955,0.011235955056179775,0.23595505617977527,0.06818181818181818,0.022727272727272728,0.03409090909090909,0.0,0.23863636363636365,0.022727272727272728,0.0,0.011363636363636364,0.0,0.0,0.03409090909090909,0.0,0.0,0.0,0.056818181818181816,0.0,0.0,0.011363636363636364,0.0,0.0,0.22727272727272727,0.011363636363636364,0.03409090909090909,0.011363636363636364,0.2159090909090909,0.10344827586206896,0.022988505747126436,0.011494252873563218,0.0,0.22988505747126436,0.022988505747126436,0.0,0.0,0.0,0.011494252873563218,0.034482758620689655,0.0,0.011494252873563218,0.0,0.04597701149425287,0.0,0.0,0.0,0.0,0.011494252873563218,0.19540229885057472,0.011494252873563218,0.06896551724137931,0.011494252873563218,0.20689655172413793,0.1744186046511628,0.011627906976744186,0.011627906976744186,0.0,0.1744186046511628,0.023255813953488372,0.0,0.0,0.0,0.011627906976744186,0.011627906976744186,0.0,0.011627906976744186,0.011627906976744186,0.05813953488372093,0.011627906976744186,0.0,0.0,0.0,0.0,0.13953488372093023,0.023255813953488372,0.06976744186046512,0.0,0.2558139534883721,0.10588235294117647,0.011764705882352941,0.047058823529411764,0.011764705882352941,0.18823529411764706,0.023529411764705882,0.0,0.011764705882352941,0.0,0.0,0.023529411764705882,0.0,0.011764705882352941,0.0,0.058823529411764705,0.0,0.0,0.0,0.0,0.011764705882352941,0.21176470588235294,0.023529411764705882,0.023529411764705882,0.0,0.23529411764705882,0.11904761904761904,0.023809523809523808,0.047619047619047616,0.011904761904761904,0.16666666666666666,0.023809523809523808,0.0,0.0,0.0,0.011904761904761904,0.03571428571428571,0.0,0.011904761904761904,0.0,0.047619047619047616,0.0,0.0,0.0,0.0,0.011904761904761904,0.19047619047619047,0.011904761904761904,0.03571428571428571,0.0,0.25
0,0.05263157894736842,0.0,0.05263157894736842,0.05263157894736842,0.0,0.0,0.0,0.0,0.0,0.05263157894736842,0.0,0.0,0.0,0.05263157894736842,0.21052631578947367,0.0,0.05263157894736842,0.05263157894736842,0.0,0.05263157894736842,0.10526315789473684,0.0,0.15789473684210525,0.05263157894736842,0.05263157894736842,0.0,0.05555555555555555,0.0,0.1111111111111111,0.0,0.0,0.0,0.0,0.05555555555555555,0.0,0.05555555555555555,0.0,0.16666666666666666,0.0,0.05555555555555555,0.05555555555555555,0.0,0.0,0.0,0.1111111111111111,0.0,0.0,0.1111111111111111,0.0,0.2222222222222222,0.0,0.058823529411764705,0.058823529411764705,0.0,0.058823529411764705,0.0,0.0,0.0,0.0,0.058823529411764705,0.0,0.0,0.058823529411764705,0.0,0.17647058823529413,0.0,0.0,0.058823529411764705,0.058823529411764705,0.058823529411764705,0.11764705882352941,0.0,0.11764705882352941,0.058823529411764705,0.058823529411764705,0.0,0.0,0.0,0.0625,0.125,0.0625,0.0,0.0,0.0,0.0,0.0625,0.0,0.0625,0.0,0.125,0.0,0.0,0.0625,0.0625,0.0625,0.0,0.0,0.1875,0.0,0.125,0.0,0.0,0.0,0.06666666666666667,0.13333333333333333,0.0,0.0,0.06666666666666667,0.0,0.0,0.0,0.0,0.13333333333333333,0.0,0.06666666666666667,0.06666666666666667,0.0,0.06666666666666667,0.0,0.06666666666666667,0.06666666666666667,0.0,0.06666666666666667,0.06666666666666667,0.13333333333333333,0.07142857142857142,0.0,0.07142857142857142,0.0,0.07142857142857142,0.0,0.0,0.0,0.07142857142857142,0.0,0.07142857142857142,0.0,0.0,0.0,0.14285714285714285,0.0,0.0,0.14285714285714285,0.0,0.07142857142857142,0.0,0.0,0.14285714285714285,0.0,0.14285714285714285
0,0.16666666666666666,0.16666666666666666,0.08333333333333333,0.0,0.0,0.08333333333333333,0.0,0.0,0.0,0.08333333333333333,0.08333333333333333,0.0,0.0,0.0,0.08333333333333333,0.0,0.0,0.0,0.0,0.0,0.0,0.0,0.08333333333333333,0.0,0.16666666666666666,0.18181818181818182,0.09090909090909091,0.09090909090909091,0.0,0.09090909090909091,0.09090909090909091,0.0,0.09090909090909091,0.0,0.0,0.0,0.09090909090909091,0.0,0.0,0.09090909090909091,0.0,0.0,0.0,0.0,0.0,0.0,0.0,0.0,0.0,0.18181818181818182,0.3,0.1,0.1,0.0,0.0,0.0,0.0,0.1,0.0,0.1,0.0,0.0,0.0,0.0,0.2,0.0,0.0,0.0,0.0,0.0,0.0,0.0,0.0,0.0,0.1,0.1111111111111111,0.1111111111111111,0.1111111111111111,0.0,0.2222222222222222,0.1111111111111111,0.0,0.0,0.0,0.1111111111111111,0.0,0.0,0.1111111111111111,0.0,0.0,0.0,0.0,0.0,0.0,0.0,0.0,0.0,0.0,0.0,0.1111111111111111,0.125,0.0,0.25,0.0,0.25,0.0,0.125,0.0,0.0,0.125,0.0,0.0,0.0,0.0,0.125,0.0,0.0,0.0,0.0,0.0,0.0,0.0,0.0,0.0,0.0,0.14285714285714285,0.14285714285714285,0.14285714285714285,0.0,0.2857142857142857,0.0,0.0,0.0,0.0,0.14285714285714285,0.0,0.0,0.0,0.0,0.14285714285714285,0.0,0.0,0.0,0.0,0.0,0.0,0.0,0.0,0.0,0.0
0,0.3076923076923077,0.07692307692307693,0.0,0.0,0.23076923076923078,0.15384615384615385,0.0,0.0,0.0,0.0,0.0,0.0,0.0,0.0,0.0,0.0,0.0,0.0,0.0,0.0,0.23076923076923078,0.0,0.0,0.0,0.0,0.4166666666666667,0.0,0.0,0.0,0.25,0.08333333333333333,0.0,0.0,0.0,0.0,0.0,0.0,0.0,0.0,0.0,0.0,0.0,0.0,0.0,0.0,0.16666666666666666,0.08333333333333333,0.0,0.0,0.0,0.45454545454545453,0.09090909090909091,0.0,0.0,0.09090909090909091,0.0,0.0,0.0,0.0,0.09090909090909091,0.0,0.0,0.0,0.0,0.0,0.0,0.0,0.0,0.0,0.0,0.18181818181818182,0.0,0.0,0.0,0.09090909090909091,0.5,0.1,0.0,0.0,0.1,0.1,0.0,0.0,0.0,0.0,0.0,0.0,0.0,0.0,0.0,0.0,0.0,0.0,0.0,0.0,0.1,0.0,0.0,0.0,0.1,0.3333333333333333,0.1111111111111111,0.0,0.0,0.2222222222222222,0.1111111111111111,0.0,0.0,0.0,0.0,0.0,0.0,0.0,0.0,0.0,0.0,0.0,0.0,0.0,0.0,0.2222222222222222,0.0,0.0,0.0,0.0,0.5,0.0,0.0,0.0,0.125,0.0,0.0,0.0,0.0,0.125,0.0,0.0,0.0,0.0,0.0,0.0,0.0,0.0,0.0,0.0,0.125,0.125,0.0,0.0,0.0
0,0.18421052631578946,0.013157894736842105,0.06578947368421052,0.07894736842105263,0.14473684210526316,0.039473684210526314,0.0,0.0,0.0,0.0,0.09210526315789473,0.0,0.0,0.013157894736842105,0.013157894736842105,0.02631578947368421,0.0,0.02631578947368421,0.013157894736842105,0.06578947368421052,0.13157894736842105,0.02631578947368421,0.02631578947368421,0.02631578947368421,0.013157894736842105,0.18666666666666668,0.013333333333333334,0.04,0.08,0.16,0.02666666666666667,0.0,0.0,0.013333333333333334,0.0,0.04,0.013333333333333334,0.013333333333333334,0.013333333333333334,0.04,0.12,0.0,0.013333333333333334,0.0,0.0,0.09333333333333334,0.013333333333333334,0.05333333333333334,0.02666666666666667,0.04,0.21621621621621623,0.04054054054054054,0.05405405405405406,0.05405405405405406,0.12162162162162163,0.0,0.0,0.0,0.013513513513513514,0.02702702702702703,0.05405405405405406,0.0,0.0,0.02702702702702703,0.02702702702702703,0.06756756756756757,0.0,0.04054054054054054,0.0,0.02702702702702703,0.12162162162162163,0.0,0.02702702702702703,0.04054054054054054,0.04054054054054054,0.2465753424657534,0.0136986301369863,0.0410958904109589,0.0684931506849315,0.1095890410958904,0.0273972602739726,0.0,0.0,0.0136986301369863,0.0,0.0136986301369863,0.0273972602739726,0.0136986301369863,0.0136986301369863,0.0410958904109589,0.0821917808219178,0.0,0.0136986301369863,0.0136986301369863,0.0273972602739726,0.0821917808219178,0.0,0.0547945205479452,0.0273972602739726,0.0684931506849315,0.2222222222222222,0.013888888888888888,0.08333333333333333,0.06944444444444445,0.09722222222222222,0.013888888888888888,0.0,0.0,0.0,0.027777777777777776,0.06944444444444445,0.0,0.013888888888888888,0.0,0.013888888888888888,0.06944444444444445,0.013888888888888888,0.013888888888888888,0.0,0.041666666666666664,0.08333333333333333,0.013888888888888888,0.013888888888888888,0.06944444444444445,0.05555555555555555,0.15492957746478872,0.014084507042253521,0.09859154929577464,0.07042253521126761,0.15492957746478872,0.028169014084507043,0.0,0.0,0.014084507042253521,0.0,0.09859154929577464,0.0,0.0,0.0,0.0,0.056338028169014086,0.0,0.014084507042253521,0.056338028169014086,0.0,0.1267605633802817,0.028169014084507043,0.014084507042253521,0.0,0.07042253521126761
0,0.15384615384615385,0.02564102564102564,0.10256410256410256,0.0,0.1794871794871795,0.0,0.0,0.0,0.0,0.02564102564102564,0.07692307692307693,0.0,0.02564102564102564,0.0,0.07692307692307693,0.02564102564102564,0.0,0.0,0.0,0.0,0.1794871794871795,0.0,0.05128205128205128,0.02564102564102564,0.05128205128205128,0.15789473684210525,0.02631578947368421,0.15789473684210525,0.0,0.13157894736842105,0.0,0.0,0.0,0.0,0.02631578947368421,0.10526315789473684,0.0,0.0,0.0,0.05263157894736842,0.02631578947368421,0.0,0.0,0.0,0.0,0.15789473684210525,0.0,0.02631578947368421,0.02631578947368421,0.10526315789473684,0.21621621621621623,0.0,0.02702702702702703,0.02702702702702703,0.21621621621621623,0.02702702702702703,0.0,0.0,0.0,0.0,0.05405405405405406,0.02702702702702703,0.02702702702702703,0.0,0.05405405405405406,0.0,0.0,0.0,0.0,0.02702702702702703,0.16216216216216217,0.0,0.13513513513513514,0.0,0.0,0.19444444444444445,0.0,0.1111111111111111,0.0,0.16666666666666666,0.0,0.0,0.027777777777777776,0.0,0.0,0.08333333333333333,0.0,0.027777777777777776,0.0,0.05555555555555555,0.027777777777777776,0.0,0.0,0.0,0.0,0.16666666666666666,0.027777777777777776,0.027777777777777776,0.0,0.08333333333333333,0.22857142857142856,0.02857142857142857,0.14285714285714285,0.0,0.08571428571428572,0.02857142857142857,0.0,0.0,0.0,0.0,0.11428571428571428,0.0,0.0,0.0,0.05714285714285714,0.0,0.0,0.0,0.0,0.02857142857142857,0.08571428571428572,0.0,0.05714285714285714,0.0,0.14285714285714285,0.20588235294117646,0.0,0.08823529411764706,0.0,0.17647058823529413,0.029411764705882353,0.0,0.0,0.0,0.0,0.058823529411764705,0.029411764705882353,0.058823529411764705,0.0,0.029411764705882353,0.029411764705882353,0.0,0.0,0.0,0.0,0.11764705882352941,0.0,0.058823529411764705,0.0,0.11764705882352941
0,0.125,0.0,0.0625,0.0,0.1875,0.125,0.0,0.0,0.0,0.0,0.0,0.0625,0.125,0.0,0.0625,0.0,0.0,0.0,0.0,0.0,0.125,0.0,0.0625,0.0,0.0625,0.13333333333333333,0.0,0.2,0.0,0.06666666666666667,0.0,0.0,0.0,0.0,0.13333333333333333,0.06666666666666667,0.06666666666666667,0.0,0.0,0.06666666666666667,0.0,0.0,0.0,0.0,0.0,0.13333333333333333,0.0,0.06666666666666667,0.0,0.06666666666666667,0.14285714285714285,0.07142857142857142,0.21428571428571427,0.0,0.0,0.07142857142857142,0.0,0.0,0.0,0.07142857142857142,0.07142857142857142,0.0,0.0,0.0,0.07142857142857142,0.0,0.0,0.0,0.0,0.0,0.07142857142857142,0.0,0.07142857142857142,0.0,0.14285714285714285,0.15384615384615385,0.07692307692307693,0.07692307692307693,0.0,0.15384615384615385,0.15384615384615385,0.0,0.0,0.0,0.0,0.0,0.0,0.0,0.0,0.15384615384615385,0.0,0.0,0.0,0.0,0.0,0.0,0.0,0.23076923076923078,0.0,0.0,0.08333333333333333,0.08333333333333333,0.16666666666666666,0.0,0.08333333333333333,0.08333333333333333,0.0,0.0,0.0,0.08333333333333333,0.08333333333333333,0.0,0.0,0.0,0.08333333333333333,0.0,0.0,0.0,0.0,0.0,0.0,0.0,0.16666666666666666,0.0,0.08333333333333333,0.09090909090909091,0.0,0.18181818181818182,0.0,0.18181818181818182,0.0,0.0,0.18181818181818182,0.0,0.0,0.09090909090909091,0.0,0.0,0.0,0.09090909090909091,0.0,0.0,0.0,0.0,0.0,0.0,0.09090909090909091,0.0,0.0,0.09090909090909091
0,0.05714285714285714,0.08571428571428572,0.05714285714285714,0.0,0.05714285714285714,0.02857142857142857,0.0,0.0,0.02857142857142857,0.05714285714285714,0.11428571428571428,0.0,0.0,0.0,0.08571428571428572,0.02857142857142857,0.0,0.02857142857142857,0.02857142857142857,0.02857142857142857,0.02857142857142857,0.02857142857142857,0.11428571428571428,0.02857142857142857,0.11428571428571428,0.058823529411764705,0.0,0.058823529411764705,0.058823529411764705,0.08823529411764706,0.029411764705882353,0.029411764705882353,0.0,0.0,0.029411764705882353,0.029411764705882353,0.029411764705882353,0.058823529411764705,0.0,0.08823529411764706,0.029411764705882353,0.0,0.058823529411764705,0.0,0.029411764705882353,0.08823529411764706,0.058823529411764705,0.029411764705882353,0.029411764705882353,0.11764705882352941,0.06060606060606061,0.030303030303030304,0.06060606060606061,0.030303030303030304,0.06060606060606061,0.0,0.030303030303030304,0.030303030303030304,0.0,0.030303030303030304,0.06060606060606061,0.030303030303030304,0.0,0.030303030303030304,0.09090909090909091,0.06060606060606061,0.0,0.030303030303030304,0.0,0.030303030303030304,0.06060606060606061,0.030303030303030304,0.09090909090909091,0.030303030303030304,0.12121212121212122,0.0,0.03125,0.09375,0.0,0.125,0.0,0.0,0.0,0.03125,0.03125,0.0625,0.03125,0.03125,0.03125,0.0625,0.09375,0.0,0.0,0.0,0.03125,0.09375,0.0625,0.0625,0.03125,0.09375,0.06451612903225806,0.0,0.03225806451612903,0.06451612903225806,0.0967741935483871,0.0,0.0,0.0,0.0,0.06451612903225806,0.0,0.06451612903225806,0.06451612903225806,0.0,0.0967741935483871,0.03225806451612903,0.03225806451612903,0.03225806451612903,0.0,0.03225806451612903,0.12903225806451613,0.03225806451612903,0.06451612903225806,0.03225806451612903,0.06451612903225806,0.03333333333333333,0.03333333333333333,0.0,0.03333333333333333,0.16666666666666666,0.0,0.03333333333333333,0.03333333333333333,0.0,0.0,0.1,0.0,0.03333333333333333,0.03333333333333333,0.06666666666666667,0.03333333333333333,0.0,0.03333333333333333,0.03333333333333333,0.03333333333333333,0.06666666666666667,0.06666666666666667,0.1,0.0,0.06666666666666667
0,0.25,0.09375,0.0625,0.03125,0.0625,0.03125,0.0,0.0625,0.0,0.0,0.0625,0.0,0.0,0.0,0.125,0.0,0.0,0.03125,0.0,0.0,0.125,0.0,0.03125,0.0,0.03125,0.12903225806451613,0.06451612903225806,0.1935483870967742,0.0,0.12903225806451613,0.06451612903225806,0.0,0.0,0.0,0.03225806451612903,0.12903225806451613,0.0,0.0,0.03225806451612903,0.03225806451612903,0.0,0.0,0.0,0.0,0.03225806451612903,0.16129032258064516,0.0,0.0,0.0,0.0,0.26666666666666666,0.0,0.1,0.0,0.16666666666666666,0.1,0.0,0.0,0.0,0.0,0.1,0.03333333333333333,0.03333333333333333,0.0,0.0,0.0,0.0,0.0,0.0,0.03333333333333333,0.03333333333333333,0.03333333333333333,0.03333333333333333,0.03333333333333333,0.03333333333333333,0.3793103448275862,0.0,0.034482758620689655,0.034482758620689655,0.10344827586206896,0.034482758620689655,0.034482758620689655,0.034482758620689655,0.0,0.0,0.0,0.034482758620689655,0.06896551724137931,0.0,0.06896551724137931,0.0,0.0,0.0,0.0,0.0,0.06896551724137931,0.0,0.034482758620689655,0.0,0.06896551724137931,0.2857142857142857,0.03571428571428571,0.10714285714285714,0.03571428571428571,0.07142857142857142,0.0,0.03571428571428571,0.03571428571428571,0.0,0.03571428571428571,0.07142857142857142,0.0,0.0,0.0,0.10714285714285714,0.0,0.0,0.0,0.0,0.0,0.10714285714285714,0.0,0.03571428571428571,0.0,0.03571428571428571,0.1111111111111111,0.037037037037037035,0.18518518518518517,0.037037037037037035,0.18518518518518517,0.07407407407407407,0.0,0.0,0.0,0.037037037037037035,0.14814814814814814,0.0,0.0,0.0,0.0,0.0,0.0,0.0,0.0,0.0,0.14814814814814814,0.0,0.0,0.0,0.037037037037037035
0,0.5,0.08333333333333333,0.08333333333333333,0.0,0.08333333333333333,0.08333333333333333,0.0,0.0,0.0,0.0,0.08333333333333333,0.0,0.0,0.0,0.0,0.0,0.0,0.0,0.0,0.0,0.08333333333333333,0.0,0.0,0.0,0.0,0.45454545454545453,0.09090909090909091,0.09090909090909091,0.0,0.09090909090909091,0.09090909090909091,0.0,0.0,0.0,0.0,0.09090909090909091,0.0,0.0,0.0,0.0,0.0,0.0,0.0,0.0,0.0,0.09090909090909091,0.0,0.0,0.0,0.0,0.6,0.0,0.1,0.0,0.0,0.1,0.0,0.0,0.0,0.0,0.0,0.0,0.0,0.0,0.1,0.0,0.0,0.0,0.0,0.0,0.0,0.1,0.0,0.0,0.0,0.4444444444444444,0.1111111111111111,0.1111111111111111,0.0,0.1111111111111111,0.1111111111111111,0.0,0.0,0.0,0.0,0.1111111111111111,0.0,0.0,0.0,0.0,0.0,0.0,0.0,0.0,0.0,0.0,0.0,0.0,0.0,0.0,0.375,0.125,0.125,0.0,0.125,0.125,0.0,0.0,0.0,0.0,0.125,0.0,0.0,0.0,0.0,0.0,0.0,0.0,0.0,0.0,0.0,0.0,0.0,0.0,0.0,0.5714285714285714,0.0,0.0,0.0,0.14285714285714285,0.0,0.0,0.14285714285714285,0.0,0.0,0.0,0.14285714285714285,0.0,0.0,0.0,0.0,0.0,0.0,0.0,0.0,0.0,0.0,0.0,0.0,0.0
0,0.14285714285714285,0.03571428571428571,0.10714285714285714,0.07142857142857142,0.10714285714285714,0.03571428571428571,0.0,0.0,0.0,0.0,0.07142857142857142,0.0,0.0,0.0,0.10714285714285714,0.0,0.0,0.0,0.0,0.07142857142857142,0.17857142857142858,0.0,0.07142857142857142,0.0,0.0,0.1111111111111111,0.0,0.07407407407407407,0.037037037037037035,0.2222222222222222,0.0,0.0,0.0,0.037037037037037035,0.0,0.07407407407407407,0.0,0.037037037037037035,0.0,0.07407407407407407,0.07407407407407407,0.0,0.0,0.0,0.0,0.18518518518518517,0.0,0.07407407407407407,0.0,0.0,0.2692307692307692,0.0,0.038461538461538464,0.038461538461538464,0.11538461538461539,0.0,0.0,0.0,0.0,0.038461538461538464,0.11538461538461539,0.0,0.038461538461538464,0.0,0.0,0.0,0.0,0.07692307692307693,0.0,0.0,0.038461538461538464,0.0,0.038461538461538464,0.038461538461538464,0.15384615384615385,0.28,0.0,0.08,0.04,0.08,0.04,0.0,0.0,0.0,0.0,0.08,0.0,0.04,0.0,0.04,0.0,0.0,0.0,0.0,0.08,0.04,0.0,0.08,0.0,0.12,0.16666666666666666,0.0,0.08333333333333333,0.041666666666666664,0.16666666666666666,0.0,0.0,0.041666666666666664,0.0,0.0,0.0,0.0,0.041666666666666664,0.0,0.125,0.041666666666666664,0.0,0.041666666666666664,0.0,0.0,0.25,0.0,0.0,0.0,0.0,0.13043478260869565,0.0,0.13043478260869565,0.043478260869565216,0.17391304347826086,0.0,0.0,0.0,0.0,0.043478260869565216,0.13043478260869565,0.0,0.0,0.0,0.0,0.08695652173913043,0.0,0.0,0.0,0.0,0.08695652173913043,0.0,0.08695652173913043,0.0,0.08695652173913043
0,0.0,0.025,0.05,0.0,0.075,0.025,0.0,0.025,0.025,0.075,0.05,0.0,0.0,0.0,0.175,0.0,0.05,0.0,0.0,0.0,0.075,0.075,0.175,0.0,0.1,0.02564102564102564,0.02564102564102564,0.05128205128205128,0.0,0.05128205128205128,0.05128205128205128,0.02564102564102564,0.0,0.0,0.07692307692307693,0.02564102564102564,0.05128205128205128,0.10256410256410256,0.0,0.05128205128205128,0.0,0.0,0.0,0.02564102564102564,0.02564102564102564,0.05128205128205128,0.02564102564102564,0.10256410256410256,0.0,0.23076923076923078,0.02631578947368421,0.0,0.05263157894736842,0.0,0.07894736842105263,0.0,0.0,0.13157894736842105,0.0,0.02631578947368421,0.02631578947368421,0.0,0.02631578947368421,0.0,0.15789473684210525,0.02631578947368421,0.02631578947368421,0.0,0.0,0.0,0.07894736842105263,0.10526315789473684,0.05263157894736842,0.0,0.18421052631578946,0.02702702702702703,0.0,0.05405405405405406,0.0,0.08108108108108109,0.05405405405405406,0.0,0.0,0.0,0.10810810810810811,0.0,0.10810810810810811,0.05405405405405406,0.0,0.05405405405405406,0.0,0.0,0.02702702702702703,0.0,0.02702702702702703,0.08108108108108109,0.0,0.13513513513513514,0.0,0.1891891891891892,0.027777777777777776,0.027777777777777776,0.05555555555555555,0.0,0.05555555555555555,0.0,0.0,0.1111111111111111,0.0,0.05555555555555555,0.027777777777777776,0.0,0.08333333333333333,0.0,0.08333333333333333,0.05555555555555555,0.0,0.0,0.0,0.0,0.05555555555555555,0.08333333333333333,0.027777777777777776,0.0,0.25,0.0,0.02857142857142857,0.05714285714285714,0.0,0.08571428571428572,0.05714285714285714,0.0,0.0,0.0,0.08571428571428572,0.05714285714285714,0.0,0.0,0.0,0.14285714285714285,0.0,0.0,0.02857142857142857,0.0,0.02857142857142857,0.02857142857142857,0.08571428571428572,0.2,0.0,0.11428571428571428
0,0.30434782608695654,0.043478260869565216,0.08695652173913043,0.0,0.13043478260869565,0.043478260869565216,0.0,0.043478260869565216,0.0,0.0,0.08695652173913043,0.0,0.043478260869565216,0.0,0.043478260869565216,0.0,0.0,0.0,0.0,0.0,0.13043478260869565,0.0,0.0,0.0,0.043478260869565216,0.2727272727272727,0.0,0.13636363636363635,0.0,0.18181818181818182,0.045454545454545456,0.0,0.045454545454545456,0.0,0.0,0.09090909090909091,0.0,0.0,0.0,0.045454545454545456,0.0,0.0,0.0,0.0,0.0,0.13636363636363635,0.045454545454545456,0.0,0.0,0.0,0.42857142857142855,0.0,0.09523809523809523,0.0,0.09523809523809523,0.0,0.0,0.0,0.0,0.09523809523809523,0.047619047619047616,0.0,0.0,0.0,0.047619047619047616,0.0,0.0,0.0,0.0,0.0,0.047619047619047616,0.047619047619047616,0.09523809523809523,0.0,0.0,0.4,0.05,0.05,0.0,0.15,0.05,0.0,0.0,0.0,0.0,0.05,0.0,0.05,0.0,0.0,0.0,0.0,0.0,0.0,0.0,0.05,0.0,0.1,0.0,0.05,0.3157894736842105,0.05263157894736842,0.15789473684210525,0.0,0.10526315789473684,0.05263157894736842,0.0,0.0,0.0,0.0,0.10526315789473684,0.0,0.0,0.0,0.0,0.0,0.0,0.0,0.0,0.0,0.05263157894736842,0.0,0.05263157894736842,0.0,0.10526315789473684,0.2777777777777778,0.05555555555555555,0.16666666666666666,0.0,0.16666666666666666,0.0,0.0,0.05555555555555555,0.0,0.0,0.1111111111111111,0.0,0.0,0.0,0.0,0.0,0.0,0.0,0.0,0.0,0.1111111111111111,0.0,0.0,0.0,0.05555555555555555
0,0.3076923076923077,0.0,0.07692307692307693,0.0,0.15384615384615385,0.07692307692307693,0.0,0.0,0.0,0.0,0.07692307692307693,0.0,0.07692307692307693,0.0,0.07692307692307693,0.0,0.0,0.0,0.0,0.0,0.07692307692307693,0.0,0.07692307692307693,0.0,0.0,0.16666666666666666,0.0,0.25,0.0,0.16666666666666666,0.08333333333333333,0.0,0.0,0.0,0.0,0.08333333333333333,0.0,0.0,0.0,0.08333333333333333,0.0,0.0,0.0,0.0,0.0,0.16666666666666666,0.0,0.0,0.0,0.0,0.2727272727272727,0.0,0.18181818181818182,0.0,0.18181818181818182,0.0,0.0,0.0,0.0,0.09090909090909091,0.0,0.0,0.09090909090909091,0.0,0.0,0.0,0.0,0.0,0.0,0.0,0.18181818181818182,0.0,0.0,0.0,0.0,0.4,0.0,0.1,0.0,0.1,0.1,0.0,0.0,0.0,0.0,0.0,0.0,0.1,0.0,0.0,0.0,0.0,0.0,0.0,0.0,0.0,0.0,0.1,0.0,0.1,0.3333333333333333,0.0,0.1111111111111111,0.0,0.1111111111111111,0.1111111111111111,0.0,0.0,0.0,0.0,0.0,0.0,0.0,0.0,0.1111111111111111,0.0,0.0,0.0,0.0,0.0,0.0,0.0,0.2222222222222222,0.0,0.0,0.125,0.0,0.375,0.0,0.125,0.125,0.0,0.0,0.0,0.0,0.0,0.0,0.0,0.0,0.0,0.0,0.0,0.0,0.0,0.0,0.125,0.0,0.0,0.0,0.125
0,0.09302325581395349,0.06976744186046512,0.06976744186046512,0.0,0.046511627906976744,0.0,0.023255813953488372,0.11627906976744186,0.0,0.0,0.13953488372093023,0.023255813953488372,0.046511627906976744,0.023255813953488372,0.046511627906976744,0.023255813953488372,0.0,0.0,0.023255813953488372,0.06976744186046512,0.023255813953488372,0.0,0.046511627906976744,0.06976744186046512,0.046511627906976744,0.023809523809523808,0.023809523809523808,0.16666666666666666,0.023809523809523808,0.047619047619047616,0.07142857142857142,0.0,0.047619047619047616,0.0,0.023809523809523808,0.19047619047619047,0.023809523809523808,0.07142857142857142,0.0,0.0,0.0,0.0,0.0,0.023809523809523808,0.07142857142857142,0.0,0.047619047619047616,0.0,0.07142857142857142,0.07142857142857142,0.17073170731707318,0.024390243902439025,0.04878048780487805,0.0,0.04878048780487805,0.07317073170731707,0.0,0.07317073170731707,0.0,0.0,0.024390243902439025,0.07317073170731707,0.0975609756097561,0.024390243902439025,0.07317073170731707,0.0,0.0,0.0,0.024390243902439025,0.04878048780487805,0.024390243902439025,0.0,0.04878048780487805,0.07317073170731707,0.04878048780487805,0.15,0.075,0.05,0.025,0.0,0.025,0.025,0.075,0.025,0.0,0.1,0.0,0.125,0.025,0.05,0.0,0.0,0.0,0.025,0.05,0.025,0.0,0.0,0.025,0.125,0.02564102564102564,0.05128205128205128,0.15384615384615385,0.0,0.07692307692307693,0.07692307692307693,0.02564102564102564,0.02564102564102564,0.0,0.02564102564102564,0.1794871794871795,0.02564102564102564,0.02564102564102564,0.02564102564102564,0.05128205128205128,0.0,0.0,0.0,0.05128205128205128,0.02564102564102564,0.0,0.0,0.05128205128205128,0.05128205128205128,0.05128205128205128,0.10526315789473684,0.0,0.13157894736842105,0.0,0.07894736842105263,0.10526315789473684,0.0,0.02631578947368421,0.0,0.02631578947368421,0.07894736842105263,0.07894736842105263,0.07894736842105263,0.05263157894736842,0.02631578947368421,0.0,0.0,0.0,0.02631578947368421,0.05263157894736842,0.0,0.0,0.02631578947368421,0.05263157894736842,0.05263157894736842
0,0.3333333333333333,0.0,0.08333333333333333,0.0,0.08333333333333333,0.16666666666666666,0.0,0.0,0.0,0.0,0.0,0.08333333333333333,0.0,0.0,0.0,0.08333333333333333,0.0,0.0,0.0,0.0,0.0,0.08333333333333333,0.0,0.0,0.08333333333333333,0.18181818181818182,0.09090909090909091,0.09090909090909091,0.0,0.18181818181818182,0.09090909090909091,0.0,0.0,0.0,0.0,0.09090909090909091,0.0,0.0,0.0,0.0,0.09090909090909091,0.0,0.0,0.0,0.0,0.09090909090909091,0.09090909090909091,0.0,0.0,0.0,0.1,0.2,0.1,0.0,0.2,0.1,0.0,0.0,0.0,0.0,0.0,0.0,0.0,0.0,0.0,0.1,0.0,0.0,0.0,0.0,0.2,0.0,0.0,0.0,0.0,0.2222222222222222,0.2222222222222222,0.0,0.0,0.1111111111111111,0.0,0.0,0.1111111111111111,0.0,0.0,0.0,0.0,0.0,0.0,0.0,0.0,0.0,0.0,0.0,0.1111111111111111,0.2222222222222222,0.0,0.0,0.0,0.0,0.375,0.125,0.0,0.0,0.0,0.0,0.125,0.0,0.0,0.0,0.0,0.0,0.0,0.0,0.0,0.0,0.0,0.0,0.0,0.125,0.125,0.0,0.125,0.0,0.0,0.42857142857142855,0.0,0.0,0.0,0.0,0.14285714285714285,0.0,0.0,0.0,0.0,0.0,0.0,0.0,0.0,0.0,0.0,0.14285714285714285,0.0,0.0,0.0,0.0,0.14285714285714285,0.14285714285714285,0.0,0.0
0,0.3333333333333333,0.08333333333333333,0.08333333333333333,0.0,0.16666666666666666,0.08333333333333333,0.0,0.0,0.0,0.0,0.08333333333333333,0.0,0.0,0.0,0.0,0.0,0.0,0.0,0.0,0.0,0.16666666666666666,0.0,0.0,0.0,0.0,0.45454545454545453,0.0,0.09090909090909091,0.0,0.09090909090909091,0.0,0.0,0.0,0.0,0.09090909090909091,0.09090909090909091,0.0,0.0,0.0,0.0,0.0,0.0,0.0,0.0,0.0,0.09090909090909091,0.09090909090909091,0.0,0.0,0.0,0.4,0.1,0.1,0.0,0.1,0.1,0.0,0.0,0.0,0.0,0.1,0.0,0.0,0.0,0.0,0.0,0.0,0.0,0.0,0.0,0.1,0.0,0.0,0.0,0.0,0.5555555555555556,0.1111111111111111,0.0,0.0,0.0,0.1111111111111111,0.0,0.0,0.0,0.0,0.0,0.0,0.0,0.0,0.1111111111111111,0.0,0.0,0.0,0.0,0.0,0.0,0.0,0.1111111111111111,0.0,0.0,0.25,0.125,0.125,0.0,0.125,0.125,0.0,0.0,0.0,0.0,0.125,0.0,0.0,0.0,0.0,0.0,0.0,0.0,0.0,0.0,0.125,0.0,0.0,0.0,0.0,0.42857142857142855,0.0,0.0,0.0,0.14285714285714285,0.0,0.0,0.14285714285714285,0.0,0.0,0.0,0.14285714285714285,0.0,0.0,0.0,0.0,0.0,0.0,0.0,0.0,0.14285714285714285,0.0,0.0,0.0,0.0
0,0.17073170731707318,0.024390243902439025,0.17073170731707318,0.0,0.0975609756097561,0.024390243902439025,0.0,0.0,0.0,0.024390243902439025,0.14634146341463414,0.0,0.07317073170731707,0.0,0.04878048780487805,0.024390243902439025,0.0,0.0,0.0,0.0,0.0975609756097561,0.024390243902439025,0.024390243902439025,0.024390243902439025,0.024390243902439025,0.2,0.0,0.1,0.025,0.15,0.0,0.025,0.025,0.0,0.0,0.15,0.0,0.075,0.0,0.025,0.0,0.025,0.0,0.0,0.0,0.125,0.0,0.05,0.0,0.025,0.3076923076923077,0.02564102564102564,0.07692307692307693,0.0,0.07692307692307693,0.02564102564102564,0.0,0.0,0.0,0.02564102564102564,0.10256410256410256,0.0,0.10256410256410256,0.0,0.02564102564102564,0.0,0.0,0.0,0.0,0.02564102564102564,0.02564102564102564,0.02564102564102564,0.07692307692307693,0.02564102564102564,0.05128205128205128,0.3157894736842105,0.02631578947368421,0.07894736842105263,0.0,0.07894736842105263,0.0,0.0,0.05263157894736842,0.0,0.0,0.07894736842105263,0.0,0.10526315789473684,0.0,0.02631578947368421,0.0,0.02631578947368421,0.0,0.0,0.0,0.07894736842105263,0.0,0.02631578947368421,0.02631578947368421,0.07894736842105263,0.16216216216216217,0.0,0.16216216216216217,0.02702702702702703,0.16216216216216217,0.0,0.0,0.02702702702702703,0.0,0.02702702702702703,0.16216216216216217,0.0,0.02702702702702703,0.0,0.0,0.02702702702702703,0.0,0.0,0.0,0.0,0.10810810810810811,0.05405405405405406,0.05405405405405406,0.0,0.0,0.2777777777777778,0.027777777777777776,0.1388888888888889,0.027777777777777776,0.05555555555555555,0.0,0.0,0.05555555555555555,0.0,0.0,0.1388888888888889,0.0,0.0,0.0,0.05555555555555555,0.0,0.0,0.027777777777777776,0.0,0.0,0.05555555555555555,0.027777777777777776,0.027777777777777776,0.0,0.08333333333333333
0,0.3333333333333333,0.0,0.08333333333333333,0.0,0.16666666666666666,0.08333333333333333,0.0,0.0,0.0,0.0,0.08333333333333333,0.0,0.08333333333333333,0.0,0.0,0.0,0.0,0.0,0.0,0.0,0.16666666666666666,0.0,0.0,0.0,0.0,0.2727272727272727,0.0,0.18181818181818182,0.0,0.09090909090909091,0.0,0.0,0.0,0.0,0.09090909090909091,0.18181818181818182,0.0,0.0,0.0,0.0,0.0,0.0,0.0,0.0,0.0,0.18181818181818182,0.0,0.0,0.0,0.0,0.4,0.0,0.2,0.0,0.0,0.1,0.0,0.0,0.0,0.0,0.1,0.0,0.0,0.0,0.1,0.0,0.0,0.0,0.0,0.0,0.1,0.0,0.0,0.0,0.0,0.4444444444444444,0.0,0.1111111111111111,0.0,0.0,0.1111111111111111,0.0,0.0,0.0,0.0,0.1111111111111111,0.0,0.0,0.0,0.1111111111111111,0.0,0.0,0.0,0.0,0.0,0.0,0.0,0.1111111111111111,0.0,0.0,0.25,0.0,0.125,0.0,0.125,0.125,0.0,0.0,0.0,0.0,0.25,0.0,0.0,0.0,0.0,0.0,0.0,0.0,0.0,0.0,0.0,0.0,0.125,0.0,0.0,0.2857142857142857,0.0,0.14285714285714285,0.0,0.14285714285714285,0.0,0.0,0.14285714285714285,0.0,0.0,0.14285714285714285,0.0,0.0,0.0,0.0,0.0,0.0,0.0,0.0,0.0,0.14285714285714285,0.0,0.0,0.0,0.0
0,0.1794871794871795,0.05128205128205128,0.07692307692307693,0.02564102564102564,0.10256410256410256,0.05128205128205128,0.0,0.0,0.0,0.02564102564102564,0.05128205128205128,0.0,0.0,0.0,0.07692307692307693,0.02564102564102564,0.0,0.0,0.0,0.0,0.1282051282051282,0.02564102564102564,0.05128205128205128,0.0,0.1282051282051282,0.21052631578947367,0.05263157894736842,0.0,0.02631578947368421,0.13157894736842105,0.02631578947368421,0.0,0.02631578947368421,0.0,0.02631578947368421,0.05263157894736842,0.0,0.0,0.0,0.07894736842105263,0.0,0.0,0.02631578947368421,0.0,0.0,0.15789473684210525,0.02631578947368421,0.07894736842105263,0.0,0.07894736842105263,0.21621621621621623,0.02702702702702703,0.02702702702702703,0.02702702702702703,0.13513513513513514,0.0,0.0,0.0,0.0,0.05405405405405406,0.08108108108108109,0.0,0.02702702702702703,0.0,0.02702702702702703,0.0,0.0,0.0,0.0,0.02702702702702703,0.16216216216216217,0.05405405405405406,0.08108108108108109,0.0,0.05405405405405406,0.1388888888888889,0.05555555555555555,0.08333333333333333,0.027777777777777776,0.1111111111111111,0.05555555555555555,0.0,0.0,0.0,0.0,0.1111111111111111,0.0,0.027777777777777776,0.0,0.0,0.0,0.0,0.0,0.0,0.027777777777777776,0.1388888888888889,0.027777777777777776,0.027777777777777776,0.0,0.16666666666666666,0.14285714285714285,0.0,0.08571428571428572,0.0,0.17142857142857143,0.0,0.0,0.05714285714285714,0.0,0.0,0.08571428571428572,0.02857142857142857,0.0,0.02857142857142857,0.0,0.02857142857142857,0.0,0.0,0.0,0.0,0.2,0.02857142857142857,0.0,0.0,0.14285714285714285,0.08823529411764706,0.058823529411764705,0.08823529411764706,0.029411764705882353,0.14705882352941177,0.029411764705882353,0.0,0.0,0.0,0.029411764705882353,0.08823529411764706,0.0,0.0,0.0,0.058823529411764705,0.029411764705882353,0.0,0.0,0.0,0.0,0.20588235294117646,0.0,0.058823529411764705,0.0,0.08823529411764706
0,0.018518518518518517,0.037037037037037035,0.037037037037037035,0.0,0.14814814814814814,0.0,0.018518518518518517,0.018518518518518517,0.018518518518518517,0.05555555555555555,0.07407407407407407,0.0,0.018518518518518517,0.0,0.07407407407407407,0.0,0.018518518518518517,0.0,0.0,0.018518518518518517,0.14814814814814814,0.037037037037037035,0.09259259259259259,0.018518518518518517,0.14814814814814814,0.018867924528301886,0.018867924528301886,0.07547169811320754,0.03773584905660377,0.09433962264150944,0.018867924528301886,0.0,0.018867924528301886,0.0,0.07547169811320754,0.05660377358490566,0.03773584905660377,0.03773584905660377,0.0,0.03773584905660377,0.018867924528301886,0.018867924528301886,0.0,0.0,0.0,0.1320754716981132,0.03773584905660377,0.03773584905660377,0.0,0.22641509433962265,0.07692307692307693,0.057692307692307696,0.0,0.019230769230769232,0.09615384615384616,0.07692307692307693,0.0,0.0,0.0,0.038461538461538464,0.019230769230769232,0.019230769230769232,0.038461538461538464,0.019230769230769232,0.057692307692307696,0.0,0.0,0.0,0.0,0.038461538461538464,0.07692307692307693,0.038461538461538464,0.1346153846153846,0.0,0.19230769230769232,0.058823529411764705,0.0392156862745098,0.0392156862745098,0.0,0.11764705882352941,0.0,0.0,0.058823529411764705,0.0,0.058823529411764705,0.0,0.0392156862745098,0.0392156862745098,0.0,0.0784313725490196,0.0392156862745098,0.0,0.0,0.0,0.0,0.13725490196078433,0.0392156862745098,0.0392156862745098,0.0392156862745098,0.17647058823529413,0.02,0.02,0.04,0.0,0.16,0.06,0.0,0.06,0.0,0.0,0.06,0.02,0.0,0.02,0.06,0.0,0.0,0.0,0.0,0.04,0.1,0.08,0.08,0.02,0.16,0.061224489795918366,0.02040816326530612,0.04081632653061224,0.0,0.12244897959183673,0.061224489795918366,0.0,0.0,0.0,0.061224489795918366,0.02040816326530612,0.04081632653061224,0.04081632653061224,0.0,0.04081632653061224,0.0,0.0,0.02040816326530612,0.0,0.02040816326530612,0.10204081632653061,0.061224489795918366,0.08163265306122448,0.04081632653061224,0.16326530612244897
0,0.0,0.0,0.047619047619047616,0.0,0.09523809523809523,0.0,0.0,0.047619047619047616,0.0,0.19047619047619047,0.0,0.0,0.0,0.0,0.09523809523809523,0.0,0.0,0.0,0.0,0.0,0.14285714285714285,0.19047619047619047,0.0,0.0,0.19047619047619047,0.05,0.05,0.0,0.0,0.05,0.0,0.05,0.0,0.0,0.2,0.05,0.05,0.0,0.0,0.0,0.0,0.0,0.0,0.0,0.0,0.05,0.05,0.05,0.0,0.35,0.05263157894736842,0.0,0.05263157894736842,0.0,0.05263157894736842,0.0,0.10526315789473684,0.0,0.0,0.10526315789473684,0.0,0.0,0.0,0.0,0.10526315789473684,0.0,0.0,0.0,0.0,0.0,0.10526315789473684,0.10526315789473684,0.0,0.0,0.3157894736842105,0.0,0.0,0.0,0.0,0.16666666666666666,0.05555555555555555,0.0,0.0,0.0,0.16666666666666666,0.0,0.1111111111111111,0.0,0.0,0.0,0.0,0.0,0.0,0.0,0.0,0.1111111111111111,0.05555555555555555,0.05555555555555555,0.0,0.2777777777777778,0.058823529411764705,0.11764705882352941,0.0,0.0,0.0,0.0,0.058823529411764705,0.0,0.0,0.17647058823529413,0.0,0.0,0.0,0.0,0.11764705882352941,0.0,0.0,0.0,0.0,0.0,0.11764705882352941,0.0,0.058823529411764705,0.0,0.29411764705882354,0.0,0.0,0.0,0.0,0.1875,0.125,0.0,0.0,0.0,0.0625,0.0,0.0,0.0,0.0,0.125,0.0,0.0,0.0,0.0,0.0,0.0625,0.125,0.0625,0.0,0.25
0,0.044444444444444446,0.0,0.044444444444444446,0.044444444444444446,0.15555555555555556,0.022222222222222223,0.0,0.0,0.0,0.0,0.022222222222222223,0.0,0.044444444444444446,0.0,0.1111111111111111,0.044444444444444446,0.0,0.022222222222222223,0.0,0.022222222222222223,0.15555555555555556,0.022222222222222223,0.06666666666666667,0.022222222222222223,0.15555555555555556,0.06818181818181818,0.022727272727272728,0.06818181818181818,0.022727272727272728,0.11363636363636363,0.0,0.0,0.022727272727272728,0.0,0.0,0.06818181818181818,0.0,0.022727272727272728,0.0,0.09090909090909091,0.0,0.0,0.045454545454545456,0.022727272727272728,0.022727272727272728,0.13636363636363635,0.0,0.022727272727272728,0.022727272727272728,0.22727272727272727,0.09302325581395349,0.0,0.046511627906976744,0.0,0.16279069767441862,0.0,0.0,0.0,0.0,0.023255813953488372,0.046511627906976744,0.0,0.046511627906976744,0.0,0.09302325581395349,0.023255813953488372,0.0,0.046511627906976744,0.023255813953488372,0.0,0.11627906976744186,0.023255813953488372,0.046511627906976744,0.023255813953488372,0.18604651162790697,0.023809523809523808,0.0,0.09523809523809523,0.047619047619047616,0.14285714285714285,0.023809523809523808,0.0,0.0,0.0,0.0,0.11904761904761904,0.0,0.0,0.0,0.07142857142857142,0.0,0.0,0.023809523809523808,0.0,0.07142857142857142,0.11904761904761904,0.023809523809523808,0.047619047619047616,0.0,0.19047619047619047,0.14634146341463414,0.024390243902439025,0.024390243902439025,0.0,0.12195121951219512,0.0,0.0,0.0,0.0,0.024390243902439025,0.04878048780487805,0.0,0.0,0.0,0.12195121951219512,0.024390243902439025,0.0,0.07317073170731707,0.0,0.0,0.07317073170731707,0.0,0.04878048780487805,0.04878048780487805,0.21951219512195122,0.1,0.0,0.05,0.025,0.15,0.025,0.0,0.0,0.0,0.0,0.025,0.0,0.025,0.0,0.125,0.05,0.0,0.0,0.0,0.05,0.1,0.025,0.05,0.025,0.175
0,0.16666666666666666,0.05555555555555555,0.16666666666666666,0.0,0.0,0.0,0.05555555555555555,0.1111111111111111,0.0,0.0,0.2777777777777778,0.0,0.05555555555555555,0.0,0.05555555555555555,0.0,0.0,0.0,0.0,0.0,0.0,0.0,0.05555555555555555,0.0,0.0,0.058823529411764705,0.058823529411764705,0.23529411764705882,0.0,0.058823529411764705,0.11764705882352941,0.0,0.058823529411764705,0.0,0.0,0.23529411764705882,0.0,0.11764705882352941,0.0,0.0,0.0,0.0,0.0,0.0,0.0,0.058823529411764705,0.0,0.0,0.0,0.0,0.1875,0.0,0.25,0.0,0.0,0.1875,0.0,0.0,0.0,0.0,0.125,0.0625,0.125,0.0,0.0625,0.0,0.0,0.0,0.0,0.0,0.0,0.0,0.0,0.0,0.0,0.3333333333333333,0.0,0.06666666666666667,0.0,0.06666666666666667,0.06666666666666667,0.06666666666666667,0.06666666666666667,0.0,0.0,0.06666666666666667,0.0,0.26666666666666666,0.0,0.0,0.0,0.0,0.0,0.0,0.0,0.0,0.0,0.0,0.0,0.0,0.14285714285714285,0.0,0.21428571428571427,0.0,0.07142857142857142,0.0,0.07142857142857142,0.14285714285714285,0.0,0.0,0.2857142857142857,0.0,0.07142857142857142,0.0,0.0,0.0,0.0,0.0,0.0,0.0,0.0,0.0,0.0,0.0,0.0,0.15384615384615385,0.0,0.3076923076923077,0.0,0.0,0.15384615384615385,0.0,0.07692307692307693,0.0,0.0,0.15384615384615385,0.0,0.07692307692307693,0.0,0.07692307692307693,0.0,0.0,0.0,0.0,0.0,0.0,0.0,0.0,0.0,0.0
0,0.4230769230769231,0.038461538461538464,0.11538461538461539,0.0,0.11538461538461539,0.038461538461538464,0.0,0.0,0.0,0.0,0.11538461538461539,0.0,0.038461538461538464,0.0,0.0,0.0,0.0,0.0,0.0,0.0,0.11538461538461539,0.0,0.0,0.0,0.0,0.44,0.04,0.16,0.0,0.08,0.0,0.0,0.0,0.0,0.04,0.16,0.0,0.0,0.0,0.0,0.0,0.0,0.0,0.0,0.0,0.08,0.0,0.0,0.0,0.0,0.5416666666666666,0.0,0.08333333333333333,0.0,0.08333333333333333,0.041666666666666664,0.0,0.0,0.0,0.0,0.08333333333333333,0.0,0.041666666666666664,0.0,0.041666666666666664,0.0,0.0,0.0,0.0,0.0,0.041666666666666664,0.0,0.041666666666666664,0.0,0.0,0.5217391304347826,0.0,0.043478260869565216,0.0,0.13043478260869565,0.043478260869565216,0.0,0.0,0.0,0.0,0.08695652173913043,0.0,0.08695652173913043,0.0,0.0,0.0,0.0,0.0,0.0,0.0,0.043478260869565216,0.0,0.043478260869565216,0.0,0.0,0.45454545454545453,0.0,0.13636363636363635,0.0,0.09090909090909091,0.0,0.0,0.045454545454545456,0.0,0.0,0.18181818181818182,0.0,0.0,0.0,0.0,0.0,0.0,0.0,0.0,0.0,0.09090909090909091,0.0,0.0,0.0,0.0,0.42857142857142855,0.0,0.14285714285714285,0.0,0.09523809523809523,0.0,0.0,0.047619047619047616,0.0,0.0,0.19047619047619047,0.0,0.0,0.0,0.0,0.0,0.0,0.0,0.0,0.0,0.09523809523809523,0.0,0.0,0.0,0.0
0,0.023255813953488372,0.023255813953488372,0.09302325581395349,0.0,0.13953488372093023,0.0,0.0,0.023255813953488372,0.023255813953488372,0.023255813953488372,0.06976744186046512,0.023255813953488372,0.023255813953488372,0.023255813953488372,0.046511627906976744,0.06976744186046512,0.0,0.0,0.023255813953488372,0.046511627906976744,0.11627906976744186,0.023255813953488372,0.046511627906976744,0.046511627906976744,0.09302325581395349,0.07142857142857142,0.047619047619047616,0.047619047619047616,0.023809523809523808,0.07142857142857142,0.023809523809523808,0.0,0.0,0.023809523809523808,0.023809523809523808,0.023809523809523808,0.023809523809523808,0.023809523809523808,0.023809523809523808,0.09523809523809523,0.047619047619047616,0.0,0.023809523809523808,0.023809523809523808,0.047619047619047616,0.11904761904761904,0.0,0.09523809523809523,0.023809523809523808,0.09523809523809523,0.024390243902439025,0.024390243902439025,0.0975609756097561,0.04878048780487805,0.07317073170731707,0.024390243902439025,0.0,0.0,0.024390243902439025,0.024390243902439025,0.07317073170731707,0.0,0.024390243902439025,0.0,0.0975609756097561,0.04878048780487805,0.0,0.04878048780487805,0.0,0.024390243902439025,0.0975609756097561,0.04878048780487805,0.024390243902439025,0.04878048780487805,0.12195121951219512,0.1,0.025,0.0,0.05,0.1,0.025,0.0,0.0,0.0,0.05,0.025,0.0,0.075,0.05,0.05,0.05,0.0,0.025,0.0,0.05,0.075,0.05,0.1,0.025,0.075,0.05128205128205128,0.02564102564102564,0.05128205128205128,0.05128205128205128,0.10256410256410256,0.02564102564102564,0.0,0.0,0.0,0.02564102564102564,0.10256410256410256,0.0,0.0,0.05128205128205128,0.05128205128205128,0.05128205128205128,0.0,0.05128205128205128,0.0,0.02564102564102564,0.02564102564102564,0.05128205128205128,0.10256410256410256,0.02564102564102564,0.1282051282051282,0.10526315789473684,0.0,0.05263157894736842,0.02631578947368421,0.10526315789473684,0.02631578947368421,0.0,0.02631578947368421,0.0,0.0,0.05263157894736842,0.02631578947368421,0.02631578947368421,0.02631578947368421,0.07894736842105263,0.02631578947368421,0.02631578947368421,0.05263157894736842,0.0,0.02631578947368421,0.05263157894736842,0.02631578947368421,0.02631578947368421,0.07894736842105263,0.13157894736842105
0,0.06896551724137931,0.0,0.06896551724137931,0.0,0.20689655172413793,0.0,0.0,0.0,0.0,0.0,0.06896551724137931,0.0,0.0,0.0,0.06896551724137931,0.0,0.0,0.0,0.0,0.0,0.1724137931034483,0.0,0.10344827586206896,0.0,0.2413793103448276,0.07142857142857142,0.0,0.10714285714285714,0.0,0.17857142857142858,0.0,0.0,0.0,0.0,0.0,0.07142857142857142,0.0,0.0,0.0,0.07142857142857142,0.0,0.0,0.0,0.0,0.0,0.17857142857142858,0.0,0.07142857142857142,0.0,0.25,0.14814814814814814,0.0,0.037037037037037035,0.0,0.18518518518518517,0.0,0.0,0.0,0.0,0.0,0.037037037037037035,0.0,0.037037037037037035,0.0,0.07407407407407407,0.0,0.0,0.0,0.0,0.0,0.1111111111111111,0.0,0.1111111111111111,0.0,0.25925925925925924,0.11538461538461539,0.0,0.07692307692307693,0.0,0.19230769230769232,0.0,0.0,0.0,0.0,0.0,0.038461538461538464,0.0,0.07692307692307693,0.0,0.038461538461538464,0.0,0.0,0.0,0.0,0.0,0.11538461538461539,0.0,0.038461538461538464,0.0,0.3076923076923077,0.12,0.0,0.04,0.0,0.24,0.0,0.0,0.0,0.0,0.0,0.12,0.0,0.0,0.0,0.04,0.0,0.0,0.0,0.0,0.0,0.04,0.0,0.12,0.0,0.28,0.125,0.0,0.125,0.0,0.16666666666666666,0.0,0.0,0.0,0.0,0.0,0.041666666666666664,0.0,0.0,0.0,0.125,0.0,0.0,0.0,0.0,0.0,0.125,0.0,0.041666666666666664,0.0,0.25
0,0.0967741935483871,0.03225806451612903,0.0,0.0,0.06451612903225806,0.03225806451612903,0.0,0.0,0.0,0.12903225806451613,0.0,0.03225806451612903,0.06451612903225806,0.0,0.06451612903225806,0.0,0.03225806451612903,0.0,0.0,0.0,0.06451612903225806,0.06451612903225806,0.0967741935483871,0.03225806451612903,0.1935483870967742,0.06666666666666667,0.0,0.03333333333333333,0.0,0.1,0.0,0.03333333333333333,0.0,0.0,0.13333333333333333,0.0,0.03333333333333333,0.03333333333333333,0.0,0.1,0.0,0.0,0.0,0.0,0.03333333333333333,0.13333333333333333,0.06666666666666667,0.1,0.03333333333333333,0.1,0.034482758620689655,0.0,0.06896551724137931,0.0,0.10344827586206896,0.06896551724137931,0.0,0.034482758620689655,0.034482758620689655,0.034482758620689655,0.0,0.034482758620689655,0.034482758620689655,0.0,0.10344827586206896,0.0,0.034482758620689655,0.0,0.0,0.0,0.10344827586206896,0.06896551724137931,0.034482758620689655,0.0,0.20689655172413793,0.03571428571428571,0.03571428571428571,0.10714285714285714,0.0,0.03571428571428571,0.0,0.03571428571428571,0.0,0.0,0.10714285714285714,0.03571428571428571,0.03571428571428571,0.0,0.0,0.10714285714285714,0.03571428571428571,0.0,0.0,0.0,0.0,0.10714285714285714,0.03571428571428571,0.07142857142857142,0.03571428571428571,0.17857142857142858,0.037037037037037035,0.037037037037037035,0.07407407407407407,0.0,0.07407407407407407,0.037037037037037035,0.0,0.037037037037037035,0.0,0.07407407407407407,0.037037037037037035,0.0,0.0,0.0,0.1111111111111111,0.0,0.0,0.0,0.0,0.037037037037037035,0.1111111111111111,0.1111111111111111,0.037037037037037035,0.037037037037037035,0.14814814814814814,0.038461538461538464,0.038461538461538464,0.07692307692307693,0.0,0.07692307692307693,0.038461538461538464,0.038461538461538464,0.038461538461538464,0.0,0.038461538461538464,0.0,0.038461538461538464,0.0,0.038461538461538464,0.038461538461538464,0.0,0.0,0.0,0.0,0.038461538461538464,0.15384615384615385,0.038461538461538464,0.038461538461538464,0.0,0.23076923076923078
0,0.02702702702702703,0.013513513513513514,0.02702702702702703,0.02702702702702703,0.08108108108108109,0.013513513513513514,0.0,0.02702702702702703,0.02702702702702703,0.02702702702702703,0.06756756756756757,0.0,0.0,0.02702702702702703,0.06756756756756757,0.0,0.013513513513513514,0.013513513513513514,0.013513513513513514,0.06756756756756757,0.06756756756756757,0.06756756756756757,0.0945945945945946,0.013513513513513514,0.21621621621621623,0.0410958904109589,0.0410958904109589,0.0273972602739726,0.0136986301369863,0.0547945205479452,0.0136986301369863,0.0,0.0273972602739726,0.0273972602739726,0.0136986301369863,0.0273972602739726,0.0,0.0,0.0273972602739726,0.1095890410958904,0.0136986301369863,0.0410958904109589,0.0136986301369863,0.0136986301369863,0.0273972602739726,0.0821917808219178,0.0136986301369863,0.0958904109589041,0.0273972602739726,0.2465753424657534,0.041666666666666664,0.027777777777777776,0.041666666666666664,0.027777777777777776,0.041666666666666664,0.013888888888888888,0.013888888888888888,0.0,0.013888888888888888,0.041666666666666664,0.013888888888888888,0.013888888888888888,0.05555555555555555,0.013888888888888888,0.06944444444444445,0.0,0.0,0.013888888888888888,0.027777777777777776,0.06944444444444445,0.1111111111111111,0.027777777777777776,0.05555555555555555,0.027777777777777776,0.2361111111111111,0.028169014084507043,0.0,0.056338028169014086,0.056338028169014086,0.04225352112676056,0.0,0.0,0.014084507042253521,0.014084507042253521,0.056338028169014086,0.04225352112676056,0.014084507042253521,0.014084507042253521,0.014084507042253521,0.08450704225352113,0.014084507042253521,0.014084507042253521,0.028169014084507043,0.0,0.056338028169014086,0.09859154929577464,0.056338028169014086,0.056338028169014086,0.014084507042253521,0.22535211267605634,0.014285714285714285,0.02857142857142857,0.014285714285714285,0.05714285714285714,0.07142857142857142,0.02857142857142857,0.014285714285714285,0.014285714285714285,0.0,0.02857142857142857,0.04285714285714286,0.02857142857142857,0.02857142857142857,0.02857142857142857,0.04285714285714286,0.014285714285714285,0.014285714285714285,0.0,0.0,0.08571428571428572,0.08571428571428572,0.0,0.11428571428571428,0.0,0.24285714285714285,0.014492753623188406,0.014492753623188406,0.043478260869565216,0.014492753623188406,0.10144927536231885,0.0,0.014492753623188406,0.014492753623188406,0.014492753623188406,0.043478260869565216,0.014492753623188406,0.014492753623188406,0.014492753623188406,0.014492753623188406,0.11594202898550725,0.0,0.0,0.014492753623188406,0.014492753623188406,0.08695652173913043,0.15942028985507245,0.028985507246376812,0.08695652173913043,0.028985507246376812,0.13043478260869565
0,0.30434782608695654,0.043478260869565216,0.0,0.0,0.17391304347826086,0.043478260869565216,0.0,0.0,0.0,0.043478260869565216,0.043478260869565216,0.0,0.043478260869565216,0.0,0.043478260869565216,0.0,0.0,0.0,0.0,0.0,0.13043478260869565,0.0,0.08695652173913043,0.0,0.043478260869565216,0.3181818181818182,0.0,0.09090909090909091,0.0,0.13636363636363635,0.0,0.0,0.0,0.0,0.09090909090909091,0.0,0.045454545454545456,0.0,0.0,0.045454545454545456,0.0,0.0,0.0,0.0,0.0,0.18181818181818182,0.0,0.045454545454545456,0.0,0.045454545454545456,0.38095238095238093,0.0,0.09523809523809523,0.0,0.09523809523809523,0.09523809523809523,0.0,0.0,0.0,0.0,0.0,0.0,0.0,0.0,0.047619047619047616,0.0,0.0,0.0,0.0,0.0,0.047619047619047616,0.047619047619047616,0.047619047619047616,0.0,0.14285714285714285,0.4,0.05,0.0,0.0,0.15,0.05,0.0,0.0,0.0,0.05,0.0,0.0,0.0,0.0,0.05,0.0,0.0,0.0,0.0,0.0,0.05,0.0,0.15,0.0,0.05,0.2631578947368421,0.05263157894736842,0.05263157894736842,0.0,0.21052631578947367,0.05263157894736842,0.0,0.05263157894736842,0.0,0.0,0.05263157894736842,0.0,0.0,0.0,0.0,0.0,0.0,0.0,0.0,0.0,0.10526315789473684,0.0,0.05263157894736842,0.0,0.10526315789473684,0.2777777777777778,0.0,0.1111111111111111,0.0,0.2222222222222222,0.05555555555555555,0.0,0.05555555555555555,0.0,0.0,0.0,0.0,0.0,0.0,0.05555555555555555,0.0,0.0,0.0,0.0,0.0,0.1111111111111111,0.05555555555555555,0.0,0.0,0.05555555555555555
0,0.34782608695652173,0.043478260869565216,0.043478260869565216,0.0,0.13043478260869565,0.043478260869565216,0.0,0.0,0.0,0.043478260869565216,0.08695652173913043,0.0,0.043478260869565216,0.0,0.043478260869565216,0.0,0.0,0.0,0.0,0.0,0.08695652173913043,0.0,0.08695652173913043,0.0,0.0,0.36363636363636365,0.045454545454545456,0.09090909090909091,0.0,0.09090909090909091,0.0,0.0,0.045454545454545456,0.0,0.045454545454545456,0.045454545454545456,0.0,0.0,0.0,0.09090909090909091,0.0,0.0,0.0,0.0,0.0,0.13636363636363635,0.0,0.045454545454545456,0.0,0.0,0.42857142857142855,0.0,0.14285714285714285,0.0,0.047619047619047616,0.09523809523809523,0.0,0.0,0.0,0.0,0.0,0.0,0.047619047619047616,0.0,0.047619047619047616,0.0,0.0,0.0,0.0,0.0,0.047619047619047616,0.047619047619047616,0.0,0.0,0.09523809523809523,0.4,0.05,0.1,0.0,0.1,0.05,0.0,0.0,0.0,0.05,0.05,0.0,0.05,0.0,0.0,0.0,0.0,0.0,0.0,0.0,0.05,0.0,0.05,0.0,0.05,0.3684210526315789,0.05263157894736842,0.05263157894736842,0.0,0.15789473684210525,0.05263157894736842,0.0,0.05263157894736842,0.0,0.0,0.05263157894736842,0.0,0.0,0.0,0.05263157894736842,0.0,0.0,0.0,0.0,0.0,0.05263157894736842,0.0,0.10526315789473684,0.0,0.0,0.3333333333333333,0.0,0.16666666666666666,0.0,0.16666666666666666,0.05555555555555555,0.0,0.05555555555555555,0.0,0.0,0.0,0.05555555555555555,0.0,0.0,0.0,0.0,0.0,0.0,0.0,0.0,0.1111111111111111,0.0,0.0,0.0,0.05555555555555555
0,0.25,0.0,0.08333333333333333,0.0,0.25,0.08333333333333333,0.0,0.0,0.0,0.0,0.08333333333333333,0.0,0.0,0.0,0.0,0.0,0.0,0.0,0.0,0.0,0.25,0.0,0.0,0.0,0.0,0.45454545454545453,0.0,0.09090909090909091,0.0,0.09090909090909091,0.0,0.0,0.0,0.0,0.09090909090909091,0.09090909090909091,0.0,0.0,0.0,0.0,0.0,0.0,0.0,0.0,0.0,0.09090909090909091,0.0,0.0,0.0,0.09090909090909091,0.4,0.0,0.1,0.0,0.1,0.1,0.0,0.0,0.0,0.0,0.0,0.0,0.0,0.0,0.1,0.0,0.0,0.0,0.0,0.0,0.2,0.0,0.0,0.0,0.0,0.4444444444444444,0.0,0.0,0.0,0.2222222222222222,0.1111111111111111,0.0,0.0,0.0,0.0,0.1111111111111111,0.0,0.0,0.0,0.0,0.0,0.0,0.0,0.0,0.0,0.0,0.0,0.1111111111111111,0.0,0.0,0.375,0.0,0.125,0.0,0.125,0.125,0.0,0.0,0.0,0.0,0.0,0.0,0.0,0.0,0.125,0.0,0.0,0.0,0.0,0.0,0.125,0.0,0.0,0.0,0.0,0.2857142857142857,0.0,0.0,0.0,0.2857142857142857,0.0,0.0,0.14285714285714285,0.0,0.0,0.14285714285714285,0.0,0.0,0.0,0.0,0.0,0.0,0.0,0.0,0.0,0.14285714285714285,0.0,0.0,0.0,0.0
0,0.16666666666666666,0.03333333333333333,0.06666666666666667,0.03333333333333333,0.13333333333333333,0.0,0.03333333333333333,0.0,0.0,0.03333333333333333,0.03333333333333333,0.0,0.0,0.0,0.1,0.0,0.0,0.0,0.0,0.03333333333333333,0.2,0.0,0.06666666666666667,0.0,0.06666666666666667,0.10344827586206896,0.034482758620689655,0.034482758620689655,0.034482758620689655,0.2413793103448276,0.0,0.0,0.0,0.0,0.06896551724137931,0.034482758620689655,0.0,0.034482758620689655,0.0,0.034482758620689655,0.034482758620689655,0.0,0.0,0.0,0.0,0.2413793103448276,0.0,0.06896551724137931,0.0,0.034482758620689655,0.21428571428571427,0.0,0.07142857142857142,0.0,0.17857142857142858,0.03571428571428571,0.0,0.0,0.0,0.03571428571428571,0.10714285714285714,0.0,0.0,0.0,0.0,0.0,0.0,0.03571428571428571,0.0,0.0,0.07142857142857142,0.0,0.03571428571428571,0.03571428571428571,0.17857142857142858,0.25925925925925924,0.0,0.037037037037037035,0.037037037037037035,0.1111111111111111,0.037037037037037035,0.0,0.037037037037037035,0.0,0.0,0.037037037037037035,0.0,0.0,0.0,0.07407407407407407,0.0,0.0,0.0,0.0,0.037037037037037035,0.1111111111111111,0.0,0.07407407407407407,0.0,0.14814814814814814,0.15384615384615385,0.0,0.07692307692307693,0.038461538461538464,0.15384615384615385,0.0,0.0,0.038461538461538464,0.0,0.038461538461538464,0.038461538461538464,0.0,0.0,0.0,0.07692307692307693,0.0,0.0,0.038461538461538464,0.0,0.0,0.2692307692307692,0.0,0.0,0.0,0.07692307692307693,0.12,0.0,0.08,0.04,0.2,0.04,0.0,0.0,0.0,0.04,0.08,0.0,0.04,0.0,0.0,0.04,0.0,0.0,0.0,0.0,0.16,0.0,0.04,0.0,0.12
0,0.2222222222222222,0.0,0.05555555555555555,0.0,0.2222222222222222,0.05555555555555555,0.0,0.0,0.0,0.0,0.05555555555555555,0.05555555555555555,0.05555555555555555,0.0,0.0,0.0,0.0,0.0,0.0,0.0,0.16666666666666666,0.0,0.05555555555555555,0.0,0.05555555555555555,0.11764705882352941,0.0,0.17647058823529413,0.0,0.23529411764705882,0.0,0.0,0.0,0.0,0.058823529411764705,0.058823529411764705,0.058823529411764705,0.0,0.0,0.0,0.0,0.0,0.0,0.0,0.0,0.29411764705882354,0.0,0.0,0.0,0.0,0.3125,0.0625,0.125,0.0,0.0625,0.0625,0.0,0.0,0.0,0.0,0.0,0.0,0.0,0.0,0.0625,0.0,0.0,0.0,0.0,0.0,0.125,0.0,0.0625,0.0,0.125,0.3333333333333333,0.06666666666666667,0.0,0.0,0.13333333333333333,0.06666666666666667,0.0,0.0,0.0,0.0,0.06666666666666667,0.0,0.0,0.0,0.0,0.0,0.0,0.0,0.0,0.0,0.0,0.0,0.2,0.0,0.13333333333333333,0.14285714285714285,0.0,0.14285714285714285,0.0,0.21428571428571427,0.0,0.0,0.0,0.0,0.07142857142857142,0.07142857142857142,0.0,0.0,0.0,0.0,0.0,0.0,0.0,0.0,0.0,0.21428571428571427,0.07142857142857142,0.07142857142857142,0.0,0.0,0.23076923076923078,0.0,0.15384615384615385,0.0,0.15384615384615385,0.0,0.0,0.07692307692307693,0.0,0.0,0.0,0.0,0.0,0.0,0.07692307692307693,0.0,0.0,0.0,0.0,0.0,0.23076923076923078,0.07692307692307693,0.0,0.0,0.0
0,0.058823529411764705,0.058823529411764705,0.0,0.0,0.17647058823529413,0.0,0.0,0.0,0.0,0.058823529411764705,0.058823529411764705,0.0,0.058823529411764705,0.0,0.11764705882352941,0.0,0.0,0.0,0.0,0.0,0.11764705882352941,0.0,0.23529411764705882,0.0,0.058823529411764705,0.0,0.0,0.125,0.0,0.1875,0.0,0.0,0.0625,0.0,0.0,0.25,0.0,0.0,0.0,0.0,0.0,0.0,0.0,0.0,0.0,0.0,0.0,0.125,0.0,0.25,0.0,0.0,0.26666666666666666,0.0,0.06666666666666667,0.0,0.0,0.0,0.0,0.06666666666666667,0.06666666666666667,0.0,0.0,0.0,0.2,0.0,0.0,0.0,0.0,0.0,0.2,0.0,0.06666666666666667,0.0,0.06666666666666667,0.14285714285714285,0.0,0.0,0.0,0.14285714285714285,0.07142857142857142,0.0,0.0,0.0,0.0,0.0,0.0,0.14285714285714285,0.0,0.14285714285714285,0.0,0.0,0.0,0.0,0.0,0.07142857142857142,0.0,0.14285714285714285,0.0,0.14285714285714285,0.23076923076923078,0.0,0.0,0.0,0.07692307692307693,0.0,0.0,0.0,0.0,0.07692307692307693,0.0,0.0,0.23076923076923078,0.0,0.07692307692307693,0.0,0.0,0.0,0.0,0.0,0.07692307692307693,0.0,0.07692307692307693,0.0,0.15384615384615385,0.0,0.0,0.0,0.0,0.3333333333333333,0.0,0.0,0.08333333333333333,0.0,0.0,0.16666666666666666,0.0,0.0,0.0,0.08333333333333333,0.0,0.0,0.0,0.0,0.0,0.08333333333333333,0.0,0.25,0.0,0.0
0,0.037037037037037035,0.0,0.07407407407407407,0.037037037037037035,0.0,0.018518518518518517,0.0,0.018518518518518517,0.018518518518518517,0.037037037037037035,0.0,0.05555555555555555,0.018518518518518517,0.037037037037037035,0.12962962962962962,0.018518518518518517,0.0,0.0,0.0,0.1111111111111111,0.05555555555555555,0.037037037037037035,0.12962962962962962,0.05555555555555555,0.1111111111111111,0.0,0.018867924528301886,0.018867924528301886,0.03773584905660377,0.07547169811320754,0.018867924528301886,0.0,0.018867924528301886,0.0,0.05660377358490566,0.0,0.0,0.03773584905660377,0.05660377358490566,0.1509433962264151,0.018867924528301886,0.03773584905660377,0.03773584905660377,0.018867924528301886,0.018867924528301886,0.09433962264150944,0.03773584905660377,0.11320754716981132,0.03773584905660377,0.09433962264150944,0.0,0.019230769230769232,0.0,0.038461538461538464,0.09615384615384616,0.019230769230769232,0.0,0.038461538461538464,0.019230769230769232,0.019230769230769232,0.057692307692307696,0.019230769230769232,0.057692307692307696,0.0,0.11538461538461539,0.019230769230769232,0.019230769230769232,0.057692307692307696,0.0,0.019230769230769232,0.038461538461538464,0.019230769230769232,0.07692307692307693,0.09615384615384616,0.15384615384615385,0.0196078431372549,0.0196078431372549,0.0392156862745098,0.0196078431372549,0.0392156862745098,0.0392156862745098,0.0,0.0196078431372549,0.0,0.0392156862745098,0.0392156862745098,0.0196078431372549,0.09803921568627451,0.0784313725490196,0.0196078431372549,0.0,0.0,0.0392156862745098,0.0196078431372549,0.058823529411764705,0.0392156862745098,0.0392156862745098,0.0392156862745098,0.0392156862745098,0.23529411764705882,0.02,0.04,0.02,0.0,0.04,0.02,0.0,0.02,0.02,0.04,0.02,0.02,0.08,0.04,0.1,0.02,0.0,0.0,0.0,0.1,0.04,0.02,0.12,0.1,0.12,0.04081632653061224,0.0,0.04081632653061224,0.02040816326530612,0.02040816326530612,0.0,0.02040816326530612,0.04081632653061224,0.0,0.04081632653061224,0.02040816326530612,0.02040816326530612,0.04081632653061224,0.02040816326530612,0.16326530612244897,0.04081632653061224,0.02040816326530612,0.02040816326530612,0.02040816326530612,0.02040816326530612,0.02040816326530612,0.02040816326530612,0.08163265306122448,0.10204081632653061,0.16326530612244897
0,0.30434782608695654,0.043478260869565216,0.21739130434782608,0.0,0.0,0.08695652173913043,0.0,0.043478260869565216,0.0,0.0,0.17391304347826086,0.043478260869565216,0.08695652173913043,0.0,0.0,0.0,0.0,0.0,0.0,0.0,0.0,0.0,0.0,0.0,0.0,0.22727272727272727,0.09090909090909091,0.2727272727272727,0.0,0.0,0.09090909090909091,0.0,0.045454545454545456,0.0,0.0,0.22727272727272727,0.0,0.045454545454545456,0.0,0.0,0.0,0.0,0.0,0.0,0.0,0.0,0.0,0.0,0.0,0.0,0.2857142857142857,0.09523809523809523,0.19047619047619047,0.0,0.0,0.14285714285714285,0.0,0.0,0.0,0.0,0.09523809523809523,0.0,0.19047619047619047,0.0,0.0,0.0,0.0,0.0,0.0,0.0,0.0,0.0,0.0,0.0,0.0,0.35,0.05,0.2,0.0,0.0,0.1,0.0,0.05,0.0,0.0,0.05,0.05,0.15,0.0,0.0,0.0,0.0,0.0,0.0,0.0,0.0,0.0,0.0,0.0,0.0,0.21052631578947367,0.0,0.3684210526315789,0.0,0.0,0.05263157894736842,0.05263157894736842,0.05263157894736842,0.0,0.0,0.21052631578947367,0.05263157894736842,0.0,0.0,0.0,0.0,0.0,0.0,0.0,0.0,0.0,0.0,0.0,0.0,0.0,0.2777777777777778,0.05555555555555555,0.2222222222222222,0.0,0.0,0.05555555555555555,0.0,0.1111111111111111,0.0,0.0,0.16666666666666666,0.0,0.1111111111111111,0.0,0.0,0.0,0.0,0.0,0.0,0.0,0.0,0.0,0.0,0.0,0.0
0,0.5,0.08333333333333333,0.08333333333333333,0.0,0.08333333333333333,0.08333333333333333,0.0,0.0,0.0,0.0,0.08333333333333333,0.0,0.0,0.0,0.0,0.0,0.0,0.0,0.0,0.0,0.08333333333333333,0.0,0.0,0.0,0.0,0.6363636363636364,0.0,0.09090909090909091,0.0,0.0,0.0,0.0,0.0,0.0,0.09090909090909091,0.0,0.09090909090909091,0.0,0.0,0.0,0.0,0.0,0.0,0.0,0.0,0.09090909090909091,0.0,0.0,0.0,0.0,0.6,0.1,0.1,0.0,0.0,0.1,0.0,0.0,0.0,0.0,0.0,0.0,0.0,0.0,0.0,0.0,0.0,0.0,0.0,0.0,0.1,0.0,0.0,0.0,0.0,0.5555555555555556,0.1111111111111111,0.1111111111111111,0.0,0.0,0.1111111111111111,0.0,0.0,0.0,0.0,0.0,0.0,0.0,0.0,0.0,0.0,0.0,0.0,0.0,0.0,0.1111111111111111,0.0,0.0,0.0,0.0,0.5,0.125,0.125,0.0,0.0,0.125,0.0,0.0,0.0,0.0,0.0,0.0,0.0,0.0,0.0,0.0,0.0,0.0,0.0,0.0,0.125,0.0,0.0,0.0,0.0,0.42857142857142855,0.14285714285714285,0.14285714285714285,0.0,0.0,0.14285714285714285,0.0,0.0,0.0,0.0,0.0,0.0,0.0,0.0,0.0,0.0,0.0,0.0,0.0,0.0,0.14285714285714285,0.0,0.0,0.0,0.0
0,0.16216216216216217,0.05405405405405406,0.05405405405405406,0.0,0.08108108108108109,0.02702702702702703,0.0,0.02702702702702703,0.0,0.02702702702702703,0.02702702702702703,0.0,0.05405405405405406,0.0,0.10810810810810811,0.0,0.0,0.0,0.0,0.0,0.10810810810810811,0.02702702702702703,0.08108108108108109,0.0,0.16216216216216217,0.08333333333333333,0.027777777777777776,0.1111111111111111,0.0,0.1388888888888889,0.027777777777777776,0.0,0.027777777777777776,0.0,0.027777777777777776,0.08333333333333333,0.0,0.05555555555555555,0.0,0.027777777777777776,0.0,0.0,0.0,0.0,0.0,0.1388888888888889,0.027777777777777776,0.027777777777777776,0.0,0.19444444444444445,0.14285714285714285,0.0,0.08571428571428572,0.0,0.14285714285714285,0.02857142857142857,0.0,0.0,0.0,0.02857142857142857,0.05714285714285714,0.02857142857142857,0.0,0.0,0.08571428571428572,0.0,0.0,0.0,0.0,0.0,0.08571428571428572,0.02857142857142857,0.14285714285714285,0.0,0.14285714285714285,0.14705882352941177,0.0,0.058823529411764705,0.0,0.17647058823529413,0.058823529411764705,0.0,0.0,0.0,0.0,0.029411764705882353,0.029411764705882353,0.058823529411764705,0.0,0.058823529411764705,0.0,0.0,0.0,0.0,0.0,0.08823529411764706,0.029411764705882353,0.11764705882352941,0.0,0.14705882352941177,0.12121212121212122,0.030303030303030304,0.030303030303030304,0.0,0.21212121212121213,0.030303030303030304,0.0,0.0,0.0,0.030303030303030304,0.06060606060606061,0.0,0.030303030303030304,0.0,0.09090909090909091,0.0,0.0,0.0,0.0,0.0,0.12121212121212122,0.030303030303030304,0.18181818181818182,0.0,0.030303030303030304,0.09375,0.03125,0.0625,0.0,0.21875,0.0,0.0,0.03125,0.0,0.03125,0.125,0.03125,0.03125,0.0,0.0,0.0,0.0,0.0,0.0,0.0,0.09375,0.0,0.125,0.0,0.125
0,0.06666666666666667,0.0,0.0,0.06666666666666667,0.2,0.0,0.03333333333333333,0.0,0.0,0.06666666666666667,0.06666666666666667,0.0,0.0,0.0,0.03333333333333333,0.0,0.0,0.03333333333333333,0.0,0.03333333333333333,0.23333333333333334,0.03333333333333333,0.06666666666666667,0.0,0.06666666666666667,0.10344827586206896,0.034482758620689655,0.06896551724137931,0.034482758620689655,0.10344827586206896,0.034482758620689655,0.0,0.0,0.0,0.06896551724137931,0.034482758620689655,0.0,0.0,0.0,0.06896551724137931,0.034482758620689655,0.0,0.034482758620689655,0.0,0.0,0.1724137931034483,0.0,0.0,0.034482758620689655,0.1724137931034483,0.21428571428571427,0.0,0.07142857142857142,0.03571428571428571,0.03571428571428571,0.07142857142857142,0.0,0.0,0.0,0.03571428571428571,0.03571428571428571,0.03571428571428571,0.0,0.0,0.0,0.0,0.0,0.0,0.0,0.07142857142857142,0.07142857142857142,0.0,0.03571428571428571,0.03571428571428571,0.25,0.037037037037037035,0.0,0.0,0.07407407407407407,0.25925925925925924,0.0,0.0,0.0,0.0,0.1111111111111111,0.037037037037037035,0.0,0.0,0.0,0.037037037037037035,0.037037037037037035,0.037037037037037035,0.0,0.0,0.0,0.25925925925925924,0.0,0.1111111111111111,0.0,0.0,0.19230769230769232,0.038461538461538464,0.07692307692307693,0.0,0.07692307692307693,0.038461538461538464,0.0,0.038461538461538464,0.0,0.038461538461538464,0.0,0.0,0.0,0.0,0.07692307692307693,0.0,0.0,0.0,0.0,0.038461538461538464,0.15384615384615385,0.0,0.0,0.07692307692307693,0.15384615384615385,0.12,0.04,0.04,0.04,0.12,0.08,0.0,0.0,0.0,0.04,0.08,0.0,0.0,0.0,0.0,0.0,0.0,0.0,0.0,0.04,0.12,0.0,0.08,0.04,0.16
0,0.09302325581395349,0.023255813953488372,0.023255813953488372,0.046511627906976744,0.09302325581395349,0.0,0.0,0.0,0.0,0.046511627906976744,0.023255813953488372,0.023255813953488372,0.023255813953488372,0.023255813953488372,0.023255813953488372,0.046511627906976744,0.0,0.0,0.0,0.046511627906976744,0.11627906976744186,0.023255813953488372,0.06976744186046512,0.0,0.2558139534883721,0.047619047619047616,0.047619047619047616,0.0,0.0,0.16666666666666666,0.0,0.0,0.023809523809523808,0.0,0.023809523809523808,0.0,0.0,0.0,0.0,0.11904761904761904,0.0,0.0,0.047619047619047616,0.0,0.047619047619047616,0.21428571428571427,0.023809523809523808,0.047619047619047616,0.07142857142857142,0.11904761904761904,0.07317073170731707,0.0,0.04878048780487805,0.0,0.12195121951219512,0.024390243902439025,0.0,0.0,0.024390243902439025,0.0,0.0,0.0,0.024390243902439025,0.0,0.0975609756097561,0.0,0.024390243902439025,0.024390243902439025,0.0,0.04878048780487805,0.17073170731707318,0.04878048780487805,0.024390243902439025,0.04878048780487805,0.1951219512195122,0.05,0.05,0.05,0.05,0.05,0.025,0.0,0.0,0.0,0.025,0.05,0.0,0.0,0.025,0.05,0.025,0.0,0.0,0.0,0.075,0.125,0.025,0.075,0.0,0.25,0.05128205128205128,0.02564102564102564,0.0,0.05128205128205128,0.1282051282051282,0.0,0.0,0.0,0.0,0.05128205128205128,0.07692307692307693,0.0,0.0,0.0,0.05128205128205128,0.0,0.0,0.05128205128205128,0.02564102564102564,0.02564102564102564,0.1282051282051282,0.05128205128205128,0.07692307692307693,0.0,0.20512820512820512,0.0,0.02631578947368421,0.07894736842105263,0.0,0.15789473684210525,0.0,0.0,0.0,0.0,0.05263157894736842,0.05263157894736842,0.02631578947368421,0.02631578947368421,0.0,0.02631578947368421,0.05263157894736842,0.0,0.0,0.02631578947368421,0.02631578947368421,0.15789473684210525,0.02631578947368421,0.02631578947368421,0.02631578947368421,0.21052631578947367
0,0.3888888888888889,0.0,0.05555555555555555,0.0,0.16666666666666666,0.05555555555555555,0.0,0.0,0.0,0.0,0.1111111111111111,0.0,0.05555555555555555,0.0,0.0,0.0,0.0,0.0,0.0,0.0,0.1111111111111111,0.0,0.05555555555555555,0.0,0.0,0.35294117647058826,0.0,0.17647058823529413,0.0,0.11764705882352941,0.0,0.0,0.0,0.0,0.058823529411764705,0.11764705882352941,0.0,0.0,0.0,0.0,0.0,0.0,0.0,0.0,0.0,0.17647058823529413,0.0,0.0,0.0,0.0,0.5,0.0,0.1875,0.0,0.0,0.0625,0.0,0.0,0.0,0.0,0.0,0.0,0.0,0.0,0.0625,0.0,0.0,0.0,0.0,0.0,0.125,0.0,0.0,0.0,0.0625,0.4666666666666667,0.0,0.13333333333333333,0.0,0.06666666666666667,0.06666666666666667,0.0,0.0,0.0,0.0,0.06666666666666667,0.0,0.0,0.0,0.0,0.0,0.0,0.0,0.0,0.0,0.06666666666666667,0.0,0.06666666666666667,0.0,0.06666666666666667,0.35714285714285715,0.0,0.21428571428571427,0.0,0.07142857142857142,0.0,0.0,0.0,0.0,0.07142857142857142,0.07142857142857142,0.0,0.0,0.0,0.0,0.0,0.0,0.0,0.0,0.0,0.21428571428571427,0.0,0.0,0.0,0.0,0.38461538461538464,0.0,0.15384615384615385,0.0,0.07692307692307693,0.0,0.0,0.07692307692307693,0.0,0.0,0.07692307692307693,0.0,0.0,0.0,0.0,0.0,0.0,0.0,0.0,0.0,0.23076923076923078,0.0,0.0,0.0,0.0
0,0.23529411764705882,0.058823529411764705,0.17647058823529413,0.0,0.11764705882352941,0.058823529411764705,0.0,0.0,0.0,0.0,0.17647058823529413,0.0,0.058823529411764705,0.0,0.0,0.0,0.0,0.0,0.0,0.0,0.058823529411764705,0.0,0.058823529411764705,0.0,0.0,0.25,0.0,0.25,0.0,0.0625,0.0,0.0,0.0,0.0,0.0625,0.1875,0.0,0.0625,0.0,0.0,0.0,0.0,0.0,0.0,0.0,0.125,0.0,0.0,0.0,0.0,0.26666666666666666,0.0,0.26666666666666666,0.0,0.06666666666666667,0.06666666666666667,0.0,0.0,0.0,0.0,0.13333333333333333,0.0,0.0,0.0,0.06666666666666667,0.0,0.0,0.0,0.0,0.0,0.06666666666666667,0.0,0.06666666666666667,0.0,0.0,0.42857142857142855,0.0,0.14285714285714285,0.0,0.0,0.07142857142857142,0.0,0.0,0.0,0.0,0.0,0.0,0.14285714285714285,0.0,0.07142857142857142,0.0,0.0,0.0,0.0,0.0,0.07142857142857142,0.0,0.07142857142857142,0.0,0.0,0.3076923076923077,0.0,0.15384615384615385,0.0,0.07692307692307693,0.0,0.0,0.07692307692307693,0.0,0.0,0.15384615384615385,0.0,0.07692307692307693,0.0,0.0,0.0,0.0,0.0,0.0,0.0,0.07692307692307693,0.0,0.07692307692307693,0.0,0.0,0.16666666666666666,0.0,0.25,0.0,0.08333333333333333,0.0,0.0,0.08333333333333333,0.0,0.0,0.16666666666666666,0.0,0.08333333333333333,0.0,0.0,0.0,0.0,0.0,0.0,0.0,0.16666666666666666,0.0,0.0,0.0,0.0
0,0.273972602739726,0.0136986301369863,0.0273972602739726,0.0273972602739726,0.1643835616438356,0.0136986301369863,0.0,0.0136986301369863,0.0,0.0136986301369863,0.0547945205479452,0.0136986301369863,0.0,0.0,0.0136986301369863,0.0,0.0,0.0136986301369863,0.0,0.0273972602739726,0.1643835616438356,0.0136986301369863,0.0273972602739726,0.0136986301369863,0.1095890410958904,0.2361111111111111,0.013888888888888888,0.05555555555555555,0.041666666666666664,0.16666666666666666,0.027777777777777776,0.0,0.0,0.0,0.013888888888888888,0.027777777777777776,0.0,0.013888888888888888,0.0,0.027777777777777776,0.013888888888888888,0.013888888888888888,0.0,0.0,0.013888888888888888,0.19444444444444445,0.013888888888888888,0.013888888888888888,0.0,0.1111111111111111,0.2676056338028169,0.014084507042253521,0.028169014084507043,0.014084507042253521,0.19718309859154928,0.014084507042253521,0.0,0.0,0.0,0.028169014084507043,0.07042253521126761,0.0,0.0,0.0,0.0,0.014084507042253521,0.0,0.014084507042253521,0.0,0.014084507042253521,0.14084507042253522,0.028169014084507043,0.04225352112676056,0.014084507042253521,0.09859154929577464,0.2857142857142857,0.02857142857142857,0.04285714285714286,0.0,0.15714285714285714,0.02857142857142857,0.0,0.014285714285714285,0.0,0.0,0.04285714285714286,0.0,0.0,0.0,0.02857142857142857,0.014285714285714285,0.0,0.0,0.014285714285714285,0.014285714285714285,0.14285714285714285,0.014285714285714285,0.02857142857142857,0.014285714285714285,0.12857142857142856,0.2608695652173913,0.028985507246376812,0.014492753623188406,0.014492753623188406,0.2028985507246377,0.043478260869565216,0.0,0.0,0.0,0.0,0.043478260869565216,0.0,0.0,0.0,0.028985507246376812,0.028985507246376812,0.0,0.0,0.0,0.014492753623188406,0.13043478260869565,0.014492753623188406,0.07246376811594203,0.014492753623188406,0.08695652173913043,0.25,0.029411764705882353,0.04411764705882353,0.029411764705882353,0.17647058823529413,0.014705882352941176,0.0,0.0,0.0,0.014705882352941176,0.04411764705882353,0.0,0.0,0.0,0.029411764705882353,0.029411764705882353,0.0,0.0,0.0,0.014705882352941176,0.16176470588235295,0.014705882352941176,0.04411764705882353,0.0,0.10294117647058823
0,0.0,0.02564102564102564,0.0,0.0,0.10256410256410256,0.01282051282051282,0.01282051282051282,0.01282051282051282,0.0,0.16666666666666666,0.0,0.0641025641025641,0.0,0.0,0.01282051282051282,0.0,0.0,0.0,0.0,0.0,0.10256410256410256,0.10256410256410256,0.0641025641025641,0.0,0.32051282051282054,0.012987012987012988,0.012987012987012988,0.05194805194805195,0.0,0.05194805194805195,0.06493506493506493,0.0,0.0,0.0,0.12987012987012986,0.0,0.0,0.0,0.0,0.07792207792207792,0.0,0.0,0.0,0.0,0.0,0.03896103896103896,0.18181818181818182,0.025974025974025976,0.0,0.35064935064935066,0.013157894736842105,0.07894736842105263,0.013157894736842105,0.0,0.02631578947368421,0.0,0.0,0.0,0.0,0.19736842105263158,0.0,0.0,0.0,0.0,0.06578947368421052,0.0,0.0,0.0,0.0,0.0,0.10526315789473684,0.11842105263157894,0.06578947368421052,0.0,0.3157894736842105,0.0,0.013333333333333334,0.013333333333333334,0.0,0.10666666666666667,0.013333333333333334,0.013333333333333334,0.05333333333333334,0.0,0.12,0.0,0.013333333333333334,0.0,0.0,0.05333333333333334,0.0,0.0,0.0,0.0,0.0,0.10666666666666667,0.16,0.013333333333333334,0.0,0.32,0.0,0.02702702702702703,0.0,0.0,0.10810810810810811,0.013513513513513514,0.16216216216216217,0.0,0.0,0.02702702702702703,0.013513513513513514,0.0,0.0,0.0,0.05405405405405406,0.0,0.0,0.0,0.0,0.0,0.0945945945945946,0.013513513513513514,0.08108108108108109,0.0,0.40540540540540543,0.0136986301369863,0.0136986301369863,0.0,0.0,0.0958904109589041,0.0136986301369863,0.0136986301369863,0.0,0.0,0.1780821917808219,0.0,0.0547945205479452,0.0,0.0,0.0136986301369863,0.0,0.0,0.0,0.0,0.0,0.0958904109589041,0.1232876712328767,0.0821917808219178,0.0,0.3013698630136986
0,0.30434782608695654,0.043478260869565216,0.043478260869565216,0.0,0.13043478260869565,0.08695652173913043,0.0,0.0,0.0,0.043478260869565216,0.043478260869565216,0.043478260869565216,0.043478260869565216,0.0,0.043478260869565216,0.0,0.0,0.0,0.0,0.0,0.08695652173913043,0.0,0.08695652173913043,0.0,0.0,0.2727272727272727,0.045454545454545456,0.13636363636363635,0.0,0.09090909090909091,0.045454545454545456,0.0,0.0,0.0,0.09090909090909091,0.045454545454545456,0.045454545454545456,0.0,0.0,0.045454545454545456,0.0,0.0,0.0,0.0,0.0,0.13636363636363635,0.0,0.045454545454545456,0.0,0.0,0.38095238095238093,0.047619047619047616,0.14285714285714285,0.0,0.0,0.09523809523809523,0.0,0.047619047619047616,0.0,0.0,0.0,0.0,0.0,0.0,0.09523809523809523,0.0,0.0,0.0,0.0,0.0,0.047619047619047616,0.047619047619047616,0.0,0.0,0.09523809523809523,0.3,0.1,0.1,0.0,0.1,0.1,0.0,0.0,0.0,0.05,0.05,0.0,0.05,0.0,0.0,0.0,0.0,0.0,0.0,0.0,0.05,0.0,0.05,0.0,0.05,0.21052631578947367,0.05263157894736842,0.10526315789473684,0.0,0.21052631578947367,0.05263157894736842,0.05263157894736842,0.05263157894736842,0.0,0.0,0.10526315789473684,0.0,0.0,0.0,0.0,0.0,0.0,0.0,0.0,0.0,0.10526315789473684,0.0,0.05263157894736842,0.0,0.0,0.2777777777777778,0.05555555555555555,0.16666666666666666,0.0,0.05555555555555555,0.05555555555555555,0.0,0.05555555555555555,0.0,0.05555555555555555,0.0,0.05555555555555555,0.0,0.0,0.05555555555555555,0.0,0.0,0.0,0.0,0.0,0.1111111111111111,0.0,0.0,0.0,0.05555555555555555
0,0.1111111111111111,0.05555555555555555,0.08333333333333333,0.0,0.05555555555555555,0.027777777777777776,0.0,0.027777777777777776,0.0,0.05555555555555555,0.05555555555555555,0.0,0.08333333333333333,0.0,0.08333333333333333,0.0,0.027777777777777776,0.0,0.0,0.0,0.08333333333333333,0.027777777777777776,0.05555555555555555,0.027777777777777776,0.1388888888888889,0.14285714285714285,0.02857142857142857,0.05714285714285714,0.0,0.08571428571428572,0.02857142857142857,0.0,0.0,0.0,0.05714285714285714,0.08571428571428572,0.0,0.08571428571428572,0.0,0.05714285714285714,0.0,0.0,0.0,0.0,0.02857142857142857,0.02857142857142857,0.05714285714285714,0.11428571428571428,0.02857142857142857,0.11428571428571428,0.08823529411764706,0.029411764705882353,0.08823529411764706,0.0,0.11764705882352941,0.029411764705882353,0.0,0.029411764705882353,0.0,0.029411764705882353,0.029411764705882353,0.0,0.058823529411764705,0.0,0.14705882352941177,0.0,0.0,0.0,0.0,0.029411764705882353,0.11764705882352941,0.058823529411764705,0.08823529411764706,0.029411764705882353,0.029411764705882353,0.15151515151515152,0.0,0.06060606060606061,0.030303030303030304,0.09090909090909091,0.030303030303030304,0.0,0.030303030303030304,0.0,0.030303030303030304,0.06060606060606061,0.06060606060606061,0.030303030303030304,0.0,0.09090909090909091,0.0,0.0,0.030303030303030304,0.0,0.0,0.030303030303030304,0.030303030303030304,0.12121212121212122,0.0,0.12121212121212122,0.15625,0.09375,0.03125,0.0,0.0625,0.0,0.0,0.0625,0.03125,0.0,0.03125,0.0,0.0625,0.0,0.15625,0.0,0.0,0.03125,0.0,0.0,0.09375,0.0,0.09375,0.0,0.09375,0.0967741935483871,0.0,0.0967741935483871,0.03225806451612903,0.12903225806451613,0.0,0.03225806451612903,0.03225806451612903,0.0,0.03225806451612903,0.12903225806451613,0.03225806451612903,0.0,0.0,0.06451612903225806,0.0,0.0,0.03225806451612903,0.0,0.0,0.06451612903225806,0.03225806451612903,0.12903225806451613,0.0,0.06451612903225806
0,0.30434782608695654,0.0,0.0,0.0,0.2608695652173913,0.043478260869565216,0.0,0.0,0.0,0.0,0.043478260869565216,0.0,0.043478260869565216,0.0,0.043478260869565216,0.0,0.0,0.0,0.0,0.0,0.17391304347826086,0.0,0.08695652173913043,0.0,0.0,0.2727272727272727,0.0,0.09090909090909091,0.0,0.22727272727272727,0.0,0.0,0.0,0.0,0.045454545454545456,0.045454545454545456,0.0,0.0,0.0,0.045454545454545456,0.0,0.0,0.0,0.0,0.0,0.22727272727272727,0.0,0.045454545454545456,0.0,0.0,0.38095238095238093,0.0,0.14285714285714285,0.0,0.09523809523809523,0.047619047619047616,0.0,0.0,0.0,0.0,0.0,0.0,0.0,0.0,0.047619047619047616,0.0,0.0,0.0,0.0,0.0,0.14285714285714285,0.0,0.0,0.0,0.14285714285714285,0.45,0.0,0.05,0.0,0.15,0.05,0.0,0.0,0.0,0.0,0.05,0.0,0.0,0.0,0.0,0.0,0.0,0.0,0.0,0.0,0.0,0.0,0.1,0.0,0.15,0.21052631578947367,0.0,0.10526315789473684,0.0,0.3157894736842105,0.05263157894736842,0.0,0.0,0.0,0.0,0.05263157894736842,0.0,0.0,0.0,0.0,0.0,0.0,0.0,0.0,0.0,0.21052631578947367,0.0,0.05263157894736842,0.0,0.0,0.2777777777777778,0.0,0.16666666666666666,0.0,0.16666666666666666,0.0,0.0,0.0,0.0,0.05555555555555555,0.0,0.0,0.0,0.0,0.05555555555555555,0.0,0.0,0.0,0.0,0.0,0.2222222222222222,0.0,0.0,0.0,0.05555555555555555
0,0.42105263157894735,0.0,0.05263157894736842,0.0,0.15789473684210525,0.05263157894736842,0.0,0.0,0.0,0.0,0.05263157894736842,0.0,0.05263157894736842,0.0,0.05263157894736842,0.0,0.0,0.0,0.0,0.0,0.10526315789473684,0.0,0.05263157894736842,0.0,0.0,0.3888888888888889,0.0,0.1111111111111111,0.0,0.16666666666666666,0.05555555555555555,0.0,0.0,0.0,0.0,0.05555555555555555,0.0,0.0,0.0,0.05555555555555555,0.0,0.0,0.0,0.0,0.0,0.1111111111111111,0.0,0.05555555555555555,0.0,0.0,0.47058823529411764,0.0,0.17647058823529413,0.0,0.058823529411764705,0.058823529411764705,0.0,0.0,0.0,0.0,0.0,0.0,0.0,0.0,0.058823529411764705,0.0,0.0,0.0,0.0,0.0,0.058823529411764705,0.0,0.0,0.0,0.11764705882352941,0.4375,0.0,0.125,0.0,0.1875,0.0625,0.0,0.0,0.0,0.0,0.0625,0.0,0.0,0.0,0.0,0.0,0.0,0.0,0.0,0.0,0.0,0.0,0.0625,0.0,0.0625,0.3333333333333333,0.0,0.13333333333333333,0.0,0.26666666666666666,0.06666666666666667,0.0,0.0,0.0,0.0,0.06666666666666667,0.0,0.0,0.0,0.0,0.0,0.0,0.0,0.0,0.0,0.06666666666666667,0.0,0.06666666666666667,0.0,0.0,0.35714285714285715,0.0,0.14285714285714285,0.0,0.21428571428571427,0.0,0.0,0.07142857142857142,0.0,0.0,0.07142857142857142,0.0,0.0,0.0,0.0,0.0,0.0,0.0,0.0,0.0,0.07142857142857142,0.0,0.0,0.0,0.07142857142857142
0,0.21052631578947367,0.0,0.0,0.0,0.21052631578947367,0.0,0.0,0.0,0.0,0.05263157894736842,0.0,0.0,0.0,0.0,0.0,0.0,0.0,0.0,0.0,0.05263157894736842,0.21052631578947367,0.05263157894736842,0.0,0.05263157894736842,0.15789473684210525,0.2222222222222222,0.0,0.0,0.0,0.16666666666666666,0.05555555555555555,0.0,0.0,0.0,0.0,0.0,0.0,0.0,0.0,0.0,0.05555555555555555,0.0,0.0,0.0,0.0,0.1111111111111111,0.05555555555555555,0.0,0.05555555555555555,0.2777777777777778,0.23529411764705882,0.0,0.0,0.058823529411764705,0.11764705882352941,0.0,0.0,0.0,0.0,0.058823529411764705,0.0,0.0,0.0,0.0,0.0,0.0,0.0,0.0,0.0,0.058823529411764705,0.23529411764705882,0.0,0.0,0.0,0.23529411764705882,0.1875,0.0,0.0,0.0,0.25,0.0625,0.0,0.0,0.0,0.0,0.0,0.0,0.0,0.0,0.0,0.0,0.0,0.0,0.0,0.0,0.25,0.0,0.0,0.0625,0.1875,0.2,0.0,0.0,0.0,0.26666666666666666,0.06666666666666667,0.0,0.0,0.0,0.0,0.0,0.0,0.0,0.0,0.0,0.0,0.0,0.0,0.0,0.0,0.2,0.0,0.0,0.06666666666666667,0.2,0.14285714285714285,0.0,0.0,0.07142857142857142,0.2857142857142857,0.07142857142857142,0.0,0.0,0.0,0.0,0.0,0.0,0.0,0.0,0.0,0.0,0.0,0.0,0.0,0.0,0.2857142857142857,0.0,0.0,0.0,0.14285714285714285
0,0.23076923076923078,0.0,0.0,0.0,0.23076923076923078,0.23076923076923078,0.0,0.0,0.0,0.0,0.0,0.07692307692307693,0.0,0.0,0.0,0.0,0.0,0.0,0.0,0.0,0.07692307692307693,0.07692307692307693,0.07692307692307693,0.0,0.0,0.16666666666666666,0.08333333333333333,0.08333333333333333,0.0,0.16666666666666666,0.08333333333333333,0.0,0.0,0.0,0.08333333333333333,0.08333333333333333,0.0,0.0,0.0,0.0,0.0,0.0,0.0,0.0,0.0,0.16666666666666666,0.08333333333333333,0.0,0.0,0.0,0.2727272727272727,0.18181818181818182,0.0,0.0,0.09090909090909091,0.0,0.0,0.09090909090909091,0.0,0.09090909090909091,0.0,0.0,0.0,0.0,0.0,0.0,0.0,0.0,0.0,0.0,0.18181818181818182,0.0,0.0,0.0,0.09090909090909091,0.4,0.1,0.0,0.0,0.1,0.1,0.1,0.0,0.0,0.0,0.0,0.0,0.0,0.0,0.0,0.0,0.0,0.0,0.0,0.0,0.0,0.0,0.1,0.0,0.1,0.2222222222222222,0.0,0.1111111111111111,0.0,0.2222222222222222,0.2222222222222222,0.0,0.0,0.0,0.0,0.0,0.0,0.0,0.0,0.0,0.0,0.0,0.0,0.0,0.0,0.0,0.2222222222222222,0.0,0.0,0.0,0.0,0.25,0.125,0.0,0.25,0.125,0.0,0.0,0.0,0.0,0.0,0.0,0.0,0.0,0.0,0.0,0.0,0.0,0.0,0.0,0.25,0.0,0.0,0.0,0.0
0,0.09782608695652174,0.05434782608695652,0.05434782608695652,0.03260869565217391,0.11956521739130435,0.043478260869565216,0.010869565217391304,0.043478260869565216,0.021739130434782608,0.0,0.06521739130434782,0.010869565217391304,0.0,0.021739130434782608,0.07608695652173914,0.043478260869565216,0.043478260869565216,0.010869565217391304,0.0,0.0,0.10869565217391304,0.010869565217391304,0.06521739130434782,0.010869565217391304,0.05434782608695652,0.15384615384615385,0.03296703296703297,0.04395604395604396,0.03296703296703297,0.0989010989010989,0.04395604395604396,0.02197802197802198,0.03296703296703297,0.0,0.02197802197802198,0.054945054945054944,0.02197802197802198,0.03296703296703297,0.0,0.054945054945054944,0.01098901098901099,0.01098901098901099,0.04395604395604396,0.01098901098901099,0.02197802197802198,0.0989010989010989,0.03296703296703297,0.02197802197802198,0.04395604395604396,0.054945054945054944,0.12222222222222222,0.05555555555555555,0.06666666666666667,0.05555555555555555,0.06666666666666667,0.05555555555555555,0.0,0.011111111111111112,0.011111111111111112,0.03333333333333333,0.06666666666666667,0.022222222222222223,0.022222222222222223,0.011111111111111112,0.044444444444444446,0.03333333333333333,0.011111111111111112,0.022222222222222223,0.0,0.03333333333333333,0.08888888888888889,0.03333333333333333,0.044444444444444446,0.011111111111111112,0.07777777777777778,0.12359550561797752,0.056179775280898875,0.056179775280898875,0.011235955056179775,0.11235955056179775,0.0449438202247191,0.02247191011235955,0.011235955056179775,0.0,0.033707865168539325,0.0449438202247191,0.02247191011235955,0.011235955056179775,0.033707865168539325,0.056179775280898875,0.0449438202247191,0.0,0.033707865168539325,0.011235955056179775,0.011235955056179775,0.10112359550561797,0.02247191011235955,0.056179775280898875,0.033707865168539325,0.0449438202247191,0.09090909090909091,0.03409090909090909,0.07954545454545454,0.022727272727272728,0.125,0.06818181818181818,0.011363636363636364,0.011363636363636364,0.011363636363636364,0.011363636363636364,0.06818181818181818,0.03409090909090909,0.03409090909090909,0.011363636363636364,0.022727272727272728,0.03409090909090909,0.022727272727272728,0.0,0.0,0.045454545454545456,0.10227272727272728,0.022727272727272728,0.045454545454545456,0.045454545454545456,0.045454545454545456,0.14942528735632185,0.04597701149425287,0.05747126436781609,0.022988505747126436,0.08045977011494253,0.022988505747126436,0.022988505747126436,0.022988505747126436,0.022988505747126436,0.022988505747126436,0.05747126436781609,0.011494252873563218,0.022988505747126436,0.04597701149425287,0.034482758620689655,0.04597701149425287,0.011494252873563218,0.022988505747126436,0.0,0.022988505747126436,0.08045977011494253,0.034482758620689655,0.04597701149425287,0.0,0.09195402298850575
0,0.28846153846153844,0.057692307692307696,0.019230769230769232,0.0,0.11538461538461539,0.038461538461538464,0.0,0.0,0.0,0.019230769230769232,0.057692307692307696,0.0,0.019230769230769232,0.0,0.057692307692307696,0.0,0.0,0.019230769230769232,0.0,0.019230769230769232,0.09615384615384616,0.0,0.07692307692307693,0.019230769230769232,0.09615384615384616,0.27450980392156865,0.0392156862745098,0.0784313725490196,0.0,0.09803921568627451,0.0392156862745098,0.0,0.0196078431372549,0.0,0.0,0.058823529411764705,0.0,0.0,0.0,0.0784313725490196,0.0,0.0,0.0196078431372549,0.0196078431372549,0.0,0.11764705882352941,0.0196078431372549,0.0196078431372549,0.0,0.11764705882352941,0.32,0.04,0.06,0.0,0.08,0.02,0.0,0.0,0.0,0.04,0.06,0.0,0.0,0.0,0.06,0.02,0.0,0.02,0.0,0.0,0.08,0.02,0.06,0.0,0.12,0.30612244897959184,0.061224489795918366,0.0,0.0,0.14285714285714285,0.02040816326530612,0.0,0.02040816326530612,0.0,0.02040816326530612,0.061224489795918366,0.0,0.02040816326530612,0.0,0.04081632653061224,0.0,0.0,0.02040816326530612,0.0,0.02040816326530612,0.12244897959183673,0.0,0.061224489795918366,0.0,0.08163265306122448,0.2916666666666667,0.041666666666666664,0.041666666666666664,0.0,0.14583333333333334,0.041666666666666664,0.0,0.0,0.0,0.0,0.041666666666666664,0.020833333333333332,0.0,0.0,0.0625,0.020833333333333332,0.0,0.0,0.0,0.020833333333333332,0.125,0.0,0.0625,0.0,0.08333333333333333,0.3191489361702128,0.0425531914893617,0.0851063829787234,0.0,0.06382978723404255,0.0,0.0,0.0,0.0,0.0425531914893617,0.0851063829787234,0.0,0.02127659574468085,0.0,0.02127659574468085,0.0,0.0,0.0,0.0,0.0425531914893617,0.10638297872340426,0.02127659574468085,0.0,0.0,0.14893617021276595
0,0.1794871794871795,0.05128205128205128,0.05128205128205128,0.0,0.1794871794871795,0.0,0.0,0.02564102564102564,0.0,0.02564102564102564,0.07692307692307693,0.0,0.0,0.0,0.07692307692307693,0.02564102564102564,0.0,0.0,0.0,0.0,0.15384615384615385,0.0,0.07692307692307693,0.02564102564102564,0.05128205128205128,0.15789473684210525,0.02631578947368421,0.13157894736842105,0.0,0.15789473684210525,0.02631578947368421,0.0,0.0,0.0,0.02631578947368421,0.10526315789473684,0.0,0.0,0.0,0.02631578947368421,0.02631578947368421,0.0,0.0,0.0,0.0,0.13157894736842105,0.02631578947368421,0.02631578947368421,0.02631578947368421,0.10526315789473684,0.24324324324324326,0.0,0.02702702702702703,0.02702702702702703,0.1891891891891892,0.02702702702702703,0.0,0.0,0.0,0.02702702702702703,0.0,0.05405405405405406,0.02702702702702703,0.0,0.05405405405405406,0.0,0.0,0.0,0.0,0.02702702702702703,0.1891891891891892,0.0,0.10810810810810811,0.0,0.0,0.19444444444444445,0.027777777777777776,0.08333333333333333,0.0,0.16666666666666666,0.0,0.0,0.05555555555555555,0.0,0.0,0.08333333333333333,0.0,0.027777777777777776,0.0,0.027777777777777776,0.027777777777777776,0.0,0.0,0.0,0.0,0.16666666666666666,0.027777777777777776,0.0,0.0,0.1111111111111111,0.17142857142857143,0.05714285714285714,0.14285714285714285,0.0,0.11428571428571428,0.05714285714285714,0.0,0.0,0.0,0.0,0.08571428571428572,0.0,0.0,0.0,0.05714285714285714,0.02857142857142857,0.0,0.0,0.0,0.0,0.11428571428571428,0.0,0.02857142857142857,0.0,0.14285714285714285,0.20588235294117646,0.0,0.058823529411764705,0.0,0.20588235294117646,0.058823529411764705,0.0,0.0,0.0,0.0,0.029411764705882353,0.029411764705882353,0.058823529411764705,0.0,0.029411764705882353,0.029411764705882353,0.0,0.0,0.0,0.0,0.11764705882352941,0.029411764705882353,0.058823529411764705,0.0,0.08823529411764706
0,0.027777777777777776,0.027777777777777776,0.1111111111111111,0.027777777777777776,0.08333333333333333,0.027777777777777776,0.0,0.0,0.0,0.08333333333333333,0.08333333333333333,0.027777777777777776,0.027777777777777776,0.0,0.027777777777777776,0.027777777777777776,0.0,0.027777777777777776,0.0,0.0,0.1111111111111111,0.05555555555555555,0.027777777777777776,0.0,0.19444444444444445,0.08571428571428572,0.0,0.02857142857142857,0.0,0.14285714285714285,0.02857142857142857,0.0,0.02857142857142857,0.0,0.05714285714285714,0.08571428571428572,0.0,0.02857142857142857,0.02857142857142857,0.02857142857142857,0.0,0.02857142857142857,0.0,0.0,0.02857142857142857,0.08571428571428572,0.08571428571428572,0.08571428571428572,0.0,0.14285714285714285,0.029411764705882353,0.029411764705882353,0.08823529411764706,0.0,0.11764705882352941,0.058823529411764705,0.0,0.029411764705882353,0.0,0.029411764705882353,0.08823529411764706,0.0,0.0,0.0,0.08823529411764706,0.029411764705882353,0.0,0.0,0.0,0.029411764705882353,0.08823529411764706,0.058823529411764705,0.058823529411764705,0.029411764705882353,0.14705882352941177,0.09090909090909091,0.030303030303030304,0.030303030303030304,0.0,0.12121212121212122,0.030303030303030304,0.0,0.030303030303030304,0.030303030303030304,0.030303030303030304,0.030303030303030304,0.0,0.030303030303030304,0.0,0.12121212121212122,0.0,0.030303030303030304,0.0,0.0,0.030303030303030304,0.12121212121212122,0.030303030303030304,0.09090909090909091,0.0,0.12121212121212122,0.0625,0.0625,0.03125,0.03125,0.09375,0.0625,0.0,0.0625,0.0,0.0,0.03125,0.0,0.03125,0.0,0.09375,0.03125,0.0,0.0,0.0,0.03125,0.09375,0.03125,0.0625,0.0,0.1875,0.0967741935483871,0.0,0.03225806451612903,0.0,0.12903225806451613,0.03225806451612903,0.03225806451612903,0.0,0.0,0.06451612903225806,0.0,0.06451612903225806,0.06451612903225806,0.0,0.03225806451612903,0.03225806451612903,0.0,0.03225806451612903,0.0,0.0,0.0967741935483871,0.0,0.06451612903225806,0.03225806451612903,0.1935483870967742
0,0.34782608695652173,0.0,0.0,0.0,0.21739130434782608,0.08695652173913043,0.0,0.0,0.0,0.0,0.0,0.043478260869565216,0.043478260869565216,0.0,0.043478260869565216,0.0,0.0,0.0,0.0,0.0,0.13043478260869565,0.0,0.08695652173913043,0.0,0.0,0.36363636363636365,0.0,0.09090909090909091,0.0,0.13636363636363635,0.0,0.0,0.0,0.0,0.09090909090909091,0.045454545454545456,0.0,0.0,0.0,0.045454545454545456,0.0,0.0,0.0,0.0,0.0,0.13636363636363635,0.045454545454545456,0.045454545454545456,0.0,0.0,0.38095238095238093,0.047619047619047616,0.14285714285714285,0.0,0.047619047619047616,0.09523809523809523,0.0,0.0,0.0,0.0,0.0,0.0,0.0,0.0,0.047619047619047616,0.0,0.0,0.0,0.0,0.0,0.09523809523809523,0.0,0.0,0.0,0.14285714285714285,0.35,0.05,0.05,0.0,0.2,0.1,0.0,0.0,0.0,0.0,0.05,0.0,0.0,0.0,0.0,0.0,0.0,0.0,0.0,0.0,0.05,0.0,0.1,0.0,0.05,0.3157894736842105,0.0,0.10526315789473684,0.0,0.21052631578947367,0.05263157894736842,0.0,0.0,0.0,0.05263157894736842,0.05263157894736842,0.0,0.0,0.0,0.0,0.0,0.0,0.0,0.0,0.0,0.10526315789473684,0.05263157894736842,0.05263157894736842,0.0,0.0,0.2777777777777778,0.05555555555555555,0.1111111111111111,0.0,0.16666666666666666,0.05555555555555555,0.0,0.05555555555555555,0.0,0.0,0.0,0.0,0.0,0.0,0.05555555555555555,0.0,0.0,0.0,0.0,0.0,0.16666666666666666,0.0,0.0,0.0,0.05555555555555555
0,0.15151515151515152,0.0,0.06060606060606061,0.0,0.12121212121212122,0.030303030303030304,0.0,0.06060606060606061,0.0,0.0,0.030303030303030304,0.0,0.06060606060606061,0.0,0.09090909090909091,0.0,0.0,0.0,0.0,0.030303030303030304,0.12121212121212122,0.09090909090909091,0.030303030303030304,0.0,0.12121212121212122,0.0625,0.03125,0.0625,0.0,0.1875,0.0,0.0,0.03125,0.0,0.0625,0.125,0.0,0.03125,0.0,0.03125,0.03125,0.0,0.0,0.0,0.0,0.125,0.0625,0.09375,0.0,0.0625,0.0967741935483871,0.06451612903225806,0.0967741935483871,0.0,0.0967741935483871,0.03225806451612903,0.0,0.0,0.0,0.06451612903225806,0.12903225806451613,0.0,0.03225806451612903,0.0,0.03225806451612903,0.0,0.0,0.0,0.0,0.03225806451612903,0.06451612903225806,0.03225806451612903,0.0967741935483871,0.0,0.12903225806451613,0.1,0.03333333333333333,0.16666666666666666,0.0,0.06666666666666667,0.06666666666666667,0.0,0.03333333333333333,0.0,0.0,0.1,0.0,0.0,0.0,0.06666666666666667,0.0,0.03333333333333333,0.0,0.0,0.0,0.06666666666666667,0.03333333333333333,0.03333333333333333,0.0,0.2,0.10344827586206896,0.034482758620689655,0.06896551724137931,0.0,0.1724137931034483,0.06896551724137931,0.0,0.0,0.0,0.0,0.034482758620689655,0.0,0.034482758620689655,0.0,0.10344827586206896,0.034482758620689655,0.0,0.0,0.0,0.0,0.10344827586206896,0.034482758620689655,0.13793103448275862,0.0,0.06896551724137931,0.14285714285714285,0.03571428571428571,0.03571428571428571,0.0,0.17857142857142858,0.03571428571428571,0.0,0.03571428571428571,0.0,0.0,0.03571428571428571,0.0,0.03571428571428571,0.0,0.10714285714285714,0.0,0.0,0.03571428571428571,0.0,0.0,0.10714285714285714,0.03571428571428571,0.10714285714285714,0.0,0.07142857142857142
0,0.09090909090909091,0.09090909090909091,0.0,0.0,0.12121212121212122,0.030303030303030304,0.0,0.0,0.0,0.06060606060606061,0.0,0.0,0.030303030303030304,0.030303030303030304,0.030303030303030304,0.030303030303030304,0.0,0.0,0.0,0.030303030303030304,0.15151515151515152,0.0,0.09090909090909091,0.030303030303030304,0.18181818181818182,0.0625,0.03125,0.03125,0.0,0.1875,0.03125,0.0,0.0625,0.0,0.0,0.03125,0.0,0.0,0.03125,0.03125,0.03125,0.0,0.0,0.0,0.03125,0.125,0.0625,0.03125,0.03125,0.1875,0.06451612903225806,0.03225806451612903,0.0967741935483871,0.0,0.12903225806451613,0.03225806451612903,0.0,0.03225806451612903,0.0,0.0,0.03225806451612903,0.0,0.0,0.0,0.06451612903225806,0.0,0.03225806451612903,0.0,0.0,0.03225806451612903,0.12903225806451613,0.03225806451612903,0.0,0.06451612903225806,0.22580645161290322,0.06666666666666667,0.0,0.06666666666666667,0.03333333333333333,0.13333333333333333,0.0,0.03333333333333333,0.0,0.03333333333333333,0.0,0.03333333333333333,0.03333333333333333,0.0,0.0,0.03333333333333333,0.06666666666666667,0.0,0.0,0.0,0.0,0.1,0.03333333333333333,0.06666666666666667,0.0,0.26666666666666666,0.10344827586206896,0.034482758620689655,0.034482758620689655,0.034482758620689655,0.06896551724137931,0.0,0.0,0.0,0.0,0.06896551724137931,0.034482758620689655,0.034482758620689655,0.0,0.0,0.034482758620689655,0.034482758620689655,0.0,0.0,0.0,0.034482758620689655,0.10344827586206896,0.034482758620689655,0.06896551724137931,0.034482758620689655,0.2413793103448276,0.0,0.03571428571428571,0.0,0.0,0.21428571428571427,0.03571428571428571,0.0,0.03571428571428571,0.0,0.0,0.07142857142857142,0.0,0.0,0.03571428571428571,0.0,0.03571428571428571,0.0,0.0,0.0,0.03571428571428571,0.14285714285714285,0.07142857142857142,0.07142857142857142,0.03571428571428571,0.17857142857142858
0,0.32,0.04,0.12,0.0,0.12,0.04,0.04,0.0,0.0,0.04,0.12,0.0,0.04,0.0,0.0,0.0,0.0,0.0,0.0,0.0,0.12,0.0,0.0,0.0,0.0,0.2916666666666667,0.0,0.125,0.0,0.16666666666666666,0.08333333333333333,0.0,0.041666666666666664,0.0,0.0,0.125,0.041666666666666664,0.0,0.0,0.0,0.0,0.0,0.0,0.0,0.0,0.125,0.0,0.0,0.0,0.0,0.34782608695652173,0.043478260869565216,0.043478260869565216,0.0,0.13043478260869565,0.08695652173913043,0.0,0.043478260869565216,0.0,0.0,0.13043478260869565,0.0,0.0,0.0,0.043478260869565216,0.0,0.0,0.0,0.0,0.0,0.043478260869565216,0.0,0.08695652173913043,0.0,0.0,0.45454545454545453,0.0,0.045454545454545456,0.0,0.045454545454545456,0.045454545454545456,0.045454545454545456,0.045454545454545456,0.0,0.0,0.09090909090909091,0.0,0.0,0.0,0.09090909090909091,0.0,0.0,0.0,0.0,0.0,0.045454545454545456,0.0,0.045454545454545456,0.0,0.045454545454545456,0.38095238095238093,0.0,0.09523809523809523,0.0,0.09523809523809523,0.0,0.047619047619047616,0.047619047619047616,0.0,0.047619047619047616,0.14285714285714285,0.0,0.0,0.0,0.047619047619047616,0.0,0.0,0.0,0.0,0.0,0.09523809523809523,0.0,0.0,0.0,0.0,0.3,0.0,0.1,0.0,0.15,0.1,0.0,0.0,0.0,0.05,0.15,0.0,0.05,0.0,0.0,0.0,0.0,0.0,0.0,0.0,0.1,0.0,0.0,0.0,0.0
0,0.4166666666666667,0.08333333333333333,0.0,0.0,0.16666666666666666,0.08333333333333333,0.0,0.0,0.0,0.0,0.0,0.0,0.0,0.0,0.0,0.0,0.0,0.0,0.0,0.0,0.16666666666666666,0.0,0.0,0.0,0.08333333333333333,0.45454545454545453,0.0,0.0,0.0,0.18181818181818182,0.0,0.0,0.0,0.0,0.09090909090909091,0.0,0.0,0.0,0.0,0.0,0.0,0.0,0.0,0.0,0.0,0.18181818181818182,0.09090909090909091,0.0,0.0,0.0,0.5,0.0,0.0,0.0,0.2,0.1,0.0,0.0,0.0,0.0,0.0,0.0,0.0,0.0,0.0,0.0,0.0,0.0,0.0,0.0,0.1,0.1,0.0,0.0,0.0,0.4444444444444444,0.1111111111111111,0.0,0.0,0.2222222222222222,0.1111111111111111,0.0,0.0,0.0,0.0,0.0,0.0,0.0,0.0,0.0,0.0,0.0,0.0,0.0,0.0,0.1111111111111111,0.0,0.0,0.0,0.0,0.375,0.125,0.0,0.0,0.25,0.125,0.0,0.0,0.0,0.0,0.0,0.0,0.0,0.0,0.0,0.0,0.0,0.0,0.0,0.0,0.125,0.0,0.0,0.0,0.0,0.2857142857142857,0.14285714285714285,0.0,0.0,0.2857142857142857,0.14285714285714285,0.0,0.0,0.0,0.0,0.0,0.0,0.0,0.0,0.0,0.0,0.0,0.0,0.0,0.0,0.14285714285714285,0.0,0.0,0.0,0.0
0,0.0,0.0,0.0,0.0,0.07692307692307693,0.07692307692307693,0.0,0.15384615384615385,0.0,0.0,0.0,0.0,0.0,0.07692307692307693,0.07692307692307693,0.0,0.0,0.0,0.0,0.07692307692307693,0.0,0.15384615384615385,0.0,0.0,0.3076923076923077,0.0,0.0,0.0,0.0,0.08333333333333333,0.0,0.0,0.0,0.08333333333333333,0.16666666666666666,0.0,0.0,0.0,0.0,0.16666666666666666,0.0,0.08333333333333333,0.0,0.0,0.0,0.0,0.08333333333333333,0.16666666666666666,0.0,0.16666666666666666,0.0,0.0,0.0,0.0,0.09090909090909091,0.0,0.0,0.0,0.0,0.2727272727272727,0.0,0.09090909090909091,0.0,0.0,0.0,0.0,0.0,0.09090909090909091,0.0,0.0,0.0,0.09090909090909091,0.09090909090909091,0.09090909090909091,0.18181818181818182,0.0,0.0,0.0,0.0,0.1,0.0,0.1,0.0,0.0,0.1,0.0,0.0,0.1,0.0,0.0,0.0,0.0,0.0,0.0,0.1,0.0,0.1,0.1,0.1,0.2,0.0,0.1111111111111111,0.0,0.0,0.0,0.0,0.0,0.1111111111111111,0.0,0.1111111111111111,0.0,0.0,0.0,0.0,0.1111111111111111,0.0,0.0,0.0,0.0,0.1111111111111111,0.0,0.1111111111111111,0.1111111111111111,0.1111111111111111,0.1111111111111111,0.0,0.0,0.125,0.0,0.0,0.0,0.125,0.0,0.0,0.125,0.0,0.0,0.0,0.0,0.125,0.0,0.0,0.0,0.0,0.0,0.0,0.125,0.125,0.125,0.125
0,0.17857142857142858,0.03571428571428571,0.10714285714285714,0.07142857142857142,0.10714285714285714,0.03571428571428571,0.0,0.0,0.0,0.0,0.07142857142857142,0.0,0.0,0.0,0.10714285714285714,0.0,0.0,0.03571428571428571,0.0,0.03571428571428571,0.17857142857142858,0.0,0.03571428571428571,0.0,0.0,0.14814814814814814,0.0,0.07407407407407407,0.037037037037037035,0.2222222222222222,0.0,0.0,0.0,0.037037037037037035,0.0,0.07407407407407407,0.0,0.07407407407407407,0.0,0.037037037037037035,0.07407407407407407,0.0,0.0,0.0,0.0,0.18518518518518517,0.0,0.037037037037037035,0.0,0.0,0.2692307692307692,0.0,0.07692307692307693,0.038461538461538464,0.07692307692307693,0.0,0.0,0.0,0.0,0.038461538461538464,0.15384615384615385,0.0,0.0,0.0,0.038461538461538464,0.0,0.0,0.07692307692307693,0.0,0.0,0.038461538461538464,0.0,0.038461538461538464,0.038461538461538464,0.11538461538461539,0.28,0.0,0.08,0.04,0.08,0.04,0.0,0.0,0.0,0.0,0.08,0.0,0.08,0.0,0.04,0.0,0.0,0.0,0.0,0.08,0.08,0.0,0.04,0.0,0.08,0.16666666666666666,0.0,0.125,0.041666666666666664,0.125,0.0,0.0,0.041666666666666664,0.0,0.0,0.08333333333333333,0.0,0.0,0.0,0.125,0.041666666666666664,0.0,0.041666666666666664,0.0,0.0,0.20833333333333334,0.0,0.0,0.0,0.0,0.17391304347826086,0.0,0.13043478260869565,0.043478260869565216,0.13043478260869565,0.0,0.0,0.0,0.0,0.043478260869565216,0.13043478260869565,0.0,0.0,0.0,0.043478260869565216,0.08695652173913043,0.0,0.0,0.0,0.0,0.08695652173913043,0.0,0.08695652173913043,0.0,0.043478260869565216
0,0.3333333333333333,0.08333333333333333,0.08333333333333333,0.0,0.16666666666666666,0.08333333333333333,0.0,0.0,0.0,0.0,0.08333333333333333,0.0,0.0,0.0,0.0,0.0,0.0,0.0,0.0,0.0,0.16666666666666666,0.0,0.0,0.0,0.0,0.45454545454545453,0.0,0.09090909090909091,0.0,0.09090909090909091,0.0,0.0,0.0,0.0,0.09090909090909091,0.0,0.09090909090909091,0.0,0.0,0.0,0.0,0.0,0.0,0.0,0.0,0.18181818181818182,0.0,0.0,0.0,0.0,0.5,0.1,0.1,0.0,0.0,0.1,0.0,0.0,0.0,0.0,0.0,0.0,0.0,0.0,0.0,0.0,0.0,0.0,0.0,0.0,0.1,0.0,0.0,0.0,0.1,0.3333333333333333,0.1111111111111111,0.1111111111111111,0.0,0.1111111111111111,0.1111111111111111,0.0,0.0,0.0,0.0,0.0,0.0,0.0,0.0,0.0,0.0,0.0,0.0,0.0,0.0,0.2222222222222222,0.0,0.0,0.0,0.0,0.5,0.125,0.0,0.0,0.0,0.0,0.0,0.0,0.0,0.125,0.0,0.0,0.0,0.0,0.0,0.0,0.0,0.0,0.0,0.0,0.125,0.0,0.125,0.0,0.0,0.2857142857142857,0.14285714285714285,0.14285714285714285,0.0,0.0,0.14285714285714285,0.0,0.0,0.0,0.0,0.0,0.0,0.0,0.0,0.0,0.0,0.0,0.0,0.0,0.0,0.2857142857142857,0.0,0.0,0.0,0.0
0,0.3,0.0,0.1,0.1,0.05,0.05,0.0,0.0,0.0,0.0,0.1,0.05,0.0,0.05,0.0,0.1,0.0,0.05,0.0,0.0,0.0,0.0,0.05,0.0,0.0,0.21052631578947367,0.0,0.21052631578947367,0.10526315789473684,0.05263157894736842,0.0,0.0,0.0,0.05263157894736842,0.0,0.15789473684210525,0.0,0.0,0.0,0.0,0.15789473684210525,0.0,0.0,0.0,0.0,0.0,0.05263157894736842,0.0,0.0,0.0,0.3333333333333333,0.05555555555555555,0.05555555555555555,0.1111111111111111,0.05555555555555555,0.0,0.0,0.05555555555555555,0.0,0.0,0.1111111111111111,0.0,0.0,0.05555555555555555,0.0,0.0,0.0,0.1111111111111111,0.0,0.0,0.05555555555555555,0.0,0.0,0.0,0.0,0.4117647058823529,0.058823529411764705,0.11764705882352941,0.0,0.0,0.058823529411764705,0.0,0.0,0.0,0.0,0.0,0.0,0.11764705882352941,0.0,0.058823529411764705,0.058823529411764705,0.0,0.0,0.058823529411764705,0.0,0.0,0.0,0.0,0.058823529411764705,0.0,0.25,0.0625,0.125,0.125,0.0625,0.0,0.0,0.0,0.0,0.0,0.125,0.0,0.0625,0.0,0.0,0.125,0.0,0.0,0.0,0.0,0.0,0.0,0.0625,0.0,0.0,0.2,0.0,0.26666666666666666,0.13333333333333333,0.06666666666666667,0.0,0.0,0.0,0.0,0.0,0.06666666666666667,0.06666666666666667,0.0,0.0,0.0,0.13333333333333333,0.0,0.0,0.0,0.0,0.06666666666666667,0.0,0.0,0.0,0.0
0,0.09523809523809523,0.023809523809523808,0.07142857142857142,0.0,0.14285714285714285,0.023809523809523808,0.0,0.023809523809523808,0.0,0.023809523809523808,0.09523809523809523,0.023809523809523808,0.023809523809523808,0.0,0.09523809523809523,0.023809523809523808,0.0,0.0,0.0,0.0,0.07142857142857142,0.023809523809523808,0.14285714285714285,0.023809523809523808,0.07142857142857142,0.07317073170731707,0.0,0.12195121951219512,0.0,0.14634146341463414,0.0,0.024390243902439025,0.0,0.0,0.04878048780487805,0.0975609756097561,0.0,0.07317073170731707,0.0,0.04878048780487805,0.0,0.024390243902439025,0.0,0.0,0.0,0.14634146341463414,0.024390243902439025,0.07317073170731707,0.024390243902439025,0.07317073170731707,0.125,0.025,0.025,0.025,0.15,0.0,0.0,0.05,0.0,0.025,0.075,0.025,0.075,0.0,0.05,0.0,0.0,0.0,0.0,0.025,0.125,0.025,0.125,0.0,0.05,0.15384615384615385,0.0,0.1794871794871795,0.0,0.02564102564102564,0.0,0.02564102564102564,0.0,0.0,0.05128205128205128,0.07692307692307693,0.0,0.02564102564102564,0.0,0.10256410256410256,0.0,0.02564102564102564,0.0,0.0,0.0,0.10256410256410256,0.02564102564102564,0.07692307692307693,0.0,0.1282051282051282,0.10526315789473684,0.02631578947368421,0.13157894736842105,0.0,0.10526315789473684,0.02631578947368421,0.0,0.05263157894736842,0.0,0.0,0.10526315789473684,0.0,0.05263157894736842,0.0,0.05263157894736842,0.0,0.0,0.02631578947368421,0.0,0.0,0.07894736842105263,0.05263157894736842,0.02631578947368421,0.0,0.15789473684210525,0.16216216216216217,0.0,0.08108108108108109,0.0,0.10810810810810811,0.02702702702702703,0.02702702702702703,0.0,0.0,0.02702702702702703,0.02702702702702703,0.0,0.08108108108108109,0.0,0.10810810810810811,0.0,0.0,0.0,0.0,0.02702702702702703,0.10810810810810811,0.02702702702702703,0.13513513513513514,0.0,0.05405405405405406
0,0.4166666666666667,0.0,0.08333333333333333,0.0,0.16666666666666666,0.08333333333333333,0.0,0.0,0.0,0.0,0.08333333333333333,0.0,0.0,0.0,0.0,0.0,0.0,0.0,0.0,0.0,0.16666666666666666,0.0,0.0,0.0,0.0,0.45454545454545453,0.0,0.09090909090909091,0.0,0.09090909090909091,0.0,0.0,0.0,0.0,0.09090909090909091,0.09090909090909091,0.0,0.0,0.0,0.0,0.0,0.0,0.0,0.0,0.0,0.18181818181818182,0.0,0.0,0.0,0.0,0.5,0.0,0.1,0.0,0.1,0.1,0.0,0.0,0.0,0.0,0.1,0.0,0.0,0.0,0.0,0.0,0.0,0.0,0.0,0.0,0.1,0.0,0.0,0.0,0.0,0.6666666666666666,0.0,0.0,0.0,0.0,0.1111111111111111,0.0,0.0,0.0,0.0,0.0,0.0,0.0,0.0,0.1111111111111111,0.0,0.0,0.0,0.0,0.0,0.0,0.0,0.1111111111111111,0.0,0.0,0.375,0.0,0.125,0.0,0.125,0.125,0.0,0.0,0.0,0.0,0.125,0.0,0.0,0.0,0.0,0.0,0.0,0.0,0.0,0.0,0.125,0.0,0.0,0.0,0.0,0.42857142857142855,0.0,0.0,0.0,0.14285714285714285,0.0,0.0,0.14285714285714285,0.0,0.0,0.14285714285714285,0.0,0.0,0.0,0.0,0.0,0.0,0.0,0.0,0.0,0.14285714285714285,0.0,0.0,0.0,0.0
0,0.09090909090909091,0.022727272727272728,0.045454545454545456,0.0,0.06818181818181818,0.022727272727272728,0.0,0.0,0.0,0.045454545454545456,0.045454545454545456,0.0,0.0,0.0,0.045454545454545456,0.0,0.022727272727272728,0.0,0.022727272727272728,0.022727272727272728,0.09090909090909091,0.022727272727272728,0.045454545454545456,0.022727272727272728,0.36363636363636365,0.06976744186046512,0.0,0.023255813953488372,0.0,0.11627906976744186,0.023255813953488372,0.023255813953488372,0.0,0.0,0.023255813953488372,0.046511627906976744,0.0,0.0,0.0,0.046511627906976744,0.0,0.023255813953488372,0.0,0.0,0.046511627906976744,0.11627906976744186,0.023255813953488372,0.06976744186046512,0.046511627906976744,0.3023255813953488,0.07142857142857142,0.0,0.023809523809523808,0.023809523809523808,0.07142857142857142,0.0,0.0,0.0,0.0,0.07142857142857142,0.047619047619047616,0.0,0.0,0.0,0.047619047619047616,0.023809523809523808,0.0,0.0,0.0,0.047619047619047616,0.11904761904761904,0.07142857142857142,0.07142857142857142,0.023809523809523808,0.2857142857142857,0.04878048780487805,0.0,0.0,0.024390243902439025,0.12195121951219512,0.024390243902439025,0.0,0.0,0.0,0.04878048780487805,0.024390243902439025,0.0,0.0,0.0,0.04878048780487805,0.0,0.0,0.024390243902439025,0.0,0.04878048780487805,0.14634146341463414,0.07317073170731707,0.07317073170731707,0.024390243902439025,0.2682926829268293,0.05,0.05,0.0,0.0,0.1,0.0,0.0,0.025,0.025,0.025,0.0,0.0,0.025,0.0,0.05,0.0,0.0,0.0,0.0,0.075,0.2,0.025,0.025,0.025,0.3,0.02564102564102564,0.0,0.02564102564102564,0.02564102564102564,0.1282051282051282,0.0,0.0,0.0,0.02564102564102564,0.05128205128205128,0.05128205128205128,0.0,0.0,0.0,0.02564102564102564,0.02564102564102564,0.0,0.02564102564102564,0.0,0.02564102564102564,0.15384615384615385,0.07692307692307693,0.02564102564102564,0.0,0.3076923076923077
0,0.06896551724137931,0.034482758620689655,0.10344827586206896,0.034482758620689655,0.10344827586206896,0.034482758620689655,0.0,0.0,0.0,0.06896551724137931,0.034482758620689655,0.034482758620689655,0.0,0.0,0.034482758620689655,0.0,0.0,0.0,0.0,0.034482758620689655,0.1724137931034483,0.034482758620689655,0.034482758620689655,0.0,0.1724137931034483,0.07142857142857142,0.0,0.03571428571428571,0.03571428571428571,0.17857142857142858,0.07142857142857142,0.03571428571428571,0.0,0.0,0.0,0.0,0.0,0.0,0.0,0.10714285714285714,0.03571428571428571,0.0,0.0,0.0,0.0,0.10714285714285714,0.07142857142857142,0.10714285714285714,0.0,0.14285714285714285,0.07407407407407407,0.037037037037037035,0.037037037037037035,0.0,0.18518518518518517,0.0,0.0,0.07407407407407407,0.0,0.037037037037037035,0.037037037037037035,0.0,0.037037037037037035,0.0,0.037037037037037035,0.0,0.0,0.0,0.0,0.037037037037037035,0.18518518518518517,0.07407407407407407,0.0,0.0,0.14814814814814814,0.038461538461538464,0.0,0.07692307692307693,0.0,0.23076923076923078,0.07692307692307693,0.0,0.0,0.0,0.0,0.038461538461538464,0.038461538461538464,0.038461538461538464,0.0,0.0,0.038461538461538464,0.0,0.0,0.0,0.0,0.11538461538461539,0.07692307692307693,0.038461538461538464,0.0,0.19230769230769232,0.16,0.08,0.0,0.0,0.12,0.0,0.0,0.04,0.0,0.04,0.04,0.0,0.0,0.0,0.04,0.0,0.0,0.04,0.0,0.0,0.08,0.04,0.08,0.0,0.24,0.125,0.041666666666666664,0.08333333333333333,0.0,0.125,0.041666666666666664,0.0,0.041666666666666664,0.0,0.0,0.041666666666666664,0.0,0.0,0.0,0.041666666666666664,0.0,0.0,0.0,0.0,0.041666666666666664,0.08333333333333333,0.08333333333333333,0.041666666666666664,0.0,0.20833333333333334
0,0.3103448275862069,0.034482758620689655,0.10344827586206896,0.0,0.10344827586206896,0.0,0.0,0.034482758620689655,0.0,0.0,0.06896551724137931,0.0,0.0,0.0,0.06896551724137931,0.0,0.0,0.0,0.0,0.034482758620689655,0.13793103448275862,0.0,0.0,0.034482758620689655,0.06896551724137931,0.21428571428571427,0.03571428571428571,0.14285714285714285,0.0,0.17857142857142858,0.0,0.0,0.0,0.0,0.03571428571428571,0.14285714285714285,0.0,0.0,0.0,0.0,0.0,0.0,0.0,0.0,0.0,0.14285714285714285,0.0,0.0,0.03571428571428571,0.07142857142857142,0.2962962962962963,0.0,0.07407407407407407,0.037037037037037035,0.18518518518518517,0.037037037037037035,0.0,0.0,0.0,0.0,0.14814814814814814,0.0,0.0,0.0,0.0,0.0,0.0,0.0,0.0,0.0,0.037037037037037035,0.0,0.07407407407407407,0.0,0.1111111111111111,0.4230769230769231,0.0,0.038461538461538464,0.0,0.15384615384615385,0.038461538461538464,0.0,0.0,0.0,0.0,0.038461538461538464,0.0,0.07692307692307693,0.0,0.038461538461538464,0.0,0.0,0.0,0.0,0.0,0.038461538461538464,0.0,0.0,0.038461538461538464,0.11538461538461539,0.36,0.0,0.08,0.0,0.16,0.0,0.0,0.04,0.0,0.0,0.12,0.0,0.0,0.0,0.04,0.0,0.0,0.0,0.0,0.0,0.08,0.0,0.0,0.04,0.08,0.25,0.0,0.125,0.041666666666666664,0.20833333333333334,0.041666666666666664,0.0,0.0,0.0,0.0,0.125,0.0,0.0,0.0,0.041666666666666664,0.0,0.0,0.0,0.0,0.0,0.125,0.0,0.0,0.0,0.041666666666666664
0,0.1,0.0,0.0,0.0,0.2,0.0,0.0,0.0,0.0,0.1,0.0,0.0,0.0,0.0,0.1,0.0,0.0,0.0,0.0,0.0,0.2,0.1,0.1,0.0,0.1,0.1111111111111111,0.0,0.1111111111111111,0.0,0.1111111111111111,0.0,0.0,0.0,0.0,0.1111111111111111,0.0,0.1111111111111111,0.0,0.0,0.0,0.0,0.0,0.0,0.0,0.0,0.2222222222222222,0.0,0.0,0.0,0.2222222222222222,0.125,0.0,0.0,0.0,0.25,0.125,0.0,0.0,0.0,0.0,0.0,0.0,0.0,0.0,0.0,0.0,0.0,0.0,0.0,0.0,0.125,0.125,0.125,0.0,0.125,0.0,0.14285714285714285,0.14285714285714285,0.0,0.14285714285714285,0.14285714285714285,0.0,0.0,0.0,0.0,0.0,0.0,0.0,0.0,0.0,0.0,0.0,0.0,0.0,0.0,0.14285714285714285,0.0,0.0,0.0,0.2857142857142857,0.0,0.0,0.16666666666666666,0.0,0.16666666666666666,0.0,0.0,0.0,0.0,0.16666666666666666,0.0,0.0,0.0,0.0,0.0,0.0,0.0,0.0,0.0,0.0,0.16666666666666666,0.16666666666666666,0.0,0.0,0.16666666666666666,0.0,0.2,0.0,0.0,0.2,0.2,0.0,0.0,0.0,0.0,0.0,0.0,0.0,0.0,0.0,0.0,0.0,0.0,0.0,0.0,0.0,0.0,0.2,0.0,0.2
0,0.42105263157894735,0.05263157894736842,0.05263157894736842,0.0,0.15789473684210525,0.05263157894736842,0.0,0.05263157894736842,0.0,0.0,0.05263157894736842,0.0,0.0,0.0,0.0,0.0,0.0,0.0,0.0,0.0,0.15789473684210525,0.0,0.0,0.0,0.0,0.4444444444444444,0.0,0.1111111111111111,0.0,0.16666666666666666,0.05555555555555555,0.0,0.0,0.0,0.0,0.0,0.05555555555555555,0.0,0.0,0.0,0.0,0.0,0.0,0.0,0.0,0.16666666666666666,0.0,0.0,0.0,0.0,0.5294117647058824,0.058823529411764705,0.058823529411764705,0.0,0.058823529411764705,0.0,0.0,0.0,0.0,0.058823529411764705,0.0,0.0,0.058823529411764705,0.0,0.0,0.0,0.0,0.0,0.0,0.0,0.11764705882352941,0.0,0.0,0.0,0.058823529411764705,0.5,0.0625,0.0625,0.0,0.125,0.0625,0.0,0.0,0.0,0.0,0.0,0.0,0.0,0.0,0.0,0.0,0.0,0.0,0.0,0.0,0.125,0.0,0.0625,0.0,0.0,0.4,0.06666666666666667,0.13333333333333333,0.0,0.13333333333333333,0.06666666666666667,0.0,0.0,0.0,0.0,0.0,0.0,0.0,0.0,0.0,0.0,0.0,0.0,0.0,0.0,0.2,0.0,0.0,0.0,0.0,0.5,0.0,0.14285714285714285,0.0,0.07142857142857142,0.07142857142857142,0.0,0.0,0.0,0.0,0.0,0.0,0.0,0.0,0.0,0.0,0.0,0.0,0.0,0.0,0.07142857142857142,0.07142857142857142,0.0,0.0,0.07142857142857142
0,0.2777777777777778,0.0,0.0,0.0,0.2777777777777778,0.05555555555555555,0.0,0.0,0.0,0.0,0.1111111111111111,0.0,0.0,0.0,0.0,0.0,0.0,0.0,0.0,0.0,0.16666666666666666,0.0,0.1111111111111111,0.0,0.0,0.23529411764705882,0.0,0.11764705882352941,0.0,0.23529411764705882,0.0,0.0,0.0,0.0,0.058823529411764705,0.058823529411764705,0.0,0.0,0.0,0.0,0.0,0.0,0.0,0.0,0.0,0.29411764705882354,0.0,0.0,0.0,0.0,0.4375,0.0,0.125,0.0,0.0625,0.0625,0.0,0.0,0.0,0.0,0.0,0.0,0.0,0.0,0.0625,0.0,0.0,0.0,0.0,0.0,0.125,0.0,0.0,0.0,0.125,0.4,0.0,0.06666666666666667,0.0,0.13333333333333333,0.06666666666666667,0.0,0.0,0.0,0.0,0.06666666666666667,0.0,0.0,0.0,0.0,0.0,0.0,0.0,0.0,0.0,0.06666666666666667,0.0,0.06666666666666667,0.0,0.13333333333333333,0.2857142857142857,0.0,0.07142857142857142,0.0,0.21428571428571427,0.0,0.0,0.0,0.0,0.07142857142857142,0.07142857142857142,0.0,0.0,0.0,0.0,0.0,0.0,0.0,0.0,0.0,0.21428571428571427,0.0,0.07142857142857142,0.0,0.0,0.3076923076923077,0.0,0.07692307692307693,0.0,0.15384615384615385,0.0,0.0,0.07692307692307693,0.0,0.0,0.0,0.0,0.0,0.0,0.07692307692307693,0.0,0.0,0.0,0.0,0.0,0.3076923076923077,0.0,0.0,0.0,0.0
0,0.3333333333333333,0.0,0.08333333333333333,0.041666666666666664,0.08333333333333333,0.041666666666666664,0.0,0.0,0.0,0.041666666666666664,0.041666666666666664,0.041666666666666664,0.041666666666666664,0.0,0.0,0.041666666666666664,0.0,0.0,0.0,0.0,0.041666666666666664,0.041666666666666664,0.041666666666666664,0.0,0.08333333333333333,0.30434782608695654,0.043478260869565216,0.08695652173913043,0.043478260869565216,0.08695652173913043,0.0,0.0,0.043478260869565216,0.0,0.043478260869565216,0.08695652173913043,0.043478260869565216,0.0,0.0,0.0,0.043478260869565216,0.0,0.0,0.0,0.0,0.08695652173913043,0.0,0.043478260869565216,0.0,0.043478260869565216,0.22727272727272727,0.045454545454545456,0.13636363636363635,0.045454545454545456,0.13636363636363635,0.09090909090909091,0.0,0.0,0.0,0.0,0.09090909090909091,0.0,0.045454545454545456,0.0,0.0,0.045454545454545456,0.0,0.0,0.0,0.0,0.09090909090909091,0.0,0.0,0.0,0.045454545454545456,0.2857142857142857,0.047619047619047616,0.14285714285714285,0.0,0.09523809523809523,0.09523809523809523,0.0,0.0,0.0,0.0,0.047619047619047616,0.0,0.047619047619047616,0.047619047619047616,0.0,0.0,0.0,0.0,0.0,0.047619047619047616,0.14285714285714285,0.0,0.0,0.0,0.0,0.2,0.05,0.2,0.05,0.05,0.1,0.0,0.0,0.0,0.0,0.15,0.0,0.0,0.0,0.0,0.0,0.0,0.0,0.0,0.05,0.15,0.0,0.0,0.0,0.0,0.2631578947368421,0.05263157894736842,0.10526315789473684,0.0,0.10526315789473684,0.05263157894736842,0.0,0.0,0.05263157894736842,0.0,0.15789473684210525,0.0,0.0,0.0,0.0,0.0,0.0,0.05263157894736842,0.0,0.0,0.10526315789473684,0.0,0.05263157894736842,0.0,0.0
0,0.030303030303030304,0.030303030303030304,0.09090909090909091,0.0,0.12121212121212122,0.030303030303030304,0.0,0.06060606060606061,0.0,0.030303030303030304,0.09090909090909091,0.0,0.030303030303030304,0.0,0.18181818181818182,0.0,0.0,0.0,0.0,0.0,0.09090909090909091,0.09090909090909091,0.12121212121212122,0.0,0.0,0.09375,0.03125,0.09375,0.0,0.0625,0.03125,0.0,0.03125,0.0,0.0625,0.03125,0.09375,0.125,0.0,0.03125,0.0,0.0,0.0,0.0,0.0,0.09375,0.0,0.0625,0.0,0.15625,0.03225806451612903,0.03225806451612903,0.06451612903225806,0.0,0.16129032258064516,0.03225806451612903,0.0,0.03225806451612903,0.0,0.03225806451612903,0.12903225806451613,0.0,0.06451612903225806,0.0,0.0967741935483871,0.0,0.0,0.0,0.0,0.0,0.03225806451612903,0.0967741935483871,0.16129032258064516,0.0,0.03225806451612903,0.1,0.03333333333333333,0.1,0.0,0.06666666666666667,0.0,0.03333333333333333,0.0,0.0,0.06666666666666667,0.06666666666666667,0.06666666666666667,0.1,0.0,0.06666666666666667,0.0,0.0,0.0,0.0,0.0,0.06666666666666667,0.0,0.13333333333333333,0.0,0.1,0.06896551724137931,0.0,0.1724137931034483,0.0,0.06896551724137931,0.0,0.06896551724137931,0.034482758620689655,0.0,0.0,0.10344827586206896,0.034482758620689655,0.034482758620689655,0.0,0.10344827586206896,0.0,0.0,0.0,0.0,0.0,0.06896551724137931,0.034482758620689655,0.06896551724137931,0.0,0.13793103448275862,0.07142857142857142,0.07142857142857142,0.10714285714285714,0.0,0.07142857142857142,0.0,0.0,0.03571428571428571,0.0,0.07142857142857142,0.07142857142857142,0.03571428571428571,0.07142857142857142,0.0,0.10714285714285714,0.0,0.0,0.0,0.0,0.0,0.10714285714285714,0.03571428571428571,0.10714285714285714,0.0,0.03571428571428571
0,0.13513513513513514,0.0,0.05405405405405406,0.0,0.13513513513513514,0.02702702702702703,0.0,0.02702702702702703,0.0,0.0,0.05405405405405406,0.0,0.0,0.0,0.13513513513513514,0.0,0.02702702702702703,0.0,0.0,0.0,0.10810810810810811,0.05405405405405406,0.10810810810810811,0.0,0.13513513513513514,0.1388888888888889,0.027777777777777776,0.0,0.0,0.16666666666666666,0.0,0.0,0.0,0.0,0.05555555555555555,0.027777777777777776,0.027777777777777776,0.05555555555555555,0.0,0.08333333333333333,0.027777777777777776,0.0,0.0,0.0,0.0,0.1388888888888889,0.0,0.1388888888888889,0.0,0.1111111111111111,0.11428571428571428,0.02857142857142857,0.08571428571428572,0.0,0.11428571428571428,0.0,0.0,0.02857142857142857,0.0,0.02857142857142857,0.08571428571428572,0.0,0.02857142857142857,0.0,0.05714285714285714,0.0,0.0,0.0,0.0,0.02857142857142857,0.11428571428571428,0.02857142857142857,0.05714285714285714,0.0,0.2,0.08823529411764706,0.029411764705882353,0.058823529411764705,0.0,0.17647058823529413,0.029411764705882353,0.0,0.029411764705882353,0.0,0.0,0.058823529411764705,0.0,0.058823529411764705,0.0,0.058823529411764705,0.0,0.0,0.0,0.0,0.029411764705882353,0.14705882352941177,0.029411764705882353,0.058823529411764705,0.0,0.14705882352941177,0.06060606060606061,0.0,0.09090909090909091,0.0,0.21212121212121213,0.0,0.0,0.030303030303030304,0.0,0.030303030303030304,0.09090909090909091,0.030303030303030304,0.030303030303030304,0.0,0.030303030303030304,0.0,0.0,0.030303030303030304,0.0,0.0,0.18181818181818182,0.030303030303030304,0.030303030303030304,0.0,0.12121212121212122,0.125,0.0625,0.0625,0.0,0.125,0.0,0.0,0.0,0.0,0.0625,0.0625,0.0,0.0,0.0,0.09375,0.0,0.0,0.0,0.0,0.03125,0.15625,0.0,0.125,0.0,0.09375
0,0.2857142857142857,0.0,0.10714285714285714,0.03571428571428571,0.07142857142857142,0.07142857142857142,0.0,0.03571428571428571,0.0,0.0,0.07142857142857142,0.0,0.07142857142857142,0.03571428571428571,0.03571428571428571,0.0,0.10714285714285714,0.0,0.0,0.0,0.07142857142857142,0.0,0.0,0.0,0.0,0.25925925925925924,0.037037037037037035,0.07407407407407407,0.037037037037037035,0.07407407407407407,0.0,0.0,0.07407407407407407,0.037037037037037035,0.0,0.1111111111111111,0.037037037037037035,0.037037037037037035,0.0,0.037037037037037035,0.07407407407407407,0.0,0.037037037037037035,0.0,0.0,0.07407407407407407,0.0,0.0,0.0,0.0,0.3076923076923077,0.038461538461538464,0.07692307692307693,0.0,0.038461538461538464,0.0,0.038461538461538464,0.038461538461538464,0.0,0.038461538461538464,0.19230769230769232,0.0,0.0,0.0,0.038461538461538464,0.0,0.0,0.07692307692307693,0.038461538461538464,0.0,0.038461538461538464,0.0,0.0,0.038461538461538464,0.0,0.36,0.0,0.04,0.0,0.04,0.08,0.0,0.04,0.0,0.0,0.12,0.0,0.04,0.04,0.04,0.0,0.04,0.04,0.0,0.04,0.0,0.04,0.04,0.0,0.0,0.16666666666666666,0.0,0.125,0.041666666666666664,0.08333333333333333,0.08333333333333333,0.0,0.041666666666666664,0.0,0.0,0.16666666666666666,0.041666666666666664,0.0,0.0,0.041666666666666664,0.08333333333333333,0.0,0.041666666666666664,0.0,0.0,0.08333333333333333,0.0,0.0,0.0,0.0,0.21739130434782608,0.043478260869565216,0.08695652173913043,0.0,0.043478260869565216,0.0,0.0,0.0,0.043478260869565216,0.08695652173913043,0.21739130434782608,0.0,0.043478260869565216,0.0,0.0,0.08695652173913043,0.0,0.043478260869565216,0.0,0.0,0.043478260869565216,0.0,0.043478260869565216,0.0,0.0
0,0.2608695652173913,0.043478260869565216,0.08695652173913043,0.0,0.13043478260869565,0.043478260869565216,0.043478260869565216,0.043478260869565216,0.0,0.0,0.08695652173913043,0.0,0.043478260869565216,0.0,0.043478260869565216,0.0,0.0,0.0,0.0,0.0,0.13043478260869565,0.0,0.0,0.0,0.043478260869565216,0.2727272727272727,0.0,0.13636363636363635,0.0,0.13636363636363635,0.045454545454545456,0.0,0.045454545454545456,0.0,0.045454545454545456,0.09090909090909091,0.0,0.0,0.0,0.045454545454545456,0.0,0.0,0.0,0.0,0.0,0.13636363636363635,0.045454545454545456,0.0,0.0,0.0,0.38095238095238093,0.0,0.09523809523809523,0.0,0.09523809523809523,0.047619047619047616,0.0,0.0,0.0,0.09523809523809523,0.047619047619047616,0.0,0.0,0.0,0.047619047619047616,0.0,0.0,0.0,0.0,0.0,0.047619047619047616,0.047619047619047616,0.09523809523809523,0.0,0.0,0.35,0.05,0.05,0.0,0.15,0.1,0.0,0.0,0.0,0.0,0.05,0.0,0.05,0.0,0.0,0.0,0.0,0.0,0.0,0.0,0.05,0.0,0.1,0.0,0.05,0.3157894736842105,0.05263157894736842,0.10526315789473684,0.0,0.10526315789473684,0.05263157894736842,0.0,0.05263157894736842,0.0,0.0,0.10526315789473684,0.0,0.0,0.0,0.0,0.0,0.0,0.0,0.0,0.0,0.05263157894736842,0.0,0.05263157894736842,0.0,0.10526315789473684,0.2222222222222222,0.05555555555555555,0.16666666666666666,0.0,0.16666666666666666,0.05555555555555555,0.0,0.05555555555555555,0.0,0.0,0.1111111111111111,0.0,0.0,0.0,0.0,0.0,0.0,0.0,0.0,0.0,0.1111111111111111,0.0,0.0,0.0,0.05555555555555555
0,0.4166666666666667,0.0,0.0,0.0,0.25,0.08333333333333333,0.0,0.0,0.0,0.0,0.0,0.0,0.0,0.0,0.0,0.0,0.0,0.0,0.0,0.0,0.25,0.0,0.0,0.0,0.0,0.45454545454545453,0.0,0.0,0.0,0.18181818181818182,0.0,0.0,0.0,0.0,0.09090909090909091,0.0,0.0,0.0,0.0,0.0,0.0,0.0,0.0,0.0,0.0,0.2727272727272727,0.0,0.0,0.0,0.0,0.5,0.0,0.0,0.0,0.1,0.1,0.0,0.0,0.0,0.0,0.0,0.0,0.0,0.0,0.0,0.0,0.0,0.0,0.0,0.0,0.2,0.0,0.0,0.0,0.1,0.5555555555555556,0.0,0.0,0.0,0.1111111111111111,0.1111111111111111,0.0,0.0,0.0,0.0,0.0,0.0,0.0,0.0,0.0,0.0,0.0,0.0,0.0,0.0,0.1111111111111111,0.0,0.0,0.0,0.1111111111111111,0.375,0.0,0.0,0.0,0.25,0.125,0.0,0.0,0.0,0.0,0.0,0.0,0.0,0.0,0.0,0.0,0.0,0.0,0.0,0.0,0.25,0.0,0.0,0.0,0.0,0.42857142857142855,0.0,0.0,0.0,0.14285714285714285,0.0,0.0,0.0,0.0,0.14285714285714285,0.0,0.0,0.0,0.0,0.0,0.0,0.0,0.0,0.0,0.0,0.2857142857142857,0.0,0.0,0.0,0.0
0,0.03225806451612903,0.03225806451612903,0.06451612903225806,0.0,0.1935483870967742,0.0,0.0,0.03225806451612903,0.0,0.03225806451612903,0.06451612903225806,0.0,0.0,0.03225806451612903,0.06451612903225806,0.03225806451612903,0.0,0.0,0.0,0.03225806451612903,0.16129032258064516,0.03225806451612903,0.0967741935483871,0.03225806451612903,0.06451612903225806,0.1,0.0,0.06666666666666667,0.03333333333333333,0.13333333333333333,0.03333333333333333,0.0,0.03333333333333333,0.0,0.0,0.06666666666666667,0.03333333333333333,0.0,0.0,0.06666666666666667,0.03333333333333333,0.0,0.0,0.0,0.03333333333333333,0.06666666666666667,0.03333333333333333,0.1,0.03333333333333333,0.13333333333333333,0.13793103448275862,0.06896551724137931,0.06896551724137931,0.06896551724137931,0.0,0.0,0.0,0.0,0.0,0.06896551724137931,0.034482758620689655,0.0,0.06896551724137931,0.0,0.06896551724137931,0.034482758620689655,0.0,0.0,0.0,0.034482758620689655,0.10344827586206896,0.0,0.06896551724137931,0.0,0.1724137931034483,0.07142857142857142,0.0,0.03571428571428571,0.0,0.21428571428571427,0.03571428571428571,0.0,0.0,0.0,0.03571428571428571,0.03571428571428571,0.0,0.07142857142857142,0.0,0.07142857142857142,0.03571428571428571,0.0,0.03571428571428571,0.0,0.0,0.14285714285714285,0.03571428571428571,0.07142857142857142,0.07142857142857142,0.03571428571428571,0.1111111111111111,0.037037037037037035,0.07407407407407407,0.037037037037037035,0.07407407407407407,0.0,0.0,0.07407407407407407,0.0,0.0,0.07407407407407407,0.0,0.0,0.037037037037037035,0.037037037037037035,0.07407407407407407,0.0,0.0,0.0,0.0,0.07407407407407407,0.0,0.07407407407407407,0.0,0.2222222222222222,0.07692307692307693,0.0,0.11538461538461539,0.038461538461538464,0.11538461538461539,0.0,0.0,0.0,0.0,0.038461538461538464,0.038461538461538464,0.0,0.0,0.0,0.11538461538461539,0.0,0.038461538461538464,0.0,0.0,0.038461538461538464,0.23076923076923078,0.0,0.07692307692307693,0.038461538461538464,0.038461538461538464
0,0.04,0.0,0.1,0.0,0.1,0.02,0.0,0.06,0.04,0.02,0.06,0.02,0.02,0.04,0.1,0.04,0.02,0.0,0.0,0.04,0.06,0.1,0.06,0.02,0.04,0.02040816326530612,0.02040816326530612,0.061224489795918366,0.0,0.14285714285714285,0.061224489795918366,0.0,0.04081632653061224,0.0,0.02040816326530612,0.04081632653061224,0.061224489795918366,0.04081632653061224,0.04081632653061224,0.061224489795918366,0.04081632653061224,0.02040816326530612,0.02040816326530612,0.02040816326530612,0.0,0.061224489795918366,0.04081632653061224,0.08163265306122448,0.04081632653061224,0.061224489795918366,0.041666666666666664,0.0625,0.041666666666666664,0.041666666666666664,0.0625,0.020833333333333332,0.020833333333333332,0.041666666666666664,0.020833333333333332,0.020833333333333332,0.10416666666666667,0.020833333333333332,0.020833333333333332,0.0,0.10416666666666667,0.0,0.0,0.041666666666666664,0.0,0.0625,0.0625,0.020833333333333332,0.10416666666666667,0.041666666666666664,0.041666666666666664,0.0425531914893617,0.0425531914893617,0.06382978723404255,0.0425531914893617,0.06382978723404255,0.0,0.0,0.02127659574468085,0.0,0.10638297872340426,0.0425531914893617,0.02127659574468085,0.0851063829787234,0.02127659574468085,0.06382978723404255,0.02127659574468085,0.0425531914893617,0.02127659574468085,0.0,0.02127659574468085,0.1276595744680851,0.02127659574468085,0.06382978723404255,0.02127659574468085,0.0425531914893617,0.06521739130434782,0.043478260869565216,0.06521739130434782,0.021739130434782608,0.043478260869565216,0.06521739130434782,0.043478260869565216,0.0,0.0,0.021739130434782608,0.021739130434782608,0.0,0.06521739130434782,0.043478260869565216,0.10869565217391304,0.0,0.021739130434782608,0.06521739130434782,0.021739130434782608,0.0,0.06521739130434782,0.021739130434782608,0.06521739130434782,0.0,0.13043478260869565,0.06666666666666667,0.0,0.044444444444444446,0.06666666666666667,0.06666666666666667,0.0,0.0,0.08888888888888889,0.0,0.044444444444444446,0.044444444444444446,0.044444444444444446,0.022222222222222223,0.022222222222222223,0.08888888888888889,0.022222222222222223,0.022222222222222223,0.044444444444444446,0.0,0.022222222222222223,0.08888888888888889,0.06666666666666667,0.044444444444444446,0.0,0.08888888888888889
0,0.20512820512820512,0.07692307692307693,0.07692307692307693,0.0,0.10256410256410256,0.02564102564102564,0.0,0.02564102564102564,0.0,0.02564102564102564,0.10256410256410256,0.0,0.02564102564102564,0.0,0.02564102564102564,0.02564102564102564,0.0,0.0,0.0,0.0,0.07692307692307693,0.0,0.05128205128205128,0.02564102564102564,0.1282051282051282,0.15789473684210525,0.02631578947368421,0.10526315789473684,0.0,0.18421052631578946,0.05263157894736842,0.0,0.0,0.0,0.02631578947368421,0.10526315789473684,0.02631578947368421,0.0,0.0,0.0,0.02631578947368421,0.0,0.0,0.0,0.0,0.10526315789473684,0.02631578947368421,0.07894736842105263,0.02631578947368421,0.05263157894736842,0.24324324324324326,0.05405405405405406,0.02702702702702703,0.02702702702702703,0.13513513513513514,0.05405405405405406,0.0,0.0,0.0,0.02702702702702703,0.02702702702702703,0.02702702702702703,0.02702702702702703,0.0,0.05405405405405406,0.0,0.0,0.0,0.0,0.02702702702702703,0.13513513513513514,0.0,0.13513513513513514,0.0,0.0,0.25,0.05555555555555555,0.08333333333333333,0.0,0.1111111111111111,0.0,0.027777777777777776,0.05555555555555555,0.0,0.0,0.05555555555555555,0.0,0.027777777777777776,0.0,0.05555555555555555,0.027777777777777776,0.0,0.0,0.0,0.0,0.1388888888888889,0.0,0.027777777777777776,0.0,0.08333333333333333,0.2,0.02857142857142857,0.2,0.0,0.08571428571428572,0.05714285714285714,0.0,0.0,0.0,0.02857142857142857,0.08571428571428572,0.0,0.0,0.0,0.05714285714285714,0.0,0.02857142857142857,0.0,0.0,0.0,0.11428571428571428,0.02857142857142857,0.0,0.0,0.08571428571428572,0.29411764705882354,0.0,0.08823529411764706,0.0,0.11764705882352941,0.058823529411764705,0.0,0.0,0.0,0.029411764705882353,0.0,0.058823529411764705,0.058823529411764705,0.0,0.029411764705882353,0.029411764705882353,0.0,0.0,0.0,0.0,0.058823529411764705,0.029411764705882353,0.058823529411764705,0.0,0.08823529411764706
0,0.17073170731707318,0.04878048780487805,0.024390243902439025,0.024390243902439025,0.17073170731707318,0.04878048780487805,0.0,0.0,0.0,0.0,0.04878048780487805,0.0,0.0,0.0,0.024390243902439025,0.024390243902439025,0.0,0.0,0.024390243902439025,0.024390243902439025,0.17073170731707318,0.0,0.04878048780487805,0.0,0.14634146341463414,0.2,0.05,0.025,0.025,0.125,0.0,0.0,0.0,0.0,0.05,0.05,0.0,0.0,0.0,0.025,0.025,0.0,0.0,0.0,0.05,0.2,0.0,0.05,0.0,0.125,0.3076923076923077,0.0,0.02564102564102564,0.0,0.10256410256410256,0.0,0.0,0.0,0.0,0.05128205128205128,0.02564102564102564,0.0,0.0,0.0,0.02564102564102564,0.0,0.0,0.0,0.0,0.07692307692307693,0.15384615384615385,0.05128205128205128,0.05128205128205128,0.02564102564102564,0.10256410256410256,0.15789473684210525,0.02631578947368421,0.02631578947368421,0.02631578947368421,0.21052631578947367,0.02631578947368421,0.0,0.02631578947368421,0.0,0.0,0.05263157894736842,0.0,0.0,0.0,0.0,0.02631578947368421,0.0,0.0,0.0,0.05263157894736842,0.23684210526315788,0.02631578947368421,0.02631578947368421,0.0,0.07894736842105263,0.2702702702702703,0.02702702702702703,0.05405405405405406,0.0,0.10810810810810811,0.02702702702702703,0.0,0.0,0.0,0.02702702702702703,0.02702702702702703,0.0,0.0,0.0,0.02702702702702703,0.02702702702702703,0.0,0.02702702702702703,0.0,0.02702702702702703,0.16216216216216217,0.02702702702702703,0.0,0.02702702702702703,0.13513513513513514,0.2777777777777778,0.027777777777777776,0.027777777777777776,0.0,0.1111111111111111,0.05555555555555555,0.0,0.0,0.0,0.0,0.0,0.027777777777777776,0.0,0.0,0.027777777777777776,0.0,0.0,0.05555555555555555,0.0,0.027777777777777776,0.19444444444444445,0.0,0.0,0.027777777777777776,0.1388888888888889
0,0.07272727272727272,0.03636363636363636,0.12727272727272726,0.05454545454545454,0.05454545454545454,0.05454545454545454,0.0,0.01818181818181818,0.0,0.03636363636363636,0.10909090909090909,0.01818181818181818,0.05454545454545454,0.01818181818181818,0.03636363636363636,0.07272727272727272,0.0,0.0,0.01818181818181818,0.01818181818181818,0.03636363636363636,0.03636363636363636,0.03636363636363636,0.01818181818181818,0.07272727272727272,0.05555555555555555,0.018518518518518517,0.07407407407407407,0.07407407407407407,0.12962962962962962,0.0,0.018518518518518517,0.07407407407407407,0.0,0.018518518518518517,0.12962962962962962,0.05555555555555555,0.05555555555555555,0.0,0.0,0.037037037037037035,0.0,0.0,0.018518518518518517,0.05555555555555555,0.12962962962962962,0.0,0.037037037037037035,0.018518518518518517,0.0,0.1320754716981132,0.05660377358490566,0.05660377358490566,0.018867924528301886,0.07547169811320754,0.018867924528301886,0.0,0.05660377358490566,0.018867924528301886,0.018867924528301886,0.09433962264150944,0.018867924528301886,0.09433962264150944,0.0,0.03773584905660377,0.018867924528301886,0.0,0.0,0.018867924528301886,0.07547169811320754,0.09433962264150944,0.0,0.03773584905660377,0.05660377358490566,0.0,0.17307692307692307,0.019230769230769232,0.07692307692307693,0.019230769230769232,0.057692307692307696,0.057692307692307696,0.019230769230769232,0.038461538461538464,0.0,0.0,0.038461538461538464,0.038461538461538464,0.07692307692307693,0.0,0.09615384615384616,0.038461538461538464,0.0,0.0,0.038461538461538464,0.019230769230769232,0.057692307692307696,0.0,0.038461538461538464,0.057692307692307696,0.038461538461538464,0.0784313725490196,0.0,0.0784313725490196,0.0784313725490196,0.09803921568627451,0.09803921568627451,0.0196078431372549,0.0,0.0,0.0,0.0784313725490196,0.0392156862745098,0.0784313725490196,0.0392156862745098,0.0196078431372549,0.0784313725490196,0.0,0.0,0.0,0.0196078431372549,0.0392156862745098,0.0196078431372549,0.058823529411764705,0.0,0.0784313725490196,0.08,0.04,0.06,0.08,0.08,0.0,0.02,0.06,0.0,0.04,0.16,0.02,0.08,0.0,0.0,0.02,0.0,0.0,0.04,0.04,0.1,0.0,0.02,0.0,0.06
0,0.18518518518518517,0.1111111111111111,0.07407407407407407,0.0,0.1111111111111111,0.037037037037037035,0.0,0.037037037037037035,0.0,0.037037037037037035,0.1111111111111111,0.0,0.07407407407407407,0.0,0.037037037037037035,0.0,0.0,0.0,0.0,0.0,0.1111111111111111,0.0,0.037037037037037035,0.0,0.037037037037037035,0.15384615384615385,0.038461538461538464,0.15384615384615385,0.0,0.15384615384615385,0.038461538461538464,0.0,0.038461538461538464,0.0,0.038461538461538464,0.11538461538461539,0.038461538461538464,0.0,0.0,0.038461538461538464,0.0,0.0,0.0,0.0,0.0,0.11538461538461539,0.038461538461538464,0.038461538461538464,0.0,0.0,0.28,0.04,0.12,0.0,0.08,0.04,0.0,0.0,0.0,0.08,0.04,0.0,0.08,0.0,0.04,0.0,0.0,0.0,0.0,0.0,0.08,0.04,0.04,0.0,0.04,0.3333333333333333,0.041666666666666664,0.041666666666666664,0.0,0.125,0.0,0.0,0.08333333333333333,0.0,0.0,0.041666666666666664,0.0,0.08333333333333333,0.0,0.041666666666666664,0.0,0.0,0.0,0.0,0.0,0.08333333333333333,0.041666666666666664,0.041666666666666664,0.0,0.041666666666666664,0.17391304347826086,0.043478260869565216,0.17391304347826086,0.0,0.13043478260869565,0.08695652173913043,0.0,0.0,0.0,0.0,0.13043478260869565,0.0,0.0,0.0,0.043478260869565216,0.0,0.0,0.0,0.0,0.0,0.043478260869565216,0.043478260869565216,0.08695652173913043,0.0,0.043478260869565216,0.22727272727272727,0.045454545454545456,0.13636363636363635,0.0,0.13636363636363635,0.045454545454545456,0.045454545454545456,0.0,0.0,0.0,0.09090909090909091,0.0,0.0,0.0,0.045454545454545456,0.0,0.0,0.0,0.0,0.0,0.045454545454545456,0.0,0.13636363636363635,0.0,0.045454545454545456
0,0.4166666666666667,0.0,0.08333333333333333,0.0,0.16666666666666666,0.08333333333333333,0.0,0.0,0.0,0.0,0.08333333333333333,0.0,0.0,0.0,0.0,0.0,0.0,0.0,0.0,0.0,0.16666666666666666,0.0,0.0,0.0,0.0,0.45454545454545453,0.0,0.09090909090909091,0.0,0.09090909090909091,0.0,0.0,0.0,0.0,0.09090909090909091,0.09090909090909091,0.0,0.0,0.0,0.0,0.0,0.0,0.0,0.0,0.0,0.18181818181818182,0.0,0.0,0.0,0.0,0.5,0.0,0.1,0.0,0.0,0.1,0.0,0.0,0.0,0.0,0.0,0.0,0.0,0.0,0.1,0.0,0.0,0.0,0.0,0.0,0.2,0.0,0.0,0.0,0.0,0.5555555555555556,0.0,0.0,0.0,0.1111111111111111,0.1111111111111111,0.0,0.0,0.0,0.0,0.1111111111111111,0.0,0.0,0.0,0.0,0.0,0.0,0.0,0.0,0.0,0.0,0.0,0.1111111111111111,0.0,0.0,0.375,0.0,0.125,0.0,0.125,0.125,0.0,0.0,0.0,0.0,0.125,0.0,0.0,0.0,0.0,0.0,0.0,0.0,0.0,0.0,0.125,0.0,0.0,0.0,0.0,0.42857142857142855,0.0,0.0,0.0,0.14285714285714285,0.0,0.0,0.14285714285714285,0.0,0.0,0.14285714285714285,0.0,0.0,0.0,0.0,0.0,0.0,0.0,0.0,0.0,0.14285714285714285,0.0,0.0,0.0,0.0
0,0.06818181818181818,0.045454545454545456,0.06818181818181818,0.045454545454545456,0.11363636363636363,0.022727272727272728,0.0,0.0,0.0,0.045454545454545456,0.045454545454545456,0.022727272727272728,0.0,0.0,0.045454545454545456,0.022727272727272728,0.0,0.0,0.0,0.022727272727272728,0.1590909090909091,0.0,0.06818181818181818,0.0,0.20454545454545456,0.09302325581395349,0.023255813953488372,0.06976744186046512,0.0,0.16279069767441862,0.046511627906976744,0.023255813953488372,0.0,0.0,0.0,0.06976744186046512,0.0,0.0,0.0,0.046511627906976744,0.023255813953488372,0.023255813953488372,0.0,0.0,0.0,0.09302325581395349,0.0,0.06976744186046512,0.046511627906976744,0.20930232558139536,0.14285714285714285,0.023809523809523808,0.0,0.023809523809523808,0.14285714285714285,0.023809523809523808,0.0,0.0,0.0,0.047619047619047616,0.0,0.023809523809523808,0.047619047619047616,0.023809523809523808,0.023809523809523808,0.0,0.0,0.023809523809523808,0.0,0.023809523809523808,0.16666666666666666,0.023809523809523808,0.047619047619047616,0.0,0.19047619047619047,0.07317073170731707,0.024390243902439025,0.07317073170731707,0.0,0.17073170731707318,0.07317073170731707,0.0,0.0,0.0,0.0,0.0,0.0,0.0,0.0,0.0975609756097561,0.04878048780487805,0.0,0.0,0.0,0.0,0.14634146341463414,0.04878048780487805,0.04878048780487805,0.04878048780487805,0.14634146341463414,0.1,0.05,0.0,0.025,0.175,0.0,0.0,0.0,0.025,0.05,0.075,0.0,0.0,0.0,0.025,0.05,0.0,0.0,0.0,0.0,0.1,0.025,0.125,0.0,0.175,0.1282051282051282,0.0,0.0,0.02564102564102564,0.20512820512820512,0.05128205128205128,0.0,0.0,0.0,0.02564102564102564,0.0,0.0,0.02564102564102564,0.0,0.07692307692307693,0.02564102564102564,0.0,0.02564102564102564,0.0,0.0,0.1282051282051282,0.07692307692307693,0.07692307692307693,0.0,0.1282051282051282
0,0.044444444444444446,0.022222222222222223,0.044444444444444446,0.044444444444444446,0.13333333333333333,0.044444444444444446,0.0,0.022222222222222223,0.0,0.0,0.06666666666666667,0.022222222222222223,0.06666666666666667,0.022222222222222223,0.06666666666666667,0.022222222222222223,0.0,0.022222222222222223,0.0,0.022222222222222223,0.08888888888888889,0.022222222222222223,0.1111111111111111,0.0,0.1111111111111111,0.06818181818181818,0.0,0.06818181818181818,0.022727272727272728,0.13636363636363635,0.022727272727272728,0.0,0.0,0.022727272727272728,0.022727272727272728,0.13636363636363635,0.022727272727272728,0.0,0.0,0.06818181818181818,0.0,0.0,0.045454545454545456,0.0,0.022727272727272728,0.045454545454545456,0.045454545454545456,0.13636363636363635,0.022727272727272728,0.09090909090909091,0.06976744186046512,0.046511627906976744,0.06976744186046512,0.0,0.11627906976744186,0.0,0.0,0.046511627906976744,0.0,0.023255813953488372,0.06976744186046512,0.023255813953488372,0.023255813953488372,0.046511627906976744,0.06976744186046512,0.023255813953488372,0.0,0.023255813953488372,0.0,0.023255813953488372,0.11627906976744186,0.0,0.09302325581395349,0.0,0.11627906976744186,0.09523809523809523,0.0,0.07142857142857142,0.023809523809523808,0.11904761904761904,0.0,0.023809523809523808,0.023809523809523808,0.0,0.023809523809523808,0.047619047619047616,0.023809523809523808,0.09523809523809523,0.0,0.07142857142857142,0.023809523809523808,0.0,0.0,0.0,0.047619047619047616,0.09523809523809523,0.023809523809523808,0.07142857142857142,0.023809523809523808,0.09523809523809523,0.07317073170731707,0.024390243902439025,0.04878048780487805,0.024390243902439025,0.12195121951219512,0.024390243902439025,0.0,0.024390243902439025,0.0,0.024390243902439025,0.024390243902439025,0.0,0.12195121951219512,0.0,0.0975609756097561,0.024390243902439025,0.0,0.024390243902439025,0.0,0.024390243902439025,0.12195121951219512,0.04878048780487805,0.04878048780487805,0.024390243902439025,0.07317073170731707,0.05,0.0,0.1,0.0,0.15,0.025,0.0,0.025,0.025,0.0,0.125,0.025,0.025,0.025,0.025,0.025,0.025,0.0,0.0,0.025,0.05,0.025,0.1,0.0,0.15
0,0.10810810810810811,0.05405405405405406,0.05405405405405406,0.0,0.08108108108108109,0.02702702702702703,0.0,0.02702702702702703,0.0,0.08108108108108109,0.05405405405405406,0.02702702702702703,0.0,0.0,0.10810810810810811,0.0,0.0,0.0,0.0,0.0,0.08108108108108109,0.05405405405405406,0.10810810810810811,0.0,0.13513513513513514,0.1388888888888889,0.027777777777777776,0.027777777777777776,0.0,0.1111111111111111,0.027777777777777776,0.0,0.027777777777777776,0.0,0.08333333333333333,0.05555555555555555,0.0,0.05555555555555555,0.0,0.05555555555555555,0.0,0.0,0.0,0.0,0.0,0.05555555555555555,0.08333333333333333,0.08333333333333333,0.0,0.16666666666666666,0.11428571428571428,0.05714285714285714,0.02857142857142857,0.0,0.11428571428571428,0.02857142857142857,0.02857142857142857,0.02857142857142857,0.0,0.02857142857142857,0.05714285714285714,0.0,0.0,0.0,0.11428571428571428,0.0,0.0,0.0,0.0,0.0,0.05714285714285714,0.02857142857142857,0.14285714285714285,0.0,0.17142857142857143,0.14705882352941177,0.0,0.029411764705882353,0.0,0.14705882352941177,0.0,0.029411764705882353,0.0,0.0,0.08823529411764706,0.029411764705882353,0.029411764705882353,0.08823529411764706,0.0,0.029411764705882353,0.0,0.0,0.0,0.0,0.0,0.08823529411764706,0.058823529411764705,0.08823529411764706,0.0,0.14705882352941177,0.12121212121212122,0.09090909090909091,0.030303030303030304,0.0,0.09090909090909091,0.030303030303030304,0.0,0.030303030303030304,0.0,0.06060606060606061,0.06060606060606061,0.0,0.0,0.0,0.12121212121212122,0.0,0.0,0.0,0.0,0.0,0.06060606060606061,0.030303030303030304,0.15151515151515152,0.0,0.12121212121212122,0.0625,0.0625,0.03125,0.0,0.1875,0.0,0.0,0.09375,0.0,0.03125,0.09375,0.03125,0.0625,0.0,0.0,0.0,0.0,0.0,0.0,0.0,0.125,0.0,0.03125,0.0,0.1875
0,0.16216216216216217,0.0,0.05405405405405406,0.0,0.13513513513513514,0.02702702702702703,0.0,0.0,0.0,0.08108108108108109,0.0,0.0,0.0,0.0,0.08108108108108109,0.0,0.0,0.0,0.0,0.0,0.13513513513513514,0.10810810810810811,0.05405405405405406,0.0,0.16216216216216217,0.08333333333333333,0.0,0.05555555555555555,0.0,0.2222222222222222,0.05555555555555555,0.027777777777777776,0.0,0.0,0.027777777777777776,0.027777777777777776,0.0,0.027777777777777776,0.0,0.027777777777777776,0.0,0.0,0.0,0.0,0.0,0.1388888888888889,0.08333333333333333,0.027777777777777776,0.0,0.19444444444444445,0.08571428571428572,0.05714285714285714,0.05714285714285714,0.0,0.17142857142857143,0.02857142857142857,0.0,0.0,0.0,0.08571428571428572,0.05714285714285714,0.0,0.0,0.0,0.0,0.0,0.0,0.0,0.0,0.0,0.14285714285714285,0.05714285714285714,0.05714285714285714,0.0,0.2,0.08823529411764706,0.058823529411764705,0.058823529411764705,0.0,0.17647058823529413,0.058823529411764705,0.0,0.029411764705882353,0.0,0.029411764705882353,0.0,0.0,0.029411764705882353,0.0,0.029411764705882353,0.0,0.0,0.0,0.0,0.0,0.14705882352941177,0.058823529411764705,0.0,0.0,0.23529411764705882,0.12121212121212122,0.030303030303030304,0.06060606060606061,0.0,0.15151515151515152,0.030303030303030304,0.030303030303030304,0.0,0.0,0.06060606060606061,0.030303030303030304,0.0,0.0,0.0,0.030303030303030304,0.0,0.0,0.0,0.0,0.0,0.12121212121212122,0.06060606060606061,0.030303030303030304,0.0,0.24242424242424243,0.15625,0.03125,0.0,0.0,0.15625,0.03125,0.0,0.03125,0.0,0.0625,0.03125,0.0,0.0,0.0,0.03125,0.0,0.0,0.0,0.0,0.0,0.09375,0.09375,0.0625,0.0,0.21875
0,0.15384615384615385,0.05128205128205128,0.07692307692307693,0.02564102564102564,0.1282051282051282,0.02564102564102564,0.0,0.0,0.0,0.02564102564102564,0.05128205128205128,0.0,0.05128205128205128,0.0,0.07692307692307693,0.02564102564102564,0.0,0.0,0.0,0.02564102564102564,0.15384615384615385,0.0,0.05128205128205128,0.02564102564102564,0.05128205128205128,0.13157894736842105,0.02631578947368421,0.13157894736842105,0.02631578947368421,0.13157894736842105,0.02631578947368421,0.0,0.0,0.0,0.02631578947368421,0.07894736842105263,0.0,0.02631578947368421,0.0,0.05263157894736842,0.05263157894736842,0.0,0.0,0.0,0.0,0.13157894736842105,0.02631578947368421,0.02631578947368421,0.02631578947368421,0.07894736842105263,0.16216216216216217,0.02702702702702703,0.02702702702702703,0.05405405405405406,0.1891891891891892,0.05405405405405406,0.0,0.0,0.0,0.0,0.08108108108108109,0.02702702702702703,0.02702702702702703,0.0,0.02702702702702703,0.0,0.0,0.0,0.0,0.05405405405405406,0.13513513513513514,0.0,0.13513513513513514,0.0,0.0,0.19444444444444445,0.027777777777777776,0.08333333333333333,0.0,0.1388888888888889,0.0,0.0,0.027777777777777776,0.027777777777777776,0.0,0.08333333333333333,0.0,0.027777777777777776,0.0,0.05555555555555555,0.05555555555555555,0.0,0.0,0.0,0.0,0.1111111111111111,0.027777777777777776,0.05555555555555555,0.0,0.08333333333333333,0.2571428571428571,0.0,0.08571428571428572,0.02857142857142857,0.08571428571428572,0.0,0.0,0.02857142857142857,0.0,0.02857142857142857,0.02857142857142857,0.02857142857142857,0.05714285714285714,0.0,0.05714285714285714,0.02857142857142857,0.02857142857142857,0.0,0.0,0.0,0.11428571428571428,0.0,0.02857142857142857,0.0,0.11428571428571428,0.20588235294117646,0.0,0.11764705882352941,0.0,0.11764705882352941,0.058823529411764705,0.0,0.0,0.0,0.0,0.029411764705882353,0.029411764705882353,0.029411764705882353,0.0,0.08823529411764706,0.029411764705882353,0.0,0.029411764705882353,0.0,0.0,0.08823529411764706,0.029411764705882353,0.029411764705882353,0.029411764705882353,0.08823529411764706
0,0.0,0.034482758620689655,0.10344827586206896,0.0,0.0,0.034482758620689655,0.0,0.034482758620689655,0.0,0.0,0.06896551724137931,0.034482758620689655,0.2413793103448276,0.10344827586206896,0.06896551724137931,0.0,0.034482758620689655,0.06896551724137931,0.034482758620689655,0.034482758620689655,0.034482758620689655,0.0,0.06896551724137931,0.0,0.0,0.0,0.0,0.10714285714285714,0.0,0.0,0.0,0.0,0.03571428571428571,0.03571428571428571,0.0,0.10714285714285714,0.10714285714285714,0.17857142857142858,0.07142857142857142,0.07142857142857142,0.03571428571428571,0.0,0.14285714285714285,0.0,0.0,0.0,0.0,0.07142857142857142,0.03571428571428571,0.0,0.037037037037037035,0.037037037037037035,0.0,0.037037037037037035,0.0,0.0,0.0,0.07407407407407407,0.0,0.0,0.07407407407407407,0.07407407407407407,0.2962962962962963,0.037037037037037035,0.037037037037037035,0.0,0.0,0.1111111111111111,0.037037037037037035,0.037037037037037035,0.037037037037037035,0.0,0.037037037037037035,0.037037037037037035,0.0,0.0,0.038461538461538464,0.07692307692307693,0.0,0.0,0.0,0.038461538461538464,0.038461538461538464,0.0,0.0,0.07692307692307693,0.0,0.34615384615384615,0.07692307692307693,0.0,0.038461538461538464,0.0,0.038461538461538464,0.038461538461538464,0.07692307692307693,0.038461538461538464,0.038461538461538464,0.038461538461538464,0.0,0.0,0.04,0.0,0.04,0.04,0.0,0.0,0.0,0.08,0.0,0.0,0.08,0.08,0.24,0.04,0.08,0.04,0.04,0.12,0.0,0.0,0.0,0.0,0.08,0.0,0.0,0.0,0.0,0.08333333333333333,0.041666666666666664,0.0,0.0,0.0,0.0,0.041666666666666664,0.041666666666666664,0.16666666666666666,0.125,0.20833333333333334,0.0,0.0,0.0,0.0,0.20833333333333334,0.0,0.0,0.0,0.0,0.041666666666666664,0.0,0.041666666666666664
0,0.2413793103448276,0.06896551724137931,0.10344827586206896,0.0,0.13793103448275862,0.10344827586206896,0.0,0.0,0.0,0.0,0.13793103448275862,0.0,0.034482758620689655,0.0,0.0,0.0,0.0,0.0,0.0,0.0,0.034482758620689655,0.034482758620689655,0.034482758620689655,0.0,0.06896551724137931,0.25,0.07142857142857142,0.10714285714285714,0.0,0.14285714285714285,0.0,0.0,0.03571428571428571,0.0,0.07142857142857142,0.14285714285714285,0.03571428571428571,0.0,0.0,0.0,0.0,0.0,0.0,0.0,0.0,0.10714285714285714,0.0,0.03571428571428571,0.0,0.0,0.2962962962962963,0.0,0.14814814814814814,0.0,0.1111111111111111,0.037037037037037035,0.037037037037037035,0.0,0.0,0.037037037037037035,0.14814814814814814,0.0,0.0,0.0,0.037037037037037035,0.0,0.0,0.0,0.0,0.0,0.037037037037037035,0.037037037037037035,0.037037037037037035,0.0,0.037037037037037035,0.2692307692307692,0.038461538461538464,0.11538461538461539,0.0,0.15384615384615385,0.07692307692307693,0.0,0.0,0.0,0.0,0.07692307692307693,0.0,0.07692307692307693,0.0,0.038461538461538464,0.0,0.0,0.0,0.0,0.0,0.07692307692307693,0.038461538461538464,0.0,0.0,0.038461538461538464,0.32,0.08,0.04,0.0,0.12,0.04,0.0,0.04,0.0,0.0,0.08,0.0,0.08,0.0,0.04,0.0,0.0,0.0,0.0,0.0,0.08,0.0,0.04,0.0,0.04,0.2916666666666667,0.041666666666666664,0.16666666666666666,0.0,0.08333333333333333,0.041666666666666664,0.0,0.041666666666666664,0.0,0.0,0.125,0.0,0.0,0.0,0.041666666666666664,0.0,0.0,0.0,0.0,0.0,0.08333333333333333,0.0,0.0,0.0,0.08333333333333333
0,0.061224489795918366,0.0,0.08163265306122448,0.0,0.12244897959183673,0.0,0.02040816326530612,0.0,0.02040816326530612,0.061224489795918366,0.08163265306122448,0.0,0.02040816326530612,0.0,0.08163265306122448,0.04081632653061224,0.0,0.02040816326530612,0.0,0.02040816326530612,0.08163265306122448,0.08163265306122448,0.061224489795918366,0.04081632653061224,0.10204081632653061,0.041666666666666664,0.020833333333333332,0.08333333333333333,0.020833333333333332,0.10416666666666667,0.041666666666666664,0.020833333333333332,0.0,0.0,0.041666666666666664,0.0625,0.041666666666666664,0.020833333333333332,0.020833333333333332,0.041666666666666664,0.041666666666666664,0.0,0.0,0.0,0.041666666666666664,0.0625,0.020833333333333332,0.08333333333333333,0.020833333333333332,0.16666666666666666,0.14893617021276595,0.0,0.06382978723404255,0.02127659574468085,0.0425531914893617,0.02127659574468085,0.02127659574468085,0.0,0.0,0.0425531914893617,0.0,0.02127659574468085,0.0425531914893617,0.02127659574468085,0.10638297872340426,0.02127659574468085,0.0,0.0,0.02127659574468085,0.0425531914893617,0.06382978723404255,0.06382978723404255,0.0851063829787234,0.0,0.14893617021276595,0.08695652173913043,0.043478260869565216,0.06521739130434782,0.0,0.08695652173913043,0.021739130434782608,0.0,0.0,0.0,0.043478260869565216,0.06521739130434782,0.021739130434782608,0.043478260869565216,0.0,0.06521739130434782,0.0,0.0,0.08695652173913043,0.0,0.0,0.08695652173913043,0.043478260869565216,0.0,0.043478260869565216,0.1956521739130435,0.022222222222222223,0.044444444444444446,0.06666666666666667,0.0,0.15555555555555556,0.022222222222222223,0.0,0.022222222222222223,0.0,0.022222222222222223,0.06666666666666667,0.044444444444444446,0.022222222222222223,0.0,0.06666666666666667,0.044444444444444446,0.0,0.0,0.0,0.044444444444444446,0.1111111111111111,0.022222222222222223,0.06666666666666667,0.044444444444444446,0.1111111111111111,0.11363636363636363,0.0,0.045454545454545456,0.022727272727272728,0.11363636363636363,0.022727272727272728,0.0,0.0,0.0,0.022727272727272728,0.022727272727272728,0.045454545454545456,0.06818181818181818,0.0,0.06818181818181818,0.022727272727272728,0.045454545454545456,0.0,0.0,0.022727272727272728,0.06818181818181818,0.022727272727272728,0.06818181818181818,0.022727272727272728,0.18181818181818182
0,0.125,0.0625,0.125,0.0,0.0,0.0,0.0,0.125,0.0,0.0,0.125,0.0625,0.25,0.0,0.0625,0.0,0.0,0.0,0.0,0.0,0.0625,0.0,0.0,0.0,0.0,0.0,0.06666666666666667,0.2,0.0,0.06666666666666667,0.0,0.0,0.13333333333333333,0.0,0.0,0.26666666666666666,0.06666666666666667,0.13333333333333333,0.0,0.0,0.0,0.0,0.0,0.0,0.0,0.0,0.0,0.06666666666666667,0.0,0.0,0.14285714285714285,0.0,0.14285714285714285,0.0,0.07142857142857142,0.0,0.07142857142857142,0.07142857142857142,0.0,0.0,0.14285714285714285,0.0,0.2857142857142857,0.0,0.0,0.0,0.0,0.0,0.0,0.0,0.0,0.0,0.07142857142857142,0.0,0.0,0.07692307692307693,0.07692307692307693,0.15384615384615385,0.0,0.0,0.07692307692307693,0.0,0.07692307692307693,0.0,0.0,0.07692307692307693,0.0,0.3076923076923077,0.0,0.07692307692307693,0.0,0.0,0.0,0.0,0.0,0.07692307692307693,0.0,0.0,0.0,0.0,0.0,0.08333333333333333,0.25,0.0,0.0,0.08333333333333333,0.0,0.08333333333333333,0.0,0.0,0.25,0.0,0.16666666666666666,0.0,0.08333333333333333,0.0,0.0,0.0,0.0,0.0,0.0,0.0,0.0,0.0,0.0,0.09090909090909091,0.0,0.2727272727272727,0.0,0.0,0.0,0.0,0.18181818181818182,0.0,0.0,0.2727272727272727,0.0,0.09090909090909091,0.0,0.09090909090909091,0.0,0.0,0.0,0.0,0.0,0.0,0.0,0.0,0.0,0.0
0,0.05,0.0,0.05,0.0,0.2,0.0,0.0,0.0,0.0,0.0,0.0,0.0,0.0,0.0,0.05,0.0,0.0,0.0,0.0,0.0,0.2,0.0,0.0,0.0,0.45,0.0,0.0,0.05263157894736842,0.0,0.21052631578947367,0.0,0.0,0.0,0.0,0.0,0.0,0.0,0.0,0.0,0.05263157894736842,0.0,0.0,0.0,0.0,0.0,0.2631578947368421,0.0,0.0,0.0,0.42105263157894735,0.05555555555555555,0.0,0.0,0.0,0.2222222222222222,0.0,0.0,0.0,0.0,0.0,0.0,0.0,0.0,0.0,0.05555555555555555,0.0,0.0,0.0,0.0,0.0,0.2222222222222222,0.0,0.05555555555555555,0.0,0.3888888888888889,0.058823529411764705,0.0,0.0,0.0,0.23529411764705882,0.0,0.0,0.0,0.0,0.0,0.058823529411764705,0.0,0.0,0.0,0.0,0.0,0.0,0.0,0.0,0.0,0.11764705882352941,0.0,0.058823529411764705,0.0,0.47058823529411764,0.1875,0.0,0.0625,0.0,0.0625,0.0,0.0,0.0,0.0,0.0,0.0,0.0,0.0,0.0,0.0625,0.0,0.0,0.0,0.0,0.0,0.0,0.0,0.0,0.0,0.625,0.06666666666666667,0.0,0.0,0.0,0.26666666666666666,0.0,0.0,0.0,0.0,0.0,0.0,0.0,0.0,0.0,0.06666666666666667,0.0,0.0,0.0,0.0,0.0,0.13333333333333333,0.0,0.0,0.0,0.4666666666666667
0,0.0,0.1111111111111111,0.05555555555555555,0.05555555555555555,0.05555555555555555,0.0,0.0,0.05555555555555555,0.0,0.05555555555555555,0.2222222222222222,0.0,0.1111111111111111,0.0,0.0,0.0,0.0,0.1111111111111111,0.0,0.0,0.0,0.0,0.05555555555555555,0.05555555555555555,0.05555555555555555,0.0,0.0,0.17647058823529413,0.0,0.11764705882352941,0.0,0.0,0.11764705882352941,0.0,0.0,0.11764705882352941,0.11764705882352941,0.0,0.058823529411764705,0.058823529411764705,0.058823529411764705,0.0,0.0,0.0,0.0,0.058823529411764705,0.0,0.058823529411764705,0.058823529411764705,0.0,0.125,0.0,0.125,0.0625,0.0,0.125,0.0,0.0,0.0,0.0,0.0,0.0625,0.125,0.0625,0.125,0.0,0.0625,0.0,0.0,0.0,0.0,0.0,0.0625,0.0,0.0625,0.13333333333333333,0.13333333333333333,0.06666666666666667,0.0,0.0,0.0,0.0,0.0,0.06666666666666667,0.06666666666666667,0.06666666666666667,0.0,0.26666666666666666,0.06666666666666667,0.0,0.0,0.0,0.0,0.0,0.06666666666666667,0.0,0.0,0.0,0.0,0.06666666666666667,0.0,0.0,0.07142857142857142,0.07142857142857142,0.14285714285714285,0.0,0.0,0.07142857142857142,0.0,0.07142857142857142,0.21428571428571427,0.07142857142857142,0.14285714285714285,0.0,0.0,0.0,0.0,0.07142857142857142,0.0,0.0,0.0,0.0,0.0,0.07142857142857142,0.0,0.0,0.0,0.23076923076923078,0.0,0.07692307692307693,0.07692307692307693,0.0,0.0,0.07692307692307693,0.0,0.07692307692307693,0.07692307692307693,0.0,0.07692307692307693,0.15384615384615385,0.07692307692307693,0.0,0.0,0.0,0.0,0.0,0.0,0.07692307692307693,0.0,0.0
0,0.13333333333333333,0.0,0.06666666666666667,0.0,0.0,0.13333333333333333,0.0,0.0,0.0,0.0,0.0,0.06666666666666667,0.06666666666666667,0.0,0.13333333333333333,0.0,0.0,0.06666666666666667,0.0,0.0,0.0,0.06666666666666667,0.06666666666666667,0.0,0.2,0.07142857142857142,0.07142857142857142,0.07142857142857142,0.0,0.0,0.07142857142857142,0.0,0.0,0.0,0.0,0.07142857142857142,0.0,0.0,0.0,0.21428571428571427,0.0,0.0,0.07142857142857142,0.0,0.0,0.07142857142857142,0.07142857142857142,0.07142857142857142,0.0,0.14285714285714285,0.07692307692307693,0.07692307692307693,0.07692307692307693,0.0,0.0,0.07692307692307693,0.0,0.0,0.0,0.0,0.0,0.0,0.07692307692307693,0.0,0.15384615384615385,0.0,0.0,0.0,0.0,0.07692307692307693,0.15384615384615385,0.07692307692307693,0.0,0.0,0.15384615384615385,0.08333333333333333,0.08333333333333333,0.0,0.0,0.0,0.0,0.0,0.08333333333333333,0.0,0.0,0.0,0.08333333333333333,0.08333333333333333,0.0,0.08333333333333333,0.0,0.0,0.0,0.0,0.08333333333333333,0.25,0.0,0.0,0.0,0.16666666666666666,0.09090909090909091,0.0,0.0,0.0,0.0,0.0,0.09090909090909091,0.0,0.0,0.0,0.09090909090909091,0.0,0.0,0.0,0.18181818181818182,0.0,0.0,0.09090909090909091,0.0,0.0,0.18181818181818182,0.09090909090909091,0.09090909090909091,0.0,0.09090909090909091,0.0,0.0,0.0,0.0,0.0,0.1,0.0,0.0,0.0,0.0,0.1,0.0,0.0,0.0,0.2,0.0,0.0,0.0,0.0,0.1,0.2,0.2,0.1,0.0,0.0
0,0.10526315789473684,0.0,0.10526315789473684,0.0,0.10526315789473684,0.05263157894736842,0.0,0.0,0.0,0.05263157894736842,0.05263157894736842,0.0,0.05263157894736842,0.0,0.10526315789473684,0.0,0.0,0.0,0.0,0.0,0.05263157894736842,0.10526315789473684,0.10526315789473684,0.0,0.10526315789473684,0.1111111111111111,0.05555555555555555,0.1111111111111111,0.0,0.05555555555555555,0.0,0.0,0.1111111111111111,0.0,0.0,0.05555555555555555,0.0,0.0,0.0,0.1111111111111111,0.0,0.0,0.0,0.0,0.0,0.05555555555555555,0.05555555555555555,0.05555555555555555,0.0,0.2222222222222222,0.058823529411764705,0.0,0.11764705882352941,0.0,0.11764705882352941,0.0,0.0,0.058823529411764705,0.0,0.058823529411764705,0.0,0.11764705882352941,0.0,0.0,0.058823529411764705,0.0,0.0,0.0,0.0,0.0,0.11764705882352941,0.0,0.11764705882352941,0.0,0.17647058823529413,0.0625,0.0625,0.0625,0.0,0.125,0.0625,0.0,0.0,0.0,0.0,0.0625,0.0,0.0,0.0,0.125,0.0,0.0,0.0,0.0,0.0,0.0,0.0625,0.1875,0.0,0.1875,0.0,0.06666666666666667,0.0,0.0,0.26666666666666666,0.0,0.0,0.0,0.0,0.06666666666666667,0.0,0.0,0.2,0.0,0.0,0.0,0.0,0.0,0.0,0.0,0.13333333333333333,0.06666666666666667,0.06666666666666667,0.0,0.13333333333333333,0.07142857142857142,0.14285714285714285,0.07142857142857142,0.0,0.07142857142857142,0.0,0.0,0.0,0.0,0.07142857142857142,0.0,0.0,0.07142857142857142,0.0,0.14285714285714285,0.0,0.0,0.0,0.0,0.0,0.07142857142857142,0.0,0.14285714285714285,0.0,0.14285714285714285
0,0.14634146341463414,0.04878048780487805,0.036585365853658534,0.012195121951219513,0.12195121951219512,0.04878048780487805,0.0,0.024390243902439025,0.0,0.04878048780487805,0.036585365853658534,0.012195121951219513,0.012195121951219513,0.012195121951219513,0.024390243902439025,0.036585365853658534,0.0,0.0,0.012195121951219513,0.024390243902439025,0.0975609756097561,0.07317073170731707,0.024390243902439025,0.024390243902439025,0.12195121951219512,0.19753086419753085,0.024691358024691357,0.024691358024691357,0.0,0.12345679012345678,0.037037037037037035,0.037037037037037035,0.0,0.0,0.04938271604938271,0.037037037037037035,0.012345679012345678,0.012345679012345678,0.012345679012345678,0.024691358024691357,0.037037037037037035,0.012345679012345678,0.0,0.0,0.024691358024691357,0.06172839506172839,0.04938271604938271,0.06172839506172839,0.037037037037037035,0.12345679012345678,0.15,0.05,0.0375,0.0375,0.1,0.025,0.0125,0.025,0.0125,0.05,0.05,0.0,0.0,0.0,0.05,0.0375,0.0125,0.0125,0.0,0.0125,0.1,0.0625,0.025,0.0,0.1375,0.17721518987341772,0.0379746835443038,0.02531645569620253,0.02531645569620253,0.11392405063291139,0.05063291139240506,0.012658227848101266,0.0,0.012658227848101266,0.0379746835443038,0.02531645569620253,0.02531645569620253,0.0,0.0,0.05063291139240506,0.012658227848101266,0.012658227848101266,0.0379746835443038,0.0,0.012658227848101266,0.10126582278481013,0.05063291139240506,0.0379746835443038,0.012658227848101266,0.12658227848101267,0.16666666666666666,0.0641025641025641,0.02564102564102564,0.01282051282051282,0.11538461538461539,0.02564102564102564,0.01282051282051282,0.01282051282051282,0.0,0.0641025641025641,0.01282051282051282,0.02564102564102564,0.0,0.01282051282051282,0.038461538461538464,0.038461538461538464,0.0,0.01282051282051282,0.01282051282051282,0.01282051282051282,0.11538461538461539,0.038461538461538464,0.05128205128205128,0.01282051282051282,0.11538461538461539,0.15584415584415584,0.05194805194805195,0.03896103896103896,0.025974025974025976,0.11688311688311688,0.03896103896103896,0.012987012987012988,0.012987012987012988,0.0,0.03896103896103896,0.025974025974025976,0.0,0.0,0.0,0.06493506493506493,0.05194805194805195,0.0,0.0,0.0,0.025974025974025976,0.09090909090909091,0.07792207792207792,0.03896103896103896,0.025974025974025976,0.1038961038961039
0,0.16666666666666666,0.16666666666666666,0.0,0.0,0.16666666666666666,0.16666666666666666,0.0,0.0,0.0,0.0,0.08333333333333333,0.0,0.0,0.0,0.0,0.0,0.0,0.0,0.0,0.0,0.08333333333333333,0.0,0.08333333333333333,0.0,0.08333333333333333,0.18181818181818182,0.09090909090909091,0.09090909090909091,0.0,0.09090909090909091,0.0,0.0,0.0,0.0,0.18181818181818182,0.09090909090909091,0.0,0.0,0.0,0.0,0.0,0.0,0.0,0.0,0.0,0.18181818181818182,0.09090909090909091,0.0,0.0,0.0,0.3,0.1,0.0,0.0,0.1,0.0,0.0,0.1,0.0,0.1,0.1,0.0,0.0,0.0,0.0,0.0,0.0,0.0,0.0,0.0,0.1,0.1,0.0,0.0,0.0,0.2222222222222222,0.1111111111111111,0.0,0.0,0.2222222222222222,0.2222222222222222,0.0,0.0,0.0,0.0,0.0,0.1111111111111111,0.0,0.0,0.0,0.0,0.0,0.0,0.0,0.0,0.1111111111111111,0.0,0.0,0.0,0.0,0.25,0.0,0.0,0.0,0.25,0.125,0.125,0.0,0.0,0.0,0.125,0.0,0.0,0.0,0.0,0.0,0.0,0.0,0.0,0.0,0.0,0.125,0.0,0.0,0.0,0.14285714285714285,0.2857142857142857,0.0,0.0,0.14285714285714285,0.14285714285714285,0.0,0.0,0.0,0.0,0.0,0.0,0.0,0.0,0.14285714285714285,0.0,0.0,0.0,0.0,0.0,0.14285714285714285,0.0,0.0,0.0,0.0
0,0.30434782608695654,0.043478260869565216,0.0,0.0,0.17391304347826086,0.08695652173913043,0.0,0.0,0.0,0.043478260869565216,0.043478260869565216,0.0,0.043478260869565216,0.0,0.043478260869565216,0.0,0.0,0.0,0.0,0.0,0.08695652173913043,0.043478260869565216,0.08695652173913043,0.0,0.0,0.2727272727272727,0.045454545454545456,0.09090909090909091,0.0,0.13636363636363635,0.045454545454545456,0.0,0.0,0.0,0.09090909090909091,0.0,0.045454545454545456,0.0,0.0,0.045454545454545456,0.0,0.0,0.0,0.0,0.0,0.18181818181818182,0.0,0.045454545454545456,0.0,0.0,0.38095238095238093,0.047619047619047616,0.09523809523809523,0.0,0.047619047619047616,0.09523809523809523,0.0,0.047619047619047616,0.0,0.0,0.0,0.0,0.0,0.0,0.047619047619047616,0.0,0.0,0.0,0.0,0.0,0.047619047619047616,0.047619047619047616,0.0,0.0,0.14285714285714285,0.3,0.1,0.05,0.0,0.15,0.1,0.0,0.0,0.0,0.05,0.05,0.0,0.0,0.0,0.0,0.0,0.0,0.0,0.0,0.0,0.05,0.0,0.1,0.0,0.05,0.21052631578947367,0.05263157894736842,0.05263157894736842,0.0,0.2631578947368421,0.05263157894736842,0.05263157894736842,0.05263157894736842,0.0,0.0,0.05263157894736842,0.0,0.0,0.0,0.0,0.0,0.0,0.0,0.0,0.0,0.15789473684210525,0.0,0.05263157894736842,0.0,0.0,0.2777777777777778,0.05555555555555555,0.1111111111111111,0.0,0.1111111111111111,0.05555555555555555,0.0,0.05555555555555555,0.0,0.05555555555555555,0.0,0.0,0.0,0.0,0.05555555555555555,0.0,0.0,0.0,0.0,0.0,0.1111111111111111,0.05555555555555555,0.0,0.0,0.05555555555555555
0,0.15384615384615385,0.02564102564102564,0.07692307692307693,0.0,0.20512820512820512,0.0,0.0,0.0,0.0,0.02564102564102564,0.07692307692307693,0.0,0.0,0.0,0.07692307692307693,0.02564102564102564,0.0,0.0,0.0,0.0,0.1794871794871795,0.0,0.07692307692307693,0.02564102564102564,0.05128205128205128,0.15789473684210525,0.02631578947368421,0.13157894736842105,0.0,0.15789473684210525,0.0,0.0,0.0,0.0,0.02631578947368421,0.10526315789473684,0.0,0.0,0.0,0.02631578947368421,0.02631578947368421,0.0,0.0,0.0,0.0,0.15789473684210525,0.0,0.02631578947368421,0.02631578947368421,0.13157894736842105,0.21621621621621623,0.0,0.02702702702702703,0.02702702702702703,0.21621621621621623,0.02702702702702703,0.0,0.0,0.0,0.0,0.02702702702702703,0.02702702702702703,0.02702702702702703,0.0,0.05405405405405406,0.0,0.0,0.0,0.0,0.02702702702702703,0.1891891891891892,0.0,0.10810810810810811,0.0,0.02702702702702703,0.19444444444444445,0.0,0.08333333333333333,0.0,0.19444444444444445,0.0,0.0,0.027777777777777776,0.0,0.0,0.08333333333333333,0.0,0.027777777777777776,0.0,0.027777777777777776,0.027777777777777776,0.0,0.0,0.0,0.0,0.16666666666666666,0.027777777777777776,0.027777777777777776,0.0,0.1111111111111111,0.22857142857142856,0.02857142857142857,0.14285714285714285,0.0,0.08571428571428572,0.02857142857142857,0.0,0.0,0.0,0.0,0.08571428571428572,0.0,0.0,0.0,0.05714285714285714,0.0,0.0,0.0,0.0,0.02857142857142857,0.11428571428571428,0.0,0.02857142857142857,0.0,0.17142857142857143,0.20588235294117646,0.0,0.058823529411764705,0.0,0.20588235294117646,0.029411764705882353,0.0,0.0,0.0,0.0,0.029411764705882353,0.029411764705882353,0.058823529411764705,0.0,0.029411764705882353,0.029411764705882353,0.0,0.0,0.0,0.0,0.14705882352941177,0.0,0.058823529411764705,0.0,0.11764705882352941
0,0.38095238095238093,0.0,0.047619047619047616,0.0,0.19047619047619047,0.047619047619047616,0.0,0.0,0.0,0.0,0.047619047619047616,0.0,0.0,0.0,0.047619047619047616,0.0,0.0,0.0,0.0,0.0,0.14285714285714285,0.0,0.047619047619047616,0.0,0.047619047619047616,0.3,0.0,0.05,0.0,0.3,0.05,0.0,0.0,0.0,0.0,0.0,0.0,0.05,0.0,0.0,0.0,0.0,0.0,0.0,0.0,0.25,0.0,0.0,0.0,0.0,0.47368421052631576,0.0,0.05263157894736842,0.0,0.10526315789473684,0.0,0.0,0.0,0.0,0.05263157894736842,0.0,0.0,0.0,0.0,0.05263157894736842,0.0,0.0,0.0,0.0,0.0,0.10526315789473684,0.0,0.05263157894736842,0.0,0.10526315789473684,0.5,0.0,0.05555555555555555,0.0,0.1111111111111111,0.05555555555555555,0.0,0.0,0.0,0.0,0.0,0.0,0.0,0.0,0.0,0.0,0.0,0.0,0.0,0.0,0.05555555555555555,0.0,0.05555555555555555,0.0,0.16666666666666666,0.35294117647058826,0.0,0.058823529411764705,0.0,0.29411764705882354,0.058823529411764705,0.0,0.0,0.0,0.0,0.0,0.0,0.0,0.0,0.0,0.0,0.0,0.0,0.0,0.0,0.17647058823529413,0.0,0.058823529411764705,0.0,0.0,0.3125,0.0,0.0625,0.0,0.3125,0.0625,0.0,0.0,0.0,0.0,0.0,0.0,0.0,0.0,0.0,0.0,0.0,0.0,0.0,0.0,0.1875,0.0,0.0625,0.0,0.0
0,0.17647058823529413,0.058823529411764705,0.14705882352941177,0.0,0.058823529411764705,0.08823529411764706,0.0,0.029411764705882353,0.0,0.0,0.029411764705882353,0.058823529411764705,0.029411764705882353,0.0,0.11764705882352941,0.0,0.0,0.0,0.0,0.0,0.11764705882352941,0.0,0.029411764705882353,0.029411764705882353,0.029411764705882353,0.06060606060606061,0.030303030303030304,0.24242424242424243,0.0,0.12121212121212122,0.06060606060606061,0.030303030303030304,0.0,0.0,0.030303030303030304,0.21212121212121213,0.0,0.0,0.0,0.030303030303030304,0.0,0.0,0.0,0.0,0.0,0.09090909090909091,0.030303030303030304,0.0,0.030303030303030304,0.030303030303030304,0.15625,0.09375,0.0625,0.0,0.15625,0.0625,0.0,0.03125,0.0,0.03125,0.1875,0.0,0.03125,0.03125,0.0,0.0,0.0,0.0,0.0,0.0,0.0,0.0,0.125,0.0,0.03125,0.3870967741935484,0.0,0.03225806451612903,0.0,0.06451612903225806,0.03225806451612903,0.03225806451612903,0.06451612903225806,0.0,0.0,0.0,0.0,0.16129032258064516,0.0,0.06451612903225806,0.0,0.0,0.0,0.0,0.0,0.0,0.06451612903225806,0.0,0.03225806451612903,0.06451612903225806,0.2,0.06666666666666667,0.13333333333333333,0.03333333333333333,0.06666666666666667,0.03333333333333333,0.0,0.06666666666666667,0.0,0.03333333333333333,0.03333333333333333,0.03333333333333333,0.06666666666666667,0.0,0.1,0.0,0.0,0.0,0.0,0.0,0.13333333333333333,0.0,0.0,0.0,0.0,0.034482758620689655,0.034482758620689655,0.2413793103448276,0.034482758620689655,0.13793103448275862,0.034482758620689655,0.034482758620689655,0.034482758620689655,0.0,0.034482758620689655,0.20689655172413793,0.0,0.0,0.0,0.034482758620689655,0.0,0.0,0.0,0.0,0.0,0.13793103448275862,0.0,0.0,0.0,0.0
0,0.15,0.075,0.075,0.0,0.075,0.025,0.0,0.0,0.0,0.05,0.1,0.0,0.025,0.025,0.025,0.0,0.0,0.025,0.0,0.05,0.075,0.0,0.05,0.05,0.125,0.1282051282051282,0.02564102564102564,0.02564102564102564,0.02564102564102564,0.1794871794871795,0.0,0.02564102564102564,0.0,0.0,0.05128205128205128,0.07692307692307693,0.0,0.05128205128205128,0.02564102564102564,0.02564102564102564,0.02564102564102564,0.0,0.02564102564102564,0.0,0.02564102564102564,0.10256410256410256,0.02564102564102564,0.07692307692307693,0.02564102564102564,0.05128205128205128,0.10526315789473684,0.05263157894736842,0.07894736842105263,0.05263157894736842,0.10526315789473684,0.02631578947368421,0.0,0.0,0.0,0.02631578947368421,0.02631578947368421,0.02631578947368421,0.0,0.0,0.13157894736842105,0.0,0.0,0.02631578947368421,0.02631578947368421,0.02631578947368421,0.18421052631578946,0.0,0.05263157894736842,0.0,0.05263157894736842,0.08108108108108109,0.05405405405405406,0.05405405405405406,0.02702702702702703,0.16216216216216217,0.02702702702702703,0.0,0.0,0.0,0.02702702702702703,0.05405405405405406,0.0,0.05405405405405406,0.02702702702702703,0.05405405405405406,0.02702702702702703,0.0,0.0,0.0,0.05405405405405406,0.13513513513513514,0.02702702702702703,0.05405405405405406,0.02702702702702703,0.05405405405405406,0.1388888888888889,0.0,0.027777777777777776,0.027777777777777776,0.16666666666666666,0.05555555555555555,0.0,0.0,0.0,0.0,0.027777777777777776,0.05555555555555555,0.05555555555555555,0.027777777777777776,0.027777777777777776,0.0,0.0,0.05555555555555555,0.0,0.027777777777777776,0.08333333333333333,0.027777777777777776,0.027777777777777776,0.027777777777777776,0.1388888888888889,0.08571428571428572,0.05714285714285714,0.0,0.05714285714285714,0.14285714285714285,0.05714285714285714,0.0,0.0,0.0,0.0,0.08571428571428572,0.0,0.05714285714285714,0.0,0.05714285714285714,0.05714285714285714,0.0,0.02857142857142857,0.0,0.0,0.02857142857142857,0.02857142857142857,0.08571428571428572,0.02857142857142857,0.14285714285714285
0,0.5833333333333334,0.0,0.08333333333333333,0.0,0.08333333333333333,0.08333333333333333,0.0,0.0,0.0,0.0,0.08333333333333333,0.0,0.0,0.0,0.0,0.0,0.0,0.0,0.0,0.0,0.08333333333333333,0.0,0.0,0.0,0.0,0.6363636363636364,0.0,0.09090909090909091,0.0,0.0,0.0,0.0,0.0,0.0,0.09090909090909091,0.09090909090909091,0.0,0.0,0.0,0.0,0.0,0.0,0.0,0.0,0.0,0.09090909090909091,0.0,0.0,0.0,0.0,0.7,0.0,0.1,0.0,0.0,0.1,0.0,0.0,0.0,0.0,0.0,0.0,0.0,0.0,0.0,0.0,0.0,0.0,0.0,0.0,0.1,0.0,0.0,0.0,0.0,0.6666666666666666,0.0,0.1111111111111111,0.0,0.0,0.1111111111111111,0.0,0.0,0.0,0.0,0.0,0.0,0.0,0.0,0.0,0.0,0.0,0.0,0.0,0.0,0.1111111111111111,0.0,0.0,0.0,0.0,0.625,0.0,0.125,0.0,0.0,0.125,0.0,0.0,0.0,0.0,0.0,0.0,0.0,0.0,0.0,0.0,0.0,0.0,0.0,0.0,0.125,0.0,0.0,0.0,0.0,0.5714285714285714,0.0,0.14285714285714285,0.0,0.0,0.14285714285714285,0.0,0.0,0.0,0.0,0.0,0.0,0.0,0.0,0.0,0.0,0.0,0.0,0.0,0.0,0.14285714285714285,0.0,0.0,0.0,0.0
0,0.2222222222222222,0.05555555555555555,0.1388888888888889,0.05555555555555555,0.027777777777777776,0.0,0.0,0.0,0.05555555555555555,0.0,0.19444444444444445,0.0,0.05555555555555555,0.0,0.0,0.027777777777777776,0.0,0.05555555555555555,0.0,0.027777777777777776,0.05555555555555555,0.0,0.0,0.0,0.027777777777777776,0.14285714285714285,0.0,0.17142857142857143,0.11428571428571428,0.08571428571428572,0.0,0.0,0.02857142857142857,0.0,0.0,0.2,0.02857142857142857,0.02857142857142857,0.0,0.0,0.08571428571428572,0.0,0.02857142857142857,0.0,0.0,0.05714285714285714,0.02857142857142857,0.0,0.0,0.0,0.2647058823529412,0.0,0.14705882352941177,0.029411764705882353,0.058823529411764705,0.029411764705882353,0.0,0.0,0.0,0.0,0.11764705882352941,0.0,0.08823529411764706,0.029411764705882353,0.029411764705882353,0.08823529411764706,0.029411764705882353,0.0,0.0,0.0,0.0,0.029411764705882353,0.0,0.058823529411764705,0.0,0.3333333333333333,0.06060606060606061,0.09090909090909091,0.0,0.030303030303030304,0.030303030303030304,0.0,0.0,0.0,0.0,0.06060606060606061,0.0,0.12121212121212122,0.030303030303030304,0.06060606060606061,0.06060606060606061,0.0,0.0,0.06060606060606061,0.0,0.0,0.0,0.030303030303030304,0.030303030303030304,0.0,0.1875,0.0625,0.125,0.125,0.03125,0.03125,0.0,0.0,0.0,0.0,0.21875,0.0,0.0,0.0,0.0625,0.0,0.0,0.125,0.0,0.0,0.03125,0.0,0.0,0.0,0.0,0.1935483870967742,0.0,0.12903225806451613,0.12903225806451613,0.06451612903225806,0.0,0.0,0.03225806451612903,0.0,0.0,0.1935483870967742,0.03225806451612903,0.03225806451612903,0.0,0.03225806451612903,0.0967741935483871,0.0,0.03225806451612903,0.0,0.0,0.0,0.03225806451612903,0.0,0.0,0.0
0,0.1111111111111111,0.0,0.14814814814814814,0.037037037037037035,0.14814814814814814,0.037037037037037035,0.0,0.0,0.0,0.0,0.07407407407407407,0.0,0.0,0.037037037037037035,0.1111111111111111,0.0,0.037037037037037035,0.037037037037037035,0.0,0.0,0.18518518518518517,0.0,0.037037037037037035,0.0,0.0,0.19230769230769232,0.038461538461538464,0.038461538461538464,0.07692307692307693,0.11538461538461539,0.0,0.0,0.0,0.0,0.038461538461538464,0.11538461538461539,0.0,0.07692307692307693,0.0,0.0,0.038461538461538464,0.0,0.0,0.0,0.038461538461538464,0.07692307692307693,0.0,0.11538461538461539,0.0,0.038461538461538464,0.24,0.04,0.16,0.0,0.04,0.0,0.0,0.04,0.0,0.0,0.04,0.0,0.04,0.0,0.12,0.0,0.0,0.0,0.0,0.04,0.12,0.0,0.0,0.08,0.04,0.125,0.0,0.08333333333333333,0.08333333333333333,0.20833333333333334,0.041666666666666664,0.0,0.0,0.0,0.0,0.125,0.0,0.0,0.0,0.041666666666666664,0.0,0.0,0.041666666666666664,0.0,0.0,0.08333333333333333,0.041666666666666664,0.125,0.0,0.0,0.21739130434782608,0.043478260869565216,0.13043478260869565,0.0,0.08695652173913043,0.043478260869565216,0.0,0.0,0.0,0.0,0.043478260869565216,0.0,0.08695652173913043,0.0,0.043478260869565216,0.043478260869565216,0.0,0.0,0.0,0.0,0.043478260869565216,0.0,0.043478260869565216,0.043478260869565216,0.13043478260869565,0.13636363636363635,0.0,0.18181818181818182,0.0,0.18181818181818182,0.045454545454545456,0.0,0.0,0.0,0.0,0.045454545454545456,0.0,0.045454545454545456,0.045454545454545456,0.045454545454545456,0.045454545454545456,0.0,0.0,0.0,0.0,0.13636363636363635,0.0,0.045454545454545456,0.0,0.045454545454545456
0,0.25,0.0,0.08333333333333333,0.0,0.16666666666666666,0.25,0.0,0.0,0.0,0.0,0.0,0.08333333333333333,0.0,0.0,0.0,0.0,0.0,0.0,0.0,0.0,0.08333333333333333,0.08333333333333333,0.0,0.0,0.0,0.18181818181818182,0.18181818181818182,0.09090909090909091,0.0,0.09090909090909091,0.09090909090909091,0.0,0.0,0.0,0.09090909090909091,0.09090909090909091,0.0,0.0,0.0,0.0,0.0,0.0,0.0,0.0,0.0,0.18181818181818182,0.0,0.0,0.0,0.0,0.3,0.2,0.0,0.0,0.1,0.1,0.0,0.1,0.0,0.0,0.0,0.0,0.0,0.0,0.0,0.0,0.0,0.0,0.0,0.0,0.2,0.0,0.0,0.0,0.0,0.4444444444444444,0.1111111111111111,0.0,0.0,0.0,0.1111111111111111,0.1111111111111111,0.0,0.0,0.0,0.0,0.0,0.0,0.0,0.0,0.0,0.0,0.0,0.0,0.0,0.0,0.0,0.1111111111111111,0.0,0.1111111111111111,0.25,0.0,0.125,0.0,0.125,0.25,0.0,0.0,0.0,0.0,0.0,0.0,0.0,0.0,0.0,0.0,0.0,0.0,0.0,0.0,0.0,0.25,0.0,0.0,0.0,0.14285714285714285,0.2857142857142857,0.14285714285714285,0.0,0.0,0.0,0.0,0.0,0.0,0.14285714285714285,0.0,0.0,0.0,0.0,0.0,0.0,0.0,0.0,0.0,0.0,0.2857142857142857,0.0,0.0,0.0,0.0
0,0.06896551724137931,0.06896551724137931,0.0,0.0,0.10344827586206896,0.034482758620689655,0.034482758620689655,0.0,0.0,0.10344827586206896,0.0,0.0,0.0,0.034482758620689655,0.0,0.0,0.034482758620689655,0.0,0.0,0.034482758620689655,0.13793103448275862,0.034482758620689655,0.06896551724137931,0.034482758620689655,0.20689655172413793,0.0,0.07142857142857142,0.03571428571428571,0.03571428571428571,0.10714285714285714,0.07142857142857142,0.0,0.03571428571428571,0.0,0.07142857142857142,0.0,0.0,0.0,0.0,0.03571428571428571,0.03571428571428571,0.03571428571428571,0.0,0.0,0.0,0.14285714285714285,0.07142857142857142,0.0,0.03571428571428571,0.21428571428571427,0.037037037037037035,0.037037037037037035,0.037037037037037035,0.037037037037037035,0.1111111111111111,0.037037037037037035,0.0,0.0,0.0,0.1111111111111111,0.037037037037037035,0.0,0.0,0.0,0.0,0.07407407407407407,0.0,0.0,0.0,0.0,0.07407407407407407,0.14814814814814814,0.037037037037037035,0.037037037037037035,0.18518518518518517,0.07692307692307693,0.038461538461538464,0.038461538461538464,0.0,0.07692307692307693,0.038461538461538464,0.0,0.0,0.038461538461538464,0.07692307692307693,0.038461538461538464,0.0,0.0,0.0,0.0,0.0,0.038461538461538464,0.0,0.0,0.038461538461538464,0.11538461538461539,0.11538461538461539,0.038461538461538464,0.038461538461538464,0.19230769230769232,0.12,0.04,0.0,0.0,0.04,0.08,0.04,0.04,0.0,0.0,0.0,0.04,0.0,0.0,0.0,0.0,0.0,0.0,0.0,0.08,0.08,0.08,0.04,0.08,0.24,0.041666666666666664,0.0,0.041666666666666664,0.0,0.125,0.041666666666666664,0.08333333333333333,0.0,0.041666666666666664,0.0,0.0,0.0,0.0,0.0,0.041666666666666664,0.041666666666666664,0.0,0.041666666666666664,0.0,0.0,0.16666666666666666,0.08333333333333333,0.0,0.041666666666666664,0.20833333333333334
0,0.05714285714285714,0.08571428571428572,0.02857142857142857,0.0,0.11428571428571428,0.02857142857142857,0.0,0.0,0.0,0.05714285714285714,0.0,0.0,0.08571428571428572,0.0,0.05714285714285714,0.0,0.0,0.0,0.0,0.0,0.2,0.0,0.05714285714285714,0.0,0.22857142857142856,0.08823529411764706,0.029411764705882353,0.0,0.0,0.17647058823529413,0.029411764705882353,0.0,0.058823529411764705,0.0,0.0,0.029411764705882353,0.0,0.029411764705882353,0.0,0.058823529411764705,0.0,0.0,0.0,0.0,0.0,0.11764705882352941,0.058823529411764705,0.08823529411764706,0.0,0.23529411764705882,0.06060606060606061,0.030303030303030304,0.06060606060606061,0.0,0.15151515151515152,0.030303030303030304,0.0,0.06060606060606061,0.0,0.0,0.030303030303030304,0.0,0.0,0.0,0.06060606060606061,0.0,0.0,0.0,0.0,0.0,0.15151515151515152,0.06060606060606061,0.030303030303030304,0.0,0.2727272727272727,0.09375,0.0,0.09375,0.0,0.125,0.0,0.03125,0.03125,0.0,0.03125,0.0625,0.03125,0.0,0.0,0.0,0.0,0.0,0.0,0.0,0.0,0.125,0.03125,0.03125,0.0,0.3125,0.06451612903225806,0.06451612903225806,0.0967741935483871,0.0,0.0967741935483871,0.0,0.0,0.0,0.0,0.06451612903225806,0.03225806451612903,0.03225806451612903,0.0,0.0,0.03225806451612903,0.0,0.0,0.0,0.0,0.0,0.16129032258064516,0.0,0.06451612903225806,0.0,0.2903225806451613,0.0,0.0,0.06666666666666667,0.0,0.23333333333333334,0.03333333333333333,0.0,0.03333333333333333,0.0,0.0,0.06666666666666667,0.0,0.0,0.0,0.03333333333333333,0.0,0.0,0.0,0.0,0.0,0.16666666666666666,0.1,0.06666666666666667,0.0,0.2
0,0.14285714285714285,0.0,0.07142857142857142,0.0,0.14285714285714285,0.017857142857142856,0.0,0.0,0.0,0.0,0.017857142857142856,0.0,0.017857142857142856,0.017857142857142856,0.07142857142857142,0.017857142857142856,0.0,0.0,0.0,0.05357142857142857,0.14285714285714285,0.017857142857142856,0.03571428571428571,0.05357142857142857,0.17857142857142858,0.10909090909090909,0.01818181818181818,0.05454545454545454,0.03636363636363636,0.14545454545454545,0.0,0.0,0.0,0.0,0.01818181818181818,0.05454545454545454,0.0,0.0,0.0,0.07272727272727272,0.01818181818181818,0.0,0.0,0.01818181818181818,0.03636363636363636,0.16363636363636364,0.0,0.07272727272727272,0.01818181818181818,0.16363636363636364,0.07407407407407407,0.018518518518518517,0.05555555555555555,0.0,0.2037037037037037,0.0,0.0,0.0,0.0,0.018518518518518517,0.037037037037037035,0.0,0.018518518518518517,0.037037037037037035,0.037037037037037035,0.018518518518518517,0.0,0.018518518518518517,0.0,0.037037037037037035,0.2222222222222222,0.0,0.037037037037037035,0.018518518518518517,0.14814814814814814,0.1320754716981132,0.018867924528301886,0.018867924528301886,0.018867924528301886,0.16981132075471697,0.0,0.0,0.0,0.0,0.0,0.03773584905660377,0.0,0.0,0.03773584905660377,0.05660377358490566,0.05660377358490566,0.0,0.0,0.0,0.018867924528301886,0.1320754716981132,0.0,0.11320754716981132,0.0,0.18867924528301888,0.1346153846153846,0.0,0.057692307692307696,0.019230769230769232,0.15384615384615385,0.0,0.0,0.0,0.0,0.0,0.019230769230769232,0.0,0.0,0.0,0.11538461538461539,0.038461538461538464,0.0,0.019230769230769232,0.0,0.019230769230769232,0.15384615384615385,0.019230769230769232,0.057692307692307696,0.038461538461538464,0.15384615384615385,0.11764705882352941,0.0,0.0196078431372549,0.0196078431372549,0.19607843137254902,0.0,0.0,0.0,0.0,0.0,0.0392156862745098,0.0,0.0196078431372549,0.0196078431372549,0.058823529411764705,0.058823529411764705,0.0,0.0196078431372549,0.0,0.0,0.13725490196078433,0.0196078431372549,0.058823529411764705,0.0196078431372549,0.19607843137254902
0,0.025,0.075,0.05,0.025,0.075,0.05,0.05,0.0,0.0,0.075,0.05,0.025,0.0,0.025,0.075,0.0,0.0,0.05,0.0,0.025,0.1,0.05,0.075,0.025,0.075,0.07692307692307693,0.0,0.02564102564102564,0.0,0.1282051282051282,0.05128205128205128,0.05128205128205128,0.02564102564102564,0.0,0.05128205128205128,0.02564102564102564,0.05128205128205128,0.02564102564102564,0.02564102564102564,0.05128205128205128,0.02564102564102564,0.0,0.0,0.05128205128205128,0.0,0.05128205128205128,0.10256410256410256,0.10256410256410256,0.0,0.07692307692307693,0.07894736842105263,0.0,0.05263157894736842,0.02631578947368421,0.07894736842105263,0.02631578947368421,0.02631578947368421,0.02631578947368421,0.0,0.10526315789473684,0.02631578947368421,0.07894736842105263,0.02631578947368421,0.0,0.05263157894736842,0.0,0.02631578947368421,0.05263157894736842,0.0,0.0,0.07894736842105263,0.07894736842105263,0.02631578947368421,0.05263157894736842,0.07894736842105263,0.0,0.05405405405405406,0.10810810810810811,0.02702702702702703,0.05405405405405406,0.08108108108108109,0.0,0.02702702702702703,0.0,0.08108108108108109,0.02702702702702703,0.05405405405405406,0.0,0.02702702702702703,0.05405405405405406,0.02702702702702703,0.0,0.0,0.02702702702702703,0.02702702702702703,0.08108108108108109,0.10810810810810811,0.05405405405405406,0.0,0.08108108108108109,0.05555555555555555,0.027777777777777776,0.0,0.027777777777777776,0.1388888888888889,0.027777777777777776,0.027777777777777776,0.08333333333333333,0.0,0.05555555555555555,0.0,0.08333333333333333,0.027777777777777776,0.0,0.05555555555555555,0.027777777777777776,0.027777777777777776,0.027777777777777776,0.0,0.0,0.1111111111111111,0.05555555555555555,0.027777777777777776,0.05555555555555555,0.05555555555555555,0.0,0.08571428571428572,0.08571428571428572,0.05714285714285714,0.02857142857142857,0.05714285714285714,0.02857142857142857,0.0,0.0,0.11428571428571428,0.08571428571428572,0.02857142857142857,0.02857142857142857,0.02857142857142857,0.0,0.02857142857142857,0.02857142857142857,0.0,0.0,0.02857142857142857,0.02857142857142857,0.05714285714285714,0.05714285714285714,0.0,0.14285714285714285
0,0.5294117647058824,0.0,0.23529411764705882,0.0,0.0,0.0,0.0,0.0,0.0,0.0,0.17647058823529413,0.0,0.058823529411764705,0.0,0.0,0.0,0.0,0.0,0.0,0.0,0.0,0.0,0.0,0.0,0.0,0.5,0.0,0.3125,0.0,0.0,0.0,0.0,0.0,0.0,0.0,0.1875,0.0,0.0,0.0,0.0,0.0,0.0,0.0,0.0,0.0,0.0,0.0,0.0,0.0,0.0,0.6666666666666666,0.0,0.13333333333333333,0.0,0.0,0.0,0.0,0.0,0.0,0.0,0.06666666666666667,0.0,0.13333333333333333,0.0,0.0,0.0,0.0,0.0,0.0,0.0,0.0,0.0,0.0,0.0,0.0,0.5714285714285714,0.0,0.21428571428571427,0.0,0.0,0.0,0.0,0.0,0.0,0.0,0.14285714285714285,0.0,0.07142857142857142,0.0,0.0,0.0,0.0,0.0,0.0,0.0,0.0,0.0,0.0,0.0,0.0,0.5384615384615384,0.0,0.3076923076923077,0.0,0.0,0.0,0.0,0.0,0.0,0.0,0.15384615384615385,0.0,0.0,0.0,0.0,0.0,0.0,0.0,0.0,0.0,0.0,0.0,0.0,0.0,0.0,0.5833333333333334,0.0,0.25,0.0,0.0,0.0,0.0,0.0,0.0,0.0,0.08333333333333333,0.0,0.08333333333333333,0.0,0.0,0.0,0.0,0.0,0.0,0.0,0.0,0.0,0.0,0.0,0.0
0,0.14285714285714285,0.0,0.0,0.0,0.3333333333333333,0.047619047619047616,0.0,0.0,0.0,0.0,0.0,0.0,0.0,0.0,0.0,0.0,0.0,0.0,0.0,0.0,0.23809523809523808,0.047619047619047616,0.0,0.0,0.19047619047619047,0.1,0.05,0.0,0.0,0.3,0.05,0.0,0.0,0.0,0.0,0.0,0.0,0.0,0.0,0.0,0.0,0.0,0.0,0.0,0.0,0.3,0.0,0.0,0.0,0.2,0.2631578947368421,0.05263157894736842,0.0,0.0,0.10526315789473684,0.0,0.0,0.0,0.0,0.05263157894736842,0.0,0.0,0.0,0.0,0.0,0.0,0.0,0.0,0.0,0.0,0.21052631578947367,0.0,0.0,0.0,0.3157894736842105,0.16666666666666666,0.0,0.0,0.0,0.2777777777777778,0.05555555555555555,0.0,0.0,0.0,0.0,0.0,0.0,0.0,0.0,0.0,0.0,0.0,0.0,0.0,0.0,0.2222222222222222,0.05555555555555555,0.0,0.0,0.2222222222222222,0.23529411764705882,0.0,0.0,0.0,0.17647058823529413,0.0,0.0,0.0,0.0,0.058823529411764705,0.0,0.0,0.0,0.0,0.0,0.0,0.0,0.0,0.0,0.0,0.23529411764705882,0.058823529411764705,0.0,0.0,0.23529411764705882,0.1875,0.0,0.0,0.0,0.25,0.0,0.0,0.0,0.0,0.0625,0.0,0.0,0.0,0.0,0.0,0.0,0.0,0.0,0.0,0.0,0.3125,0.0625,0.0,0.0,0.125
0,0.36585365853658536,0.04878048780487805,0.024390243902439025,0.04878048780487805,0.024390243902439025,0.024390243902439025,0.024390243902439025,0.024390243902439025,0.024390243902439025,0.0,0.04878048780487805,0.0,0.04878048780487805,0.024390243902439025,0.024390243902439025,0.07317073170731707,0.024390243902439025,0.0,0.024390243902439025,0.024390243902439025,0.024390243902439025,0.0,0.04878048780487805,0.0,0.024390243902439025,0.3,0.075,0.025,0.05,0.05,0.05,0.0,0.025,0.025,0.0,0.05,0.0,0.025,0.025,0.05,0.075,0.0,0.05,0.025,0.0,0.05,0.025,0.025,0.0,0.0,0.358974358974359,0.02564102564102564,0.05128205128205128,0.0,0.05128205128205128,0.0,0.0,0.02564102564102564,0.07692307692307693,0.0,0.07692307692307693,0.02564102564102564,0.02564102564102564,0.0,0.02564102564102564,0.02564102564102564,0.05128205128205128,0.05128205128205128,0.0,0.02564102564102564,0.07692307692307693,0.0,0.0,0.02564102564102564,0.0,0.34210526315789475,0.0,0.10526315789473684,0.02631578947368421,0.0,0.02631578947368421,0.0,0.02631578947368421,0.02631578947368421,0.02631578947368421,0.10526315789473684,0.05263157894736842,0.0,0.0,0.0,0.0,0.0,0.02631578947368421,0.05263157894736842,0.07894736842105263,0.07894736842105263,0.02631578947368421,0.0,0.0,0.0,0.32432432432432434,0.0,0.02702702702702703,0.08108108108108109,0.02702702702702703,0.08108108108108109,0.0,0.0,0.0,0.02702702702702703,0.08108108108108109,0.05405405405405406,0.0,0.02702702702702703,0.0,0.02702702702702703,0.0,0.08108108108108109,0.0,0.05405405405405406,0.05405405405405406,0.02702702702702703,0.02702702702702703,0.0,0.0,0.3333333333333333,0.0,0.0,0.027777777777777776,0.08333333333333333,0.027777777777777776,0.027777777777777776,0.027777777777777776,0.0,0.027777777777777776,0.05555555555555555,0.05555555555555555,0.0,0.05555555555555555,0.0,0.08333333333333333,0.0,0.05555555555555555,0.027777777777777776,0.0,0.08333333333333333,0.0,0.027777777777777776,0.0,0.0
0,0.13043478260869565,0.028985507246376812,0.08695652173913043,0.014492753623188406,0.08695652173913043,0.043478260869565216,0.043478260869565216,0.014492753623188406,0.0,0.057971014492753624,0.08695652173913043,0.028985507246376812,0.014492753623188406,0.0,0.043478260869565216,0.014492753623188406,0.0,0.0,0.0,0.0,0.08695652173913043,0.043478260869565216,0.057971014492753624,0.0,0.11594202898550725,0.14705882352941177,0.04411764705882353,0.04411764705882353,0.014705882352941176,0.10294117647058823,0.04411764705882353,0.04411764705882353,0.029411764705882353,0.0,0.029411764705882353,0.04411764705882353,0.04411764705882353,0.029411764705882353,0.0,0.058823529411764705,0.014705882352941176,0.0,0.0,0.0,0.0,0.11764705882352941,0.014705882352941176,0.07352941176470588,0.0,0.10294117647058823,0.1044776119402985,0.04477611940298507,0.08955223880597014,0.014925373134328358,0.1044776119402985,0.029850746268656716,0.029850746268656716,0.014925373134328358,0.0,0.05970149253731343,0.05970149253731343,0.029850746268656716,0.04477611940298507,0.0,0.04477611940298507,0.014925373134328358,0.0,0.0,0.0,0.0,0.16417910447761194,0.04477611940298507,0.029850746268656716,0.0,0.07462686567164178,0.15151515151515152,0.06060606060606061,0.045454545454545456,0.015151515151515152,0.09090909090909091,0.06060606060606061,0.015151515151515152,0.015151515151515152,0.0,0.030303030303030304,0.06060606060606061,0.045454545454545456,0.045454545454545456,0.0,0.030303030303030304,0.0,0.0,0.0,0.0,0.015151515151515152,0.10606060606060606,0.030303030303030304,0.07575757575757576,0.0,0.10606060606060606,0.13846153846153847,0.03076923076923077,0.09230769230769231,0.0,0.1076923076923077,0.015384615384615385,0.015384615384615385,0.046153846153846156,0.0,0.03076923076923077,0.12307692307692308,0.015384615384615385,0.015384615384615385,0.0,0.03076923076923077,0.0,0.0,0.015384615384615385,0.0,0.0,0.09230769230769231,0.09230769230769231,0.015384615384615385,0.015384615384615385,0.1076923076923077,0.171875,0.046875,0.078125,0.0,0.078125,0.0625,0.015625,0.0,0.0,0.03125,0.015625,0.015625,0.078125,0.0,0.0625,0.015625,0.0,0.0,0.0,0.0,0.109375,0.078125,0.03125,0.015625,0.09375
0,0.3,0.0,0.05,0.0,0.2,0.05,0.0,0.0,0.0,0.0,0.05,0.0,0.1,0.0,0.05,0.0,0.0,0.0,0.0,0.0,0.15,0.0,0.05,0.0,0.0,0.21052631578947367,0.0,0.15789473684210525,0.0,0.21052631578947367,0.05263157894736842,0.0,0.0,0.0,0.0,0.05263157894736842,0.0,0.05263157894736842,0.0,0.05263157894736842,0.0,0.0,0.0,0.0,0.0,0.21052631578947367,0.0,0.0,0.0,0.0,0.3888888888888889,0.0,0.2222222222222222,0.0,0.0,0.0,0.0,0.0,0.0,0.05555555555555555,0.0,0.0,0.0,0.0,0.1111111111111111,0.0,0.0,0.0,0.0,0.0,0.1111111111111111,0.0,0.0,0.0,0.1111111111111111,0.35294117647058826,0.0,0.11764705882352941,0.0,0.17647058823529413,0.058823529411764705,0.0,0.0,0.0,0.0,0.058823529411764705,0.0,0.0,0.0,0.0,0.0,0.0,0.0,0.0,0.0,0.058823529411764705,0.0,0.11764705882352941,0.0,0.058823529411764705,0.1875,0.0,0.1875,0.0,0.25,0.0625,0.0,0.0,0.0,0.0,0.0625,0.0,0.0,0.0,0.0,0.0,0.0,0.0,0.0,0.0,0.1875,0.0,0.0625,0.0,0.0,0.26666666666666666,0.0,0.2,0.0,0.13333333333333333,0.0,0.0,0.0,0.0,0.06666666666666667,0.06666666666666667,0.0,0.0,0.0,0.0,0.0,0.0,0.0,0.0,0.0,0.13333333333333333,0.0,0.06666666666666667,0.0,0.06666666666666667
0,0.17391304347826086,0.043478260869565216,0.0,0.0,0.21739130434782608,0.08695652173913043,0.0,0.0,0.0,0.043478260869565216,0.08695652173913043,0.0,0.043478260869565216,0.0,0.043478260869565216,0.0,0.0,0.0,0.0,0.0,0.08695652173913043,0.043478260869565216,0.13043478260869565,0.0,0.0,0.18181818181818182,0.045454545454545456,0.09090909090909091,0.0,0.13636363636363635,0.0,0.0,0.045454545454545456,0.0,0.09090909090909091,0.0,0.045454545454545456,0.0,0.0,0.09090909090909091,0.0,0.0,0.0,0.0,0.0,0.22727272727272727,0.0,0.045454545454545456,0.0,0.0,0.23809523809523808,0.047619047619047616,0.09523809523809523,0.0,0.09523809523809523,0.09523809523809523,0.0,0.047619047619047616,0.0,0.0,0.0,0.0,0.047619047619047616,0.0,0.047619047619047616,0.0,0.0,0.0,0.0,0.0,0.09523809523809523,0.047619047619047616,0.0,0.0,0.14285714285714285,0.3,0.1,0.0,0.0,0.1,0.1,0.0,0.0,0.0,0.05,0.0,0.0,0.1,0.0,0.0,0.0,0.0,0.0,0.0,0.0,0.0,0.0,0.1,0.0,0.15,0.15789473684210525,0.0,0.05263157894736842,0.0,0.2631578947368421,0.05263157894736842,0.05263157894736842,0.05263157894736842,0.0,0.0,0.05263157894736842,0.0,0.0,0.0,0.05263157894736842,0.0,0.0,0.0,0.0,0.0,0.10526315789473684,0.05263157894736842,0.10526315789473684,0.0,0.0,0.16666666666666666,0.05555555555555555,0.16666666666666666,0.0,0.1111111111111111,0.0,0.0,0.05555555555555555,0.0,0.1111111111111111,0.0,0.0,0.0,0.0,0.05555555555555555,0.0,0.0,0.0,0.0,0.0,0.16666666666666666,0.05555555555555555,0.0,0.0,0.05555555555555555
0,0.2857142857142857,0.047619047619047616,0.023809523809523808,0.023809523809523808,0.11904761904761904,0.07142857142857142,0.0,0.0,0.0,0.023809523809523808,0.023809523809523808,0.0,0.0,0.023809523809523808,0.047619047619047616,0.0,0.0,0.023809523809523808,0.0,0.023809523809523808,0.09523809523809523,0.047619047619047616,0.07142857142857142,0.0,0.047619047619047616,0.24390243902439024,0.07317073170731707,0.04878048780487805,0.0,0.12195121951219512,0.0,0.0,0.0,0.0,0.0975609756097561,0.024390243902439025,0.024390243902439025,0.024390243902439025,0.024390243902439025,0.0,0.0,0.0,0.024390243902439025,0.0,0.024390243902439025,0.1951219512195122,0.0,0.024390243902439025,0.024390243902439025,0.024390243902439025,0.3,0.05,0.05,0.0,0.075,0.025,0.0,0.05,0.0,0.025,0.05,0.0,0.0,0.0,0.05,0.0,0.025,0.0,0.0,0.025,0.1,0.025,0.025,0.05,0.075,0.20512820512820512,0.05128205128205128,0.05128205128205128,0.02564102564102564,0.1282051282051282,0.07692307692307693,0.0,0.0,0.02564102564102564,0.0,0.0,0.02564102564102564,0.02564102564102564,0.0,0.05128205128205128,0.05128205128205128,0.0,0.0,0.0,0.0,0.15384615384615385,0.0,0.05128205128205128,0.0,0.07692307692307693,0.21052631578947367,0.02631578947368421,0.05263157894736842,0.02631578947368421,0.13157894736842105,0.02631578947368421,0.02631578947368421,0.02631578947368421,0.02631578947368421,0.0,0.05263157894736842,0.0,0.02631578947368421,0.0,0.02631578947368421,0.02631578947368421,0.0,0.0,0.0,0.02631578947368421,0.15789473684210525,0.02631578947368421,0.02631578947368421,0.0,0.07894736842105263,0.24324324324324326,0.02702702702702703,0.05405405405405406,0.02702702702702703,0.08108108108108109,0.02702702702702703,0.0,0.0,0.0,0.08108108108108109,0.08108108108108109,0.0,0.0,0.0,0.02702702702702703,0.0,0.0,0.02702702702702703,0.0,0.02702702702702703,0.13513513513513514,0.05405405405405406,0.05405405405405406,0.02702702702702703,0.02702702702702703
0,0.15,0.0,0.025,0.0,0.225,0.0,0.0,0.0,0.0,0.05,0.1,0.0,0.0,0.0,0.0,0.0,0.0,0.0,0.0,0.025,0.15,0.05,0.075,0.0,0.15,0.1794871794871795,0.02564102564102564,0.02564102564102564,0.0,0.15384615384615385,0.02564102564102564,0.0,0.02564102564102564,0.0,0.0,0.05128205128205128,0.0,0.0,0.0,0.05128205128205128,0.02564102564102564,0.0,0.0,0.0,0.0,0.1282051282051282,0.02564102564102564,0.05128205128205128,0.0,0.23076923076923078,0.05263157894736842,0.0,0.05263157894736842,0.0,0.2894736842105263,0.02631578947368421,0.0,0.0,0.0,0.02631578947368421,0.10526315789473684,0.0,0.0,0.0,0.0,0.02631578947368421,0.0,0.0,0.0,0.0,0.18421052631578946,0.05263157894736842,0.05263157894736842,0.0,0.13157894736842105,0.10810810810810811,0.02702702702702703,0.02702702702702703,0.0,0.21621621621621623,0.05405405405405406,0.0,0.0,0.0,0.0,0.02702702702702703,0.0,0.0,0.0,0.08108108108108109,0.0,0.0,0.0,0.0,0.02702702702702703,0.1891891891891892,0.02702702702702703,0.08108108108108109,0.0,0.13513513513513514,0.1111111111111111,0.027777777777777776,0.05555555555555555,0.0,0.19444444444444445,0.027777777777777776,0.0,0.0,0.0,0.027777777777777776,0.0,0.027777777777777776,0.0,0.0,0.05555555555555555,0.0,0.0,0.027777777777777776,0.0,0.0,0.25,0.0,0.027777777777777776,0.0,0.16666666666666666,0.17142857142857143,0.02857142857142857,0.05714285714285714,0.0,0.11428571428571428,0.0,0.0,0.0,0.0,0.05714285714285714,0.0,0.0,0.0,0.0,0.08571428571428572,0.02857142857142857,0.0,0.0,0.0,0.0,0.2,0.02857142857142857,0.02857142857142857,0.0,0.2
0,0.1282051282051282,0.05128205128205128,0.05128205128205128,0.0,0.1282051282051282,0.0,0.0,0.02564102564102564,0.0,0.07692307692307693,0.07692307692307693,0.02564102564102564,0.0,0.0,0.07692307692307693,0.02564102564102564,0.0,0.02564102564102564,0.0,0.0,0.10256410256410256,0.02564102564102564,0.07692307692307693,0.05128205128205128,0.05128205128205128,0.07894736842105263,0.02631578947368421,0.13157894736842105,0.0,0.13157894736842105,0.02631578947368421,0.02631578947368421,0.02631578947368421,0.0,0.02631578947368421,0.10526315789473684,0.02631578947368421,0.0,0.0,0.02631578947368421,0.05263157894736842,0.0,0.0,0.0,0.0,0.07894736842105263,0.02631578947368421,0.02631578947368421,0.05263157894736842,0.13157894736842105,0.13513513513513514,0.05405405405405406,0.02702702702702703,0.02702702702702703,0.13513513513513514,0.02702702702702703,0.0,0.0,0.02702702702702703,0.05405405405405406,0.02702702702702703,0.05405405405405406,0.02702702702702703,0.0,0.05405405405405406,0.02702702702702703,0.0,0.0,0.0,0.02702702702702703,0.13513513513513514,0.0,0.13513513513513514,0.0,0.02702702702702703,0.1111111111111111,0.05555555555555555,0.08333333333333333,0.027777777777777776,0.08333333333333333,0.027777777777777776,0.027777777777777776,0.05555555555555555,0.0,0.0,0.08333333333333333,0.0,0.027777777777777776,0.0,0.05555555555555555,0.0,0.0,0.027777777777777776,0.0,0.027777777777777776,0.1388888888888889,0.027777777777777776,0.0,0.0,0.1388888888888889,0.08571428571428572,0.05714285714285714,0.11428571428571428,0.02857142857142857,0.08571428571428572,0.02857142857142857,0.0,0.0,0.0,0.08571428571428572,0.08571428571428572,0.0,0.02857142857142857,0.0,0.05714285714285714,0.02857142857142857,0.02857142857142857,0.0,0.0,0.0,0.11428571428571428,0.02857142857142857,0.05714285714285714,0.0,0.08571428571428572,0.14705882352941177,0.029411764705882353,0.058823529411764705,0.0,0.11764705882352941,0.08823529411764706,0.0,0.0,0.0,0.029411764705882353,0.0,0.058823529411764705,0.058823529411764705,0.029411764705882353,0.029411764705882353,0.0,0.0,0.0,0.0,0.058823529411764705,0.08823529411764706,0.029411764705882353,0.08823529411764706,0.0,0.08823529411764706
0,0.041666666666666664,0.020833333333333332,0.0625,0.020833333333333332,0.08333333333333333,0.041666666666666664,0.0,0.020833333333333332,0.041666666666666664,0.0,0.041666666666666664,0.020833333333333332,0.0625,0.0,0.125,0.020833333333333332,0.020833333333333332,0.020833333333333332,0.020833333333333332,0.020833333333333332,0.08333333333333333,0.020833333333333332,0.08333333333333333,0.020833333333333332,0.10416666666666667,0.06382978723404255,0.0,0.0851063829787234,0.0,0.0851063829787234,0.0425531914893617,0.0,0.0,0.02127659574468085,0.0425531914893617,0.02127659574468085,0.02127659574468085,0.0851063829787234,0.02127659574468085,0.0851063829787234,0.0425531914893617,0.0,0.02127659574468085,0.02127659574468085,0.02127659574468085,0.06382978723404255,0.06382978723404255,0.06382978723404255,0.02127659574468085,0.10638297872340426,0.043478260869565216,0.043478260869565216,0.06521739130434782,0.0,0.08695652173913043,0.043478260869565216,0.0,0.0,0.021739130434782608,0.043478260869565216,0.021739130434782608,0.0,0.06521739130434782,0.06521739130434782,0.08695652173913043,0.06521739130434782,0.0,0.021739130434782608,0.0,0.021739130434782608,0.043478260869565216,0.043478260869565216,0.10869565217391304,0.0,0.10869565217391304,0.044444444444444446,0.0,0.06666666666666667,0.022222222222222223,0.1111111111111111,0.044444444444444446,0.0,0.06666666666666667,0.0,0.0,0.0,0.044444444444444446,0.044444444444444446,0.022222222222222223,0.1111111111111111,0.08888888888888889,0.0,0.0,0.0,0.022222222222222223,0.044444444444444446,0.044444444444444446,0.08888888888888889,0.022222222222222223,0.1111111111111111,0.022727272727272728,0.0,0.11363636363636363,0.022727272727272728,0.09090909090909091,0.045454545454545456,0.0,0.022727272727272728,0.0,0.045454545454545456,0.045454545454545456,0.022727272727272728,0.022727272727272728,0.022727272727272728,0.11363636363636363,0.0,0.022727272727272728,0.045454545454545456,0.0,0.045454545454545456,0.11363636363636363,0.045454545454545456,0.045454545454545456,0.022727272727272728,0.06818181818181818,0.023255813953488372,0.06976744186046512,0.023255813953488372,0.0,0.11627906976744186,0.0,0.0,0.046511627906976744,0.0,0.06976744186046512,0.09302325581395349,0.023255813953488372,0.023255813953488372,0.023255813953488372,0.06976744186046512,0.046511627906976744,0.0,0.023255813953488372,0.0,0.046511627906976744,0.046511627906976744,0.0,0.13953488372093023,0.046511627906976744,0.06976744186046512
0,0.4,0.0,0.06666666666666667,0.0,0.2,0.06666666666666667,0.0,0.0,0.0,0.0,0.06666666666666667,0.0,0.0,0.0,0.0,0.0,0.0,0.0,0.0,0.0,0.2,0.0,0.0,0.0,0.0,0.42857142857142855,0.0,0.07142857142857142,0.0,0.14285714285714285,0.0,0.0,0.0,0.0,0.07142857142857142,0.07142857142857142,0.0,0.0,0.0,0.0,0.0,0.0,0.0,0.0,0.0,0.21428571428571427,0.0,0.0,0.0,0.0,0.5384615384615384,0.0,0.07692307692307693,0.0,0.0,0.07692307692307693,0.0,0.0,0.0,0.0,0.0,0.0,0.0,0.0,0.07692307692307693,0.0,0.0,0.0,0.0,0.0,0.15384615384615385,0.0,0.0,0.0,0.07692307692307693,0.5,0.0,0.0,0.0,0.16666666666666666,0.08333333333333333,0.0,0.0,0.0,0.0,0.08333333333333333,0.0,0.0,0.0,0.0,0.0,0.0,0.0,0.0,0.0,0.08333333333333333,0.0,0.08333333333333333,0.0,0.0,0.36363636363636365,0.0,0.09090909090909091,0.0,0.18181818181818182,0.09090909090909091,0.0,0.0,0.0,0.0,0.09090909090909091,0.0,0.0,0.0,0.0,0.0,0.0,0.0,0.0,0.0,0.18181818181818182,0.0,0.0,0.0,0.0,0.5,0.0,0.0,0.0,0.1,0.0,0.0,0.1,0.0,0.0,0.0,0.0,0.0,0.0,0.1,0.0,0.0,0.0,0.0,0.0,0.2,0.0,0.0,0.0,0.0
0,0.3157894736842105,0.05263157894736842,0.0,0.0,0.15789473684210525,0.05263157894736842,0.05263157894736842,0.05263157894736842,0.0,0.0,0.05263157894736842,0.0,0.05263157894736842,0.0,0.05263157894736842,0.0,0.0,0.0,0.0,0.0,0.10526315789473684,0.0,0.05263157894736842,0.0,0.0,0.3333333333333333,0.05555555555555555,0.05555555555555555,0.0,0.1111111111111111,0.0,0.0,0.1111111111111111,0.0,0.05555555555555555,0.05555555555555555,0.0,0.0,0.0,0.05555555555555555,0.0,0.0,0.0,0.0,0.0,0.1111111111111111,0.05555555555555555,0.0,0.0,0.0,0.35294117647058826,0.058823529411764705,0.11764705882352941,0.0,0.058823529411764705,0.058823529411764705,0.0,0.058823529411764705,0.0,0.058823529411764705,0.0,0.0,0.0,0.0,0.058823529411764705,0.0,0.0,0.0,0.0,0.0,0.11764705882352941,0.058823529411764705,0.0,0.0,0.0,0.3125,0.125,0.125,0.0,0.0625,0.0625,0.0,0.0,0.0,0.0625,0.0625,0.0,0.0,0.0,0.0,0.0,0.0,0.0,0.0,0.0,0.0625,0.0,0.0625,0.0,0.0625,0.26666666666666666,0.06666666666666667,0.13333333333333333,0.0,0.2,0.06666666666666667,0.0,0.0,0.0,0.0,0.0,0.06666666666666667,0.0,0.0,0.0,0.0,0.0,0.0,0.0,0.0,0.13333333333333333,0.0,0.06666666666666667,0.0,0.0,0.2857142857142857,0.0,0.21428571428571427,0.0,0.14285714285714285,0.07142857142857142,0.0,0.0,0.0,0.0,0.0,0.07142857142857142,0.0,0.0,0.0,0.0,0.0,0.0,0.0,0.0,0.07142857142857142,0.07142857142857142,0.0,0.0,0.07142857142857142
0,0.30434782608695654,0.043478260869565216,0.043478260869565216,0.0,0.08695652173913043,0.0,0.043478260869565216,0.0,0.0,0.08695652173913043,0.043478260869565216,0.0,0.08695652173913043,0.0,0.043478260869565216,0.0,0.0,0.0,0.0,0.0,0.13043478260869565,0.0,0.043478260869565216,0.0,0.043478260869565216,0.2727272727272727,0.0,0.13636363636363635,0.0,0.09090909090909091,0.045454545454545456,0.0,0.0,0.0,0.09090909090909091,0.045454545454545456,0.045454545454545456,0.0,0.0,0.045454545454545456,0.0,0.0,0.0,0.0,0.0,0.13636363636363635,0.0,0.045454545454545456,0.0,0.045454545454545456,0.3333333333333333,0.0,0.09523809523809523,0.0,0.09523809523809523,0.14285714285714285,0.0,0.0,0.0,0.0,0.0,0.047619047619047616,0.0,0.0,0.047619047619047616,0.0,0.0,0.0,0.0,0.0,0.047619047619047616,0.0,0.09523809523809523,0.0,0.09523809523809523,0.35,0.05,0.05,0.0,0.1,0.1,0.0,0.0,0.0,0.05,0.0,0.0,0.0,0.0,0.1,0.0,0.0,0.0,0.0,0.0,0.05,0.0,0.15,0.0,0.0,0.21052631578947367,0.05263157894736842,0.10526315789473684,0.0,0.15789473684210525,0.10526315789473684,0.0,0.05263157894736842,0.0,0.0,0.05263157894736842,0.0,0.0,0.0,0.05263157894736842,0.0,0.0,0.0,0.0,0.0,0.10526315789473684,0.0,0.05263157894736842,0.0,0.05263157894736842,0.2222222222222222,0.0,0.16666666666666666,0.0,0.16666666666666666,0.1111111111111111,0.0,0.05555555555555555,0.0,0.0,0.05555555555555555,0.0,0.0,0.0,0.05555555555555555,0.0,0.0,0.0,0.0,0.0,0.05555555555555555,0.05555555555555555,0.0,0.0,0.05555555555555555
0,0.4166666666666667,0.08333333333333333,0.0,0.0,0.16666666666666666,0.08333333333333333,0.0,0.0,0.0,0.0,0.08333333333333333,0.0,0.0,0.0,0.0,0.0,0.0,0.0,0.0,0.0,0.08333333333333333,0.0,0.08333333333333333,0.0,0.0,0.45454545454545453,0.0,0.09090909090909091,0.0,0.09090909090909091,0.0,0.0,0.0,0.0,0.09090909090909091,0.0,0.09090909090909091,0.0,0.0,0.0,0.0,0.0,0.0,0.0,0.0,0.18181818181818182,0.0,0.0,0.0,0.0,0.5,0.0,0.1,0.0,0.1,0.1,0.0,0.0,0.0,0.0,0.0,0.0,0.0,0.0,0.0,0.0,0.0,0.0,0.0,0.0,0.1,0.1,0.0,0.0,0.0,0.4444444444444444,0.1111111111111111,0.1111111111111111,0.0,0.1111111111111111,0.1111111111111111,0.0,0.0,0.0,0.0,0.0,0.0,0.0,0.0,0.0,0.0,0.0,0.0,0.0,0.0,0.1111111111111111,0.0,0.0,0.0,0.0,0.375,0.125,0.125,0.0,0.125,0.125,0.0,0.0,0.0,0.0,0.0,0.0,0.0,0.0,0.0,0.0,0.0,0.0,0.0,0.0,0.125,0.0,0.0,0.0,0.0,0.2857142857142857,0.14285714285714285,0.14285714285714285,0.0,0.14285714285714285,0.14285714285714285,0.0,0.0,0.0,0.0,0.0,0.0,0.0,0.0,0.0,0.0,0.0,0.0,0.0,0.0,0.14285714285714285,0.0,0.0,0.0,0.0
0,0.4375,0.0625,0.0,0.0,0.125,0.0,0.0625,0.0,0.0,0.0625,0.0625,0.0,0.0,0.0,0.0,0.0,0.0,0.0,0.0,0.0,0.125,0.0,0.0625,0.0,0.0,0.4,0.0,0.06666666666666667,0.0,0.13333333333333333,0.06666666666666667,0.0,0.0,0.0,0.06666666666666667,0.0,0.06666666666666667,0.0,0.0,0.0,0.0,0.0,0.0,0.0,0.0,0.2,0.0,0.0,0.0,0.0,0.5,0.0,0.07142857142857142,0.0,0.07142857142857142,0.14285714285714285,0.0,0.0,0.0,0.0,0.0,0.0,0.0,0.0,0.0,0.0,0.0,0.0,0.0,0.0,0.07142857142857142,0.07142857142857142,0.0,0.0,0.07142857142857142,0.46153846153846156,0.07692307692307693,0.0,0.0,0.15384615384615385,0.15384615384615385,0.0,0.0,0.0,0.0,0.0,0.0,0.0,0.0,0.0,0.0,0.0,0.0,0.0,0.0,0.07692307692307693,0.0,0.07692307692307693,0.0,0.0,0.3333333333333333,0.08333333333333333,0.08333333333333333,0.0,0.16666666666666666,0.16666666666666666,0.0,0.0,0.0,0.0,0.0,0.0,0.0,0.0,0.0,0.0,0.0,0.0,0.0,0.0,0.16666666666666666,0.0,0.0,0.0,0.0,0.36363636363636365,0.0,0.09090909090909091,0.0,0.18181818181818182,0.18181818181818182,0.0,0.0,0.0,0.0,0.0,0.0,0.0,0.0,0.0,0.0,0.0,0.0,0.0,0.0,0.09090909090909091,0.09090909090909091,0.0,0.0,0.0
0,0.09523809523809523,0.09523809523809523,0.14285714285714285,0.0,0.047619047619047616,0.0,0.0,0.047619047619047616,0.0,0.09523809523809523,0.14285714285714285,0.0,0.09523809523809523,0.0,0.047619047619047616,0.0,0.0,0.0,0.0,0.0,0.09523809523809523,0.047619047619047616,0.047619047619047616,0.0,0.0,0.15,0.0,0.15,0.0,0.1,0.05,0.05,0.05,0.0,0.0,0.1,0.05,0.05,0.0,0.1,0.0,0.0,0.0,0.0,0.0,0.0,0.05,0.1,0.0,0.0,0.05263157894736842,0.10526315789473684,0.21052631578947367,0.0,0.05263157894736842,0.0,0.0,0.05263157894736842,0.0,0.05263157894736842,0.10526315789473684,0.05263157894736842,0.10526315789473684,0.0,0.05263157894736842,0.0,0.0,0.0,0.0,0.0,0.10526315789473684,0.0,0.0,0.0,0.05263157894736842,0.05555555555555555,0.05555555555555555,0.16666666666666666,0.0,0.1111111111111111,0.1111111111111111,0.0,0.0,0.0,0.0,0.1111111111111111,0.1111111111111111,0.05555555555555555,0.0,0.05555555555555555,0.0,0.0,0.0,0.0,0.0,0.0,0.0,0.1111111111111111,0.0,0.05555555555555555,0.17647058823529413,0.0,0.11764705882352941,0.0,0.11764705882352941,0.0,0.058823529411764705,0.0,0.0,0.058823529411764705,0.058823529411764705,0.11764705882352941,0.11764705882352941,0.0,0.058823529411764705,0.0,0.0,0.0,0.0,0.0,0.058823529411764705,0.0,0.058823529411764705,0.0,0.0,0.125,0.125,0.0625,0.0,0.0625,0.0625,0.0,0.0,0.0,0.0625,0.0625,0.0,0.25,0.0,0.0625,0.0,0.0,0.0,0.0,0.0,0.0625,0.0625,0.0,0.0,0.0
0,0.07317073170731707,0.0,0.04878048780487805,0.04878048780487805,0.07317073170731707,0.0,0.0,0.024390243902439025,0.0,0.07317073170731707,0.024390243902439025,0.024390243902439025,0.024390243902439025,0.0,0.0975609756097561,0.04878048780487805,0.0,0.0,0.0,0.04878048780487805,0.0975609756097561,0.07317073170731707,0.07317073170731707,0.024390243902439025,0.12195121951219512,0.075,0.0,0.1,0.025,0.05,0.025,0.025,0.0,0.0,0.05,0.025,0.025,0.0,0.0,0.1,0.025,0.025,0.025,0.025,0.0,0.075,0.025,0.05,0.025,0.225,0.02564102564102564,0.0,0.07692307692307693,0.02564102564102564,0.1282051282051282,0.02564102564102564,0.0,0.02564102564102564,0.0,0.05128205128205128,0.0,0.02564102564102564,0.0,0.05128205128205128,0.05128205128205128,0.05128205128205128,0.0,0.02564102564102564,0.0,0.02564102564102564,0.1282051282051282,0.07692307692307693,0.02564102564102564,0.0,0.1794871794871795,0.05263157894736842,0.05263157894736842,0.02631578947368421,0.02631578947368421,0.07894736842105263,0.02631578947368421,0.0,0.0,0.0,0.07894736842105263,0.02631578947368421,0.0,0.0,0.0,0.10526315789473684,0.02631578947368421,0.02631578947368421,0.0,0.0,0.05263157894736842,0.07894736842105263,0.02631578947368421,0.13157894736842105,0.05263157894736842,0.13157894736842105,0.02702702702702703,0.02702702702702703,0.02702702702702703,0.02702702702702703,0.10810810810810811,0.02702702702702703,0.0,0.02702702702702703,0.0,0.05405405405405406,0.02702702702702703,0.02702702702702703,0.02702702702702703,0.02702702702702703,0.02702702702702703,0.02702702702702703,0.0,0.02702702702702703,0.02702702702702703,0.02702702702702703,0.10810810810810811,0.05405405405405406,0.05405405405405406,0.0,0.21621621621621623,0.05555555555555555,0.05555555555555555,0.027777777777777776,0.0,0.05555555555555555,0.0,0.027777777777777776,0.027777777777777776,0.0,0.05555555555555555,0.05555555555555555,0.0,0.027777777777777776,0.0,0.05555555555555555,0.0,0.0,0.0,0.0,0.1111111111111111,0.1111111111111111,0.027777777777777776,0.08333333333333333,0.05555555555555555,0.16666666666666666
0,0.21739130434782608,0.043478260869565216,0.043478260869565216,0.0,0.17391304347826086,0.043478260869565216,0.0,0.043478260869565216,0.0,0.0,0.08695652173913043,0.0,0.043478260869565216,0.0,0.043478260869565216,0.0,0.0,0.0,0.0,0.0,0.13043478260869565,0.0,0.043478260869565216,0.0,0.08695652173913043,0.13636363636363635,0.045454545454545456,0.13636363636363635,0.0,0.18181818181818182,0.045454545454545456,0.0,0.0,0.0,0.045454545454545456,0.09090909090909091,0.0,0.0,0.0,0.045454545454545456,0.0,0.0,0.0,0.0,0.0,0.18181818181818182,0.0,0.045454545454545456,0.0,0.045454545454545456,0.2857142857142857,0.0,0.14285714285714285,0.0,0.09523809523809523,0.09523809523809523,0.0,0.0,0.0,0.0,0.047619047619047616,0.0,0.0,0.0,0.047619047619047616,0.0,0.0,0.0,0.0,0.0,0.047619047619047616,0.047619047619047616,0.047619047619047616,0.0,0.14285714285714285,0.35,0.05,0.0,0.0,0.15,0.1,0.0,0.0,0.0,0.0,0.0,0.0,0.05,0.0,0.05,0.0,0.0,0.0,0.0,0.0,0.0,0.0,0.15,0.0,0.1,0.21052631578947367,0.0,0.10526315789473684,0.0,0.21052631578947367,0.0,0.05263157894736842,0.05263157894736842,0.0,0.0,0.10526315789473684,0.0,0.0,0.0,0.0,0.0,0.0,0.0,0.0,0.0,0.10526315789473684,0.0,0.05263157894736842,0.0,0.10526315789473684,0.16666666666666666,0.0,0.16666666666666666,0.0,0.2222222222222222,0.05555555555555555,0.0,0.05555555555555555,0.0,0.0,0.1111111111111111,0.0,0.0,0.0,0.0,0.0,0.0,0.0,0.0,0.0,0.1111111111111111,0.0,0.0,0.0,0.1111111111111111
0,0.07692307692307693,0.07692307692307693,0.15384615384615385,0.0,0.15384615384615385,0.0,0.0,0.0,0.0,0.07692307692307693,0.15384615384615385,0.0,0.0,0.0,0.0,0.0,0.0,0.0,0.0,0.0,0.15384615384615385,0.0,0.0,0.0,0.15384615384615385,0.25,0.0,0.08333333333333333,0.0,0.08333333333333333,0.0,0.0,0.0,0.0,0.08333333333333333,0.08333333333333333,0.0,0.0,0.0,0.08333333333333333,0.0,0.0,0.0,0.0,0.0,0.08333333333333333,0.0,0.08333333333333333,0.0,0.16666666666666666,0.18181818181818182,0.0,0.09090909090909091,0.0,0.18181818181818182,0.0,0.0,0.0,0.0,0.09090909090909091,0.0,0.0,0.09090909090909091,0.0,0.0,0.0,0.0,0.0,0.0,0.0,0.2727272727272727,0.0,0.0,0.0,0.09090909090909091,0.1,0.0,0.1,0.0,0.2,0.1,0.0,0.0,0.0,0.0,0.1,0.0,0.0,0.0,0.0,0.0,0.0,0.0,0.0,0.0,0.2,0.0,0.1,0.0,0.1,0.3333333333333333,0.0,0.0,0.0,0.0,0.0,0.0,0.0,0.0,0.1111111111111111,0.0,0.0,0.0,0.0,0.1111111111111111,0.0,0.0,0.0,0.0,0.0,0.2222222222222222,0.0,0.2222222222222222,0.0,0.0,0.0,0.0,0.125,0.0,0.25,0.125,0.0,0.0,0.0,0.0,0.0,0.0,0.0,0.0,0.0,0.0,0.0,0.0,0.0,0.0,0.375,0.0,0.125,0.0,0.0
0,0.03389830508474576,0.01694915254237288,0.05084745762711865,0.03389830508474576,0.0847457627118644,0.03389830508474576,0.0,0.0,0.01694915254237288,0.03389830508474576,0.03389830508474576,0.0,0.01694915254237288,0.01694915254237288,0.05084745762711865,0.03389830508474576,0.03389830508474576,0.03389830508474576,0.01694915254237288,0.06779661016949153,0.0847457627118644,0.03389830508474576,0.03389830508474576,0.0847457627118644,0.15254237288135594,0.017241379310344827,0.0,0.034482758620689655,0.034482758620689655,0.13793103448275862,0.0,0.0,0.034482758620689655,0.017241379310344827,0.034482758620689655,0.05172413793103448,0.017241379310344827,0.017241379310344827,0.034482758620689655,0.0,0.05172413793103448,0.017241379310344827,0.017241379310344827,0.034482758620689655,0.06896551724137931,0.10344827586206896,0.05172413793103448,0.034482758620689655,0.05172413793103448,0.13793103448275862,0.08771929824561403,0.03508771929824561,0.0,0.03508771929824561,0.05263157894736842,0.0,0.0,0.0,0.017543859649122806,0.07017543859649122,0.03508771929824561,0.0,0.0,0.0,0.08771929824561403,0.017543859649122806,0.0,0.08771929824561403,0.017543859649122806,0.07017543859649122,0.08771929824561403,0.05263157894736842,0.05263157894736842,0.08771929824561403,0.10526315789473684,0.08928571428571429,0.017857142857142856,0.017857142857142856,0.03571428571428571,0.05357142857142857,0.05357142857142857,0.017857142857142856,0.017857142857142856,0.0,0.0,0.0,0.0,0.017857142857142856,0.017857142857142856,0.08928571428571429,0.03571428571428571,0.017857142857142856,0.03571428571428571,0.017857142857142856,0.07142857142857142,0.05357142857142857,0.03571428571428571,0.05357142857142857,0.08928571428571429,0.16071428571428573,0.0,0.0,0.09090909090909091,0.05454545454545454,0.07272727272727272,0.03636363636363636,0.0,0.0,0.0,0.05454545454545454,0.01818181818181818,0.0,0.01818181818181818,0.01818181818181818,0.05454545454545454,0.05454545454545454,0.03636363636363636,0.01818181818181818,0.01818181818181818,0.05454545454545454,0.12727272727272726,0.05454545454545454,0.01818181818181818,0.07272727272727272,0.12727272727272726,0.037037037037037035,0.0,0.018518518518518517,0.05555555555555555,0.1111111111111111,0.0,0.0,0.037037037037037035,0.0,0.05555555555555555,0.037037037037037035,0.018518518518518517,0.018518518518518517,0.0,0.018518518518518517,0.05555555555555555,0.018518518518518517,0.018518518518518517,0.037037037037037035,0.05555555555555555,0.1111111111111111,0.05555555555555555,0.05555555555555555,0.07407407407407407,0.1111111111111111
0,0.2608695652173913,0.043478260869565216,0.08695652173913043,0.0,0.13043478260869565,0.0,0.0,0.043478260869565216,0.0,0.0,0.043478260869565216,0.0,0.0,0.043478260869565216,0.043478260869565216,0.08695652173913043,0.0,0.0,0.0,0.0,0.08695652173913043,0.0,0.0,0.043478260869565216,0.08695652173913043,0.09090909090909091,0.045454545454545456,0.13636363636363635,0.045454545454545456,0.22727272727272727,0.0,0.0,0.0,0.045454545454545456,0.0,0.13636363636363635,0.0,0.0,0.0,0.0,0.045454545454545456,0.0,0.0,0.0,0.045454545454545456,0.18181818181818182,0.0,0.0,0.0,0.0,0.23809523809523808,0.0,0.047619047619047616,0.09523809523809523,0.14285714285714285,0.047619047619047616,0.0,0.0,0.0,0.0,0.14285714285714285,0.0,0.0,0.0,0.0,0.0,0.0,0.047619047619047616,0.0,0.047619047619047616,0.047619047619047616,0.0,0.047619047619047616,0.0,0.09523809523809523,0.35,0.0,0.0,0.1,0.05,0.05,0.0,0.0,0.0,0.0,0.0,0.0,0.1,0.0,0.05,0.05,0.0,0.0,0.0,0.05,0.05,0.0,0.0,0.0,0.15,0.2631578947368421,0.0,0.05263157894736842,0.0,0.21052631578947367,0.0,0.0,0.05263157894736842,0.0,0.0,0.05263157894736842,0.0,0.0,0.05263157894736842,0.05263157894736842,0.10526315789473684,0.0,0.0,0.0,0.0,0.10526315789473684,0.0,0.0,0.0,0.05263157894736842,0.16666666666666666,0.0,0.1111111111111111,0.05555555555555555,0.2222222222222222,0.0,0.0,0.0,0.0,0.05555555555555555,0.16666666666666666,0.0,0.0,0.0,0.0,0.05555555555555555,0.0,0.0,0.0,0.05555555555555555,0.1111111111111111,0.0,0.0,0.0,0.0
0,0.23255813953488372,0.023255813953488372,0.09302325581395349,0.023255813953488372,0.11627906976744186,0.06976744186046512,0.023255813953488372,0.046511627906976744,0.0,0.0,0.046511627906976744,0.046511627906976744,0.023255813953488372,0.0,0.06976744186046512,0.023255813953488372,0.0,0.0,0.0,0.0,0.09302325581395349,0.046511627906976744,0.023255813953488372,0.0,0.0,0.16666666666666666,0.07142857142857142,0.14285714285714285,0.023809523809523808,0.09523809523809523,0.047619047619047616,0.0,0.047619047619047616,0.0,0.047619047619047616,0.09523809523809523,0.07142857142857142,0.0,0.0,0.0,0.0,0.0,0.0,0.0,0.023809523809523808,0.16666666666666666,0.0,0.0,0.0,0.0,0.2682926829268293,0.12195121951219512,0.07317073170731707,0.0,0.04878048780487805,0.024390243902439025,0.0,0.024390243902439025,0.024390243902439025,0.04878048780487805,0.04878048780487805,0.024390243902439025,0.07317073170731707,0.0,0.024390243902439025,0.024390243902439025,0.0,0.0,0.0,0.0,0.0975609756097561,0.0,0.024390243902439025,0.0,0.04878048780487805,0.275,0.1,0.075,0.0,0.05,0.125,0.0,0.0,0.0,0.0,0.0,0.025,0.05,0.0,0.1,0.025,0.0,0.0,0.0,0.0,0.025,0.025,0.075,0.025,0.025,0.1794871794871795,0.05128205128205128,0.1794871794871795,0.02564102564102564,0.07692307692307693,0.05128205128205128,0.02564102564102564,0.0,0.0,0.05128205128205128,0.07692307692307693,0.02564102564102564,0.02564102564102564,0.0,0.02564102564102564,0.0,0.0,0.0,0.0,0.02564102564102564,0.1282051282051282,0.05128205128205128,0.0,0.0,0.0,0.18421052631578946,0.05263157894736842,0.10526315789473684,0.02631578947368421,0.13157894736842105,0.02631578947368421,0.02631578947368421,0.05263157894736842,0.0,0.02631578947368421,0.13157894736842105,0.02631578947368421,0.0,0.0,0.0,0.0,0.0,0.02631578947368421,0.0,0.0,0.07894736842105263,0.05263157894736842,0.02631578947368421,0.0,0.02631578947368421
0,0.015625,0.03125,0.03125,0.015625,0.203125,0.015625,0.0,0.0,0.0,0.03125,0.078125,0.0,0.015625,0.0,0.078125,0.015625,0.0,0.03125,0.0,0.0,0.171875,0.015625,0.109375,0.015625,0.125,0.12698412698412698,0.015873015873015872,0.031746031746031744,0.015873015873015872,0.1111111111111111,0.0,0.0,0.031746031746031744,0.0,0.015873015873015872,0.047619047619047616,0.015873015873015872,0.015873015873015872,0.0,0.09523809523809523,0.015873015873015872,0.015873015873015872,0.0,0.0,0.015873015873015872,0.1111111111111111,0.0,0.09523809523809523,0.015873015873015872,0.20634920634920634,0.06451612903225806,0.016129032258064516,0.06451612903225806,0.016129032258064516,0.14516129032258066,0.0,0.0,0.016129032258064516,0.0,0.03225806451612903,0.04838709677419355,0.016129032258064516,0.06451612903225806,0.0,0.03225806451612903,0.0,0.0,0.0,0.0,0.04838709677419355,0.1774193548387097,0.016129032258064516,0.03225806451612903,0.016129032258064516,0.1935483870967742,0.06557377049180328,0.01639344262295082,0.03278688524590164,0.01639344262295082,0.18032786885245902,0.03278688524590164,0.0,0.0,0.0,0.01639344262295082,0.08196721311475409,0.0,0.03278688524590164,0.0,0.04918032786885246,0.0,0.0,0.03278688524590164,0.0,0.01639344262295082,0.11475409836065574,0.03278688524590164,0.08196721311475409,0.01639344262295082,0.18032786885245902,0.06666666666666667,0.016666666666666666,0.06666666666666667,0.016666666666666666,0.15,0.0,0.016666666666666666,0.016666666666666666,0.0,0.016666666666666666,0.05,0.0,0.03333333333333333,0.016666666666666666,0.06666666666666667,0.016666666666666666,0.0,0.0,0.0,0.03333333333333333,0.16666666666666666,0.016666666666666666,0.05,0.0,0.18333333333333332,0.13559322033898305,0.0,0.06779661016949153,0.0,0.11864406779661017,0.05084745762711865,0.0,0.0,0.0,0.0,0.01694915254237288,0.0,0.01694915254237288,0.01694915254237288,0.1016949152542373,0.01694915254237288,0.0,0.01694915254237288,0.0,0.01694915254237288,0.06779661016949153,0.05084745762711865,0.06779661016949153,0.01694915254237288,0.22033898305084745
0,0.391304347826087,0.0,0.043478260869565216,0.0,0.13043478260869565,0.0,0.043478260869565216,0.0,0.0,0.043478260869565216,0.08695652173913043,0.0,0.043478260869565216,0.0,0.043478260869565216,0.0,0.0,0.0,0.0,0.0,0.08695652173913043,0.0,0.08695652173913043,0.0,0.0,0.3181818181818182,0.0,0.13636363636363635,0.0,0.13636363636363635,0.045454545454545456,0.0,0.0,0.0,0.045454545454545456,0.09090909090909091,0.0,0.0,0.0,0.045454545454545456,0.0,0.0,0.0,0.0,0.0,0.13636363636363635,0.0,0.045454545454545456,0.0,0.0,0.42857142857142855,0.0,0.19047619047619047,0.0,0.0,0.09523809523809523,0.0,0.0,0.0,0.0,0.0,0.0,0.0,0.0,0.09523809523809523,0.0,0.0,0.0,0.0,0.0,0.09523809523809523,0.0,0.0,0.0,0.09523809523809523,0.4,0.0,0.1,0.0,0.15,0.1,0.0,0.0,0.0,0.0,0.05,0.0,0.05,0.0,0.0,0.0,0.0,0.0,0.0,0.0,0.05,0.0,0.05,0.0,0.05,0.2631578947368421,0.0,0.15789473684210525,0.0,0.21052631578947367,0.10526315789473684,0.0,0.0,0.0,0.0,0.10526315789473684,0.0,0.0,0.0,0.0,0.0,0.0,0.0,0.0,0.0,0.10526315789473684,0.0,0.05263157894736842,0.0,0.0,0.2777777777777778,0.0,0.2222222222222222,0.0,0.1111111111111111,0.1111111111111111,0.0,0.0,0.0,0.0,0.05555555555555555,0.0,0.0,0.0,0.05555555555555555,0.0,0.0,0.0,0.0,0.0,0.1111111111111111,0.0,0.0,0.0,0.05555555555555555
0,0.2608695652173913,0.043478260869565216,0.08695652173913043,0.0,0.043478260869565216,0.043478260869565216,0.043478260869565216,0.0,0.0,0.08695652173913043,0.08695652173913043,0.0,0.043478260869565216,0.043478260869565216,0.0,0.0,0.0,0.0,0.0,0.0,0.043478260869565216,0.043478260869565216,0.043478260869565216,0.0,0.08695652173913043,0.22727272727272727,0.0,0.09090909090909091,0.0,0.13636363636363635,0.09090909090909091,0.0,0.045454545454545456,0.0,0.045454545454545456,0.09090909090909091,0.0,0.0,0.045454545454545456,0.0,0.0,0.0,0.0,0.0,0.0,0.045454545454545456,0.09090909090909091,0.045454545454545456,0.0,0.045454545454545456,0.2857142857142857,0.0,0.09523809523809523,0.0,0.09523809523809523,0.09523809523809523,0.047619047619047616,0.047619047619047616,0.0,0.0,0.047619047619047616,0.0,0.0,0.0,0.047619047619047616,0.0,0.0,0.0,0.0,0.0,0.0,0.047619047619047616,0.047619047619047616,0.047619047619047616,0.09523809523809523,0.3,0.1,0.05,0.0,0.05,0.1,0.0,0.0,0.05,0.05,0.0,0.0,0.05,0.0,0.05,0.0,0.0,0.0,0.0,0.0,0.0,0.0,0.1,0.0,0.1,0.21052631578947367,0.05263157894736842,0.05263157894736842,0.0,0.21052631578947367,0.05263157894736842,0.0,0.10526315789473684,0.0,0.0,0.10526315789473684,0.0,0.0,0.0,0.0,0.0,0.0,0.0,0.0,0.0,0.0,0.05263157894736842,0.05263157894736842,0.05263157894736842,0.05263157894736842,0.2222222222222222,0.0,0.1111111111111111,0.0,0.2222222222222222,0.05555555555555555,0.0,0.1111111111111111,0.0,0.0,0.05555555555555555,0.05555555555555555,0.0,0.0,0.0,0.0,0.0,0.0,0.0,0.0,0.0,0.05555555555555555,0.0,0.05555555555555555,0.05555555555555555
0,0.2777777777777778,0.0,0.05555555555555555,0.0,0.2222222222222222,0.05555555555555555,0.0,0.0,0.0,0.0,0.05555555555555555,0.05555555555555555,0.05555555555555555,0.0,0.0,0.0,0.0,0.0,0.0,0.0,0.16666666666666666,0.0,0.05555555555555555,0.0,0.0,0.23529411764705882,0.0,0.17647058823529413,0.0,0.17647058823529413,0.0,0.0,0.0,0.0,0.058823529411764705,0.058823529411764705,0.058823529411764705,0.0,0.0,0.0,0.0,0.0,0.0,0.0,0.0,0.23529411764705882,0.0,0.0,0.0,0.0,0.375,0.0625,0.1875,0.0,0.0,0.0625,0.0,0.0,0.0,0.0,0.0,0.0,0.0,0.0,0.0625,0.0,0.0,0.0,0.0,0.0,0.125,0.0,0.0,0.0,0.125,0.3333333333333333,0.06666666666666667,0.06666666666666667,0.0,0.13333333333333333,0.06666666666666667,0.0,0.0,0.0,0.0,0.06666666666666667,0.0,0.0,0.0,0.0,0.0,0.0,0.0,0.0,0.0,0.06666666666666667,0.0,0.13333333333333333,0.0,0.06666666666666667,0.21428571428571427,0.07142857142857142,0.14285714285714285,0.0,0.14285714285714285,0.0,0.0,0.0,0.0,0.07142857142857142,0.07142857142857142,0.0,0.0,0.0,0.0,0.0,0.0,0.0,0.0,0.0,0.21428571428571427,0.0,0.07142857142857142,0.0,0.0,0.3076923076923077,0.0,0.15384615384615385,0.0,0.07692307692307693,0.0,0.0,0.07692307692307693,0.0,0.0,0.0,0.0,0.0,0.0,0.07692307692307693,0.0,0.0,0.0,0.0,0.0,0.23076923076923078,0.07692307692307693,0.0,0.0,0.0
0,0.25,0.0,0.08333333333333333,0.0,0.16666666666666666,0.08333333333333333,0.08333333333333333,0.0,0.0,0.0,0.16666666666666666,0.0,0.0,0.0,0.0,0.0,0.0,0.0,0.0,0.0,0.08333333333333333,0.0,0.08333333333333333,0.0,0.0,0.18181818181818182,0.0,0.18181818181818182,0.0,0.09090909090909091,0.09090909090909091,0.0,0.0,0.0,0.09090909090909091,0.18181818181818182,0.0,0.0,0.0,0.0,0.0,0.0,0.0,0.0,0.0,0.18181818181818182,0.0,0.0,0.0,0.0,0.4,0.0,0.1,0.0,0.0,0.1,0.0,0.0,0.0,0.1,0.0,0.0,0.0,0.0,0.1,0.0,0.0,0.0,0.0,0.0,0.1,0.0,0.1,0.0,0.0,0.3333333333333333,0.0,0.1111111111111111,0.0,0.1111111111111111,0.2222222222222222,0.0,0.0,0.0,0.0,0.0,0.0,0.1111111111111111,0.0,0.0,0.0,0.0,0.0,0.0,0.0,0.1111111111111111,0.0,0.0,0.0,0.0,0.25,0.0,0.125,0.0,0.125,0.125,0.0,0.125,0.0,0.0,0.125,0.0,0.0,0.0,0.0,0.0,0.0,0.0,0.0,0.0,0.125,0.0,0.0,0.0,0.0,0.2857142857142857,0.0,0.14285714285714285,0.0,0.0,0.14285714285714285,0.0,0.14285714285714285,0.0,0.0,0.14285714285714285,0.0,0.0,0.0,0.0,0.0,0.0,0.0,0.0,0.0,0.0,0.0,0.0,0.0,0.14285714285714285
0,0.2765957446808511,0.0,0.19148936170212766,0.02127659574468085,0.02127659574468085,0.02127659574468085,0.0,0.02127659574468085,0.0,0.0,0.1702127659574468,0.0,0.02127659574468085,0.0,0.06382978723404255,0.0,0.0,0.0,0.02127659574468085,0.02127659574468085,0.0425531914893617,0.02127659574468085,0.02127659574468085,0.0,0.06382978723404255,0.17391304347826086,0.0,0.21739130434782608,0.043478260869565216,0.08695652173913043,0.021739130434782608,0.0,0.021739130434782608,0.0,0.0,0.21739130434782608,0.021739130434782608,0.0,0.0,0.021739130434782608,0.021739130434782608,0.0,0.0,0.0,0.021739130434782608,0.08695652173913043,0.0,0.0,0.0,0.043478260869565216,0.26666666666666666,0.022222222222222223,0.1111111111111111,0.022222222222222223,0.1111111111111111,0.044444444444444446,0.0,0.0,0.0,0.0,0.13333333333333333,0.0,0.08888888888888889,0.0,0.044444444444444446,0.044444444444444446,0.0,0.0,0.0,0.0,0.022222222222222223,0.0,0.044444444444444446,0.022222222222222223,0.022222222222222223,0.3409090909090909,0.022727272727272728,0.06818181818181818,0.0,0.11363636363636363,0.045454545454545456,0.0,0.0,0.0,0.0,0.06818181818181818,0.0,0.13636363636363635,0.022727272727272728,0.045454545454545456,0.022727272727272728,0.0,0.022727272727272728,0.0,0.0,0.022727272727272728,0.0,0.022727272727272728,0.022727272727272728,0.022727272727272728,0.27906976744186046,0.023255813953488372,0.16279069767441862,0.023255813953488372,0.06976744186046512,0.0,0.0,0.046511627906976744,0.0,0.0,0.16279069767441862,0.0,0.023255813953488372,0.023255813953488372,0.046511627906976744,0.0,0.0,0.023255813953488372,0.0,0.023255813953488372,0.046511627906976744,0.0,0.0,0.0,0.046511627906976744,0.23809523809523808,0.0,0.16666666666666666,0.047619047619047616,0.09523809523809523,0.023809523809523808,0.0,0.023809523809523808,0.0,0.0,0.19047619047619047,0.023809523809523808,0.023809523809523808,0.0,0.023809523809523808,0.0,0.0,0.0,0.0,0.047619047619047616,0.047619047619047616,0.0,0.023809523809523808,0.0,0.023809523809523808
0,0.3333333333333333,0.0,0.08333333333333333,0.0,0.16666666666666666,0.16666666666666666,0.0,0.0,0.0,0.0,0.08333333333333333,0.0,0.0,0.0,0.0,0.0,0.0,0.0,0.0,0.0,0.08333333333333333,0.08333333333333333,0.0,0.0,0.0,0.2727272727272727,0.09090909090909091,0.09090909090909091,0.0,0.09090909090909091,0.09090909090909091,0.0,0.0,0.0,0.09090909090909091,0.09090909090909091,0.0,0.0,0.0,0.0,0.0,0.0,0.0,0.0,0.0,0.18181818181818182,0.0,0.0,0.0,0.0,0.5,0.0,0.0,0.0,0.0,0.0,0.1,0.1,0.0,0.0,0.0,0.0,0.0,0.0,0.1,0.0,0.0,0.0,0.0,0.0,0.2,0.0,0.0,0.0,0.0,0.4444444444444444,0.0,0.0,0.0,0.1111111111111111,0.2222222222222222,0.0,0.0,0.0,0.0,0.1111111111111111,0.0,0.0,0.0,0.0,0.0,0.0,0.0,0.0,0.0,0.0,0.0,0.1111111111111111,0.0,0.0,0.25,0.0,0.125,0.0,0.125,0.25,0.0,0.0,0.0,0.0,0.125,0.0,0.0,0.0,0.0,0.0,0.0,0.0,0.0,0.0,0.125,0.0,0.0,0.0,0.0,0.42857142857142855,0.0,0.0,0.0,0.0,0.0,0.0,0.14285714285714285,0.0,0.14285714285714285,0.14285714285714285,0.0,0.0,0.0,0.0,0.0,0.0,0.0,0.0,0.0,0.14285714285714285,0.0,0.0,0.0,0.0
0,0.3,0.05,0.0,0.0,0.15,0.1,0.05,0.0,0.0,0.0,0.0,0.0,0.0,0.0,0.0,0.0,0.05,0.0,0.0,0.0,0.1,0.05,0.0,0.05,0.1,0.2631578947368421,0.05263157894736842,0.0,0.0,0.21052631578947367,0.10526315789473684,0.0,0.0,0.0,0.0,0.0,0.0,0.0,0.0,0.0,0.05263157894736842,0.0,0.0,0.0,0.0,0.05263157894736842,0.15789473684210525,0.0,0.05263157894736842,0.05263157894736842,0.16666666666666666,0.16666666666666666,0.0,0.0,0.2222222222222222,0.05555555555555555,0.0,0.0,0.0,0.05555555555555555,0.0,0.0,0.0,0.0,0.0,0.05555555555555555,0.0,0.0,0.0,0.0,0.16666666666666666,0.05555555555555555,0.0,0.05555555555555555,0.0,0.11764705882352941,0.17647058823529413,0.0,0.058823529411764705,0.17647058823529413,0.058823529411764705,0.0,0.0,0.0,0.058823529411764705,0.0,0.0,0.0,0.0,0.0,0.0,0.0,0.0,0.0,0.058823529411764705,0.23529411764705882,0.058823529411764705,0.0,0.0,0.0,0.125,0.125,0.0,0.0625,0.1875,0.0,0.125,0.0,0.0,0.0,0.0,0.0,0.0,0.0,0.0,0.0625,0.0,0.0,0.0,0.0,0.1875,0.0,0.0,0.0,0.125,0.2,0.13333333333333333,0.0,0.06666666666666667,0.06666666666666667,0.06666666666666667,0.06666666666666667,0.0,0.0,0.0,0.0,0.0,0.0,0.0,0.0,0.0,0.06666666666666667,0.0,0.0,0.0,0.13333333333333333,0.0,0.0,0.0,0.2
0,0.16666666666666666,0.08333333333333333,0.0,0.041666666666666664,0.08333333333333333,0.0,0.041666666666666664,0.0,0.041666666666666664,0.041666666666666664,0.041666666666666664,0.0,0.041666666666666664,0.0,0.041666666666666664,0.041666666666666664,0.0,0.0,0.041666666666666664,0.041666666666666664,0.125,0.0,0.08333333333333333,0.0,0.041666666666666664,0.13043478260869565,0.08695652173913043,0.043478260869565216,0.08695652173913043,0.043478260869565216,0.043478260869565216,0.0,0.0,0.043478260869565216,0.043478260869565216,0.08695652173913043,0.0,0.0,0.0,0.043478260869565216,0.043478260869565216,0.0,0.0,0.0,0.043478260869565216,0.08695652173913043,0.043478260869565216,0.08695652173913043,0.0,0.043478260869565216,0.13636363636363635,0.0,0.0,0.13636363636363635,0.13636363636363635,0.045454545454545456,0.0,0.045454545454545456,0.0,0.0,0.045454545454545456,0.045454545454545456,0.0,0.0,0.045454545454545456,0.045454545454545456,0.045454545454545456,0.0,0.0,0.0,0.13636363636363635,0.045454545454545456,0.045454545454545456,0.0,0.045454545454545456,0.19047619047619047,0.0,0.047619047619047616,0.09523809523809523,0.09523809523809523,0.0,0.0,0.047619047619047616,0.0,0.0,0.047619047619047616,0.0,0.0,0.0,0.09523809523809523,0.0,0.09523809523809523,0.0,0.0,0.0,0.14285714285714285,0.047619047619047616,0.0,0.047619047619047616,0.047619047619047616,0.1,0.1,0.1,0.05,0.05,0.0,0.0,0.0,0.0,0.05,0.1,0.0,0.0,0.0,0.05,0.0,0.05,0.0,0.05,0.0,0.15,0.0,0.0,0.05,0.1,0.05263157894736842,0.10526315789473684,0.05263157894736842,0.05263157894736842,0.15789473684210525,0.05263157894736842,0.0,0.0,0.0,0.0,0.10526315789473684,0.0,0.05263157894736842,0.0,0.0,0.05263157894736842,0.0,0.0,0.05263157894736842,0.0,0.10526315789473684,0.0,0.0,0.05263157894736842,0.10526315789473684
0,0.25,0.05,0.1,0.0,0.15,0.1,0.0,0.0,0.0,0.0,0.1,0.05,0.0,0.0,0.0,0.05,0.0,0.0,0.0,0.0,0.05,0.0,0.05,0.05,0.0,0.15789473684210525,0.05263157894736842,0.10526315789473684,0.05263157894736842,0.15789473684210525,0.05263157894736842,0.0,0.05263157894736842,0.0,0.0,0.15789473684210525,0.0,0.0,0.0,0.0,0.05263157894736842,0.0,0.0,0.0,0.0,0.15789473684210525,0.0,0.0,0.0,0.0,0.3888888888888889,0.0,0.1111111111111111,0.05555555555555555,0.0,0.0,0.05555555555555555,0.0,0.0,0.05555555555555555,0.05555555555555555,0.0,0.05555555555555555,0.0,0.05555555555555555,0.0,0.0,0.0,0.0,0.0,0.1111111111111111,0.0,0.0,0.0,0.05555555555555555,0.4117647058823529,0.058823529411764705,0.0,0.0,0.11764705882352941,0.11764705882352941,0.0,0.0,0.0,0.0,0.058823529411764705,0.0,0.0,0.058823529411764705,0.058823529411764705,0.0,0.0,0.0,0.0,0.0,0.0,0.0,0.11764705882352941,0.0,0.0,0.1875,0.0,0.125,0.0625,0.1875,0.125,0.0,0.0,0.0,0.0,0.1875,0.0,0.0,0.0,0.0,0.0,0.0,0.0,0.0,0.0,0.125,0.0,0.0,0.0,0.0,0.3333333333333333,0.0,0.13333333333333333,0.06666666666666667,0.0,0.0,0.0,0.0,0.0,0.13333333333333333,0.13333333333333333,0.0,0.0,0.0,0.06666666666666667,0.0,0.0,0.0,0.0,0.0,0.13333333333333333,0.0,0.0,0.0,0.0
0,0.23076923076923078,0.07692307692307693,0.0,0.0,0.07692307692307693,0.0,0.07692307692307693,0.07692307692307693,0.0,0.07692307692307693,0.07692307692307693,0.0,0.07692307692307693,0.0,0.07692307692307693,0.0,0.0,0.0,0.0,0.0,0.07692307692307693,0.0,0.07692307692307693,0.0,0.0,0.16666666666666666,0.0,0.16666666666666666,0.0,0.08333333333333333,0.08333333333333333,0.0,0.08333333333333333,0.0,0.08333333333333333,0.0,0.08333333333333333,0.0,0.0,0.08333333333333333,0.0,0.0,0.0,0.0,0.0,0.16666666666666666,0.0,0.0,0.0,0.0,0.18181818181818182,0.0,0.18181818181818182,0.0,0.09090909090909091,0.18181818181818182,0.0,0.0,0.0,0.09090909090909091,0.0,0.0,0.09090909090909091,0.0,0.0,0.0,0.0,0.0,0.0,0.0,0.09090909090909091,0.09090909090909091,0.0,0.0,0.0,0.1,0.1,0.1,0.0,0.2,0.2,0.0,0.0,0.0,0.0,0.0,0.0,0.1,0.0,0.0,0.0,0.0,0.0,0.0,0.0,0.1,0.0,0.1,0.0,0.0,0.1111111111111111,0.1111111111111111,0.2222222222222222,0.0,0.0,0.2222222222222222,0.0,0.0,0.0,0.0,0.0,0.0,0.0,0.0,0.1111111111111111,0.0,0.0,0.0,0.0,0.0,0.0,0.0,0.1111111111111111,0.0,0.1111111111111111,0.125,0.125,0.25,0.0,0.0,0.125,0.0,0.0,0.0,0.125,0.0,0.0,0.0,0.0,0.0,0.0,0.0,0.0,0.0,0.0,0.0,0.0,0.125,0.0,0.125
0,0.1625,0.025,0.05,0.0375,0.125,0.025,0.0125,0.0,0.0,0.025,0.0625,0.0125,0.0125,0.0125,0.0375,0.0625,0.0125,0.0,0.025,0.05,0.075,0.0,0.075,0.075,0.025,0.13924050632911392,0.012658227848101266,0.06329113924050633,0.0379746835443038,0.13924050632911392,0.012658227848101266,0.0,0.0,0.02531645569620253,0.02531645569620253,0.0759493670886076,0.012658227848101266,0.02531645569620253,0.012658227848101266,0.012658227848101266,0.06329113924050633,0.0379746835443038,0.0,0.0379746835443038,0.012658227848101266,0.08860759493670886,0.0,0.05063291139240506,0.0379746835443038,0.0759493670886076,0.10256410256410256,0.05128205128205128,0.07692307692307693,0.07692307692307693,0.07692307692307693,0.02564102564102564,0.0,0.0,0.0,0.038461538461538464,0.07692307692307693,0.0,0.01282051282051282,0.01282051282051282,0.038461538461538464,0.038461538461538464,0.01282051282051282,0.02564102564102564,0.01282051282051282,0.0641025641025641,0.1282051282051282,0.0,0.02564102564102564,0.05128205128205128,0.05128205128205128,0.14285714285714285,0.03896103896103896,0.05194805194805195,0.025974025974025976,0.11688311688311688,0.03896103896103896,0.0,0.0,0.012987012987012988,0.012987012987012988,0.025974025974025976,0.012987012987012988,0.012987012987012988,0.03896103896103896,0.05194805194805195,0.06493506493506493,0.0,0.025974025974025976,0.03896103896103896,0.025974025974025976,0.1038961038961039,0.012987012987012988,0.05194805194805195,0.03896103896103896,0.05194805194805195,0.14473684210526316,0.013157894736842105,0.05263157894736842,0.05263157894736842,0.11842105263157894,0.02631578947368421,0.0,0.02631578947368421,0.0,0.013157894736842105,0.039473684210526314,0.0,0.02631578947368421,0.02631578947368421,0.039473684210526314,0.06578947368421052,0.013157894736842105,0.013157894736842105,0.013157894736842105,0.05263157894736842,0.10526315789473684,0.039473684210526314,0.02631578947368421,0.05263157894736842,0.039473684210526314,0.14666666666666667,0.02666666666666667,0.06666666666666667,0.04,0.10666666666666667,0.0,0.0,0.02666666666666667,0.02666666666666667,0.013333333333333334,0.02666666666666667,0.013333333333333334,0.0,0.04,0.05333333333333334,0.10666666666666667,0.0,0.013333333333333334,0.013333333333333334,0.02666666666666667,0.09333333333333334,0.02666666666666667,0.04,0.02666666666666667,0.06666666666666667
0,0.02702702702702703,0.08108108108108109,0.10810810810810811,0.0,0.05405405405405406,0.02702702702702703,0.0,0.02702702702702703,0.0,0.08108108108108109,0.05405405405405406,0.0,0.0,0.02702702702702703,0.10810810810810811,0.0,0.0,0.0,0.02702702702702703,0.02702702702702703,0.13513513513513514,0.05405405405405406,0.08108108108108109,0.0,0.08108108108108109,0.08333333333333333,0.027777777777777776,0.027777777777777776,0.0,0.1388888888888889,0.0,0.027777777777777776,0.05555555555555555,0.0,0.05555555555555555,0.08333333333333333,0.027777777777777776,0.027777777777777776,0.027777777777777776,0.027777777777777776,0.027777777777777776,0.0,0.0,0.0,0.027777777777777776,0.05555555555555555,0.05555555555555555,0.08333333333333333,0.027777777777777776,0.1111111111111111,0.08571428571428572,0.08571428571428572,0.05714285714285714,0.02857142857142857,0.02857142857142857,0.05714285714285714,0.0,0.02857142857142857,0.0,0.05714285714285714,0.02857142857142857,0.0,0.08571428571428572,0.0,0.05714285714285714,0.02857142857142857,0.0,0.0,0.0,0.02857142857142857,0.05714285714285714,0.05714285714285714,0.02857142857142857,0.02857142857142857,0.17142857142857143,0.029411764705882353,0.0,0.14705882352941177,0.029411764705882353,0.08823529411764706,0.058823529411764705,0.029411764705882353,0.029411764705882353,0.0,0.029411764705882353,0.058823529411764705,0.029411764705882353,0.029411764705882353,0.029411764705882353,0.029411764705882353,0.0,0.0,0.0,0.0,0.058823529411764705,0.08823529411764706,0.08823529411764706,0.0,0.0,0.14705882352941177,0.06060606060606061,0.030303030303030304,0.06060606060606061,0.030303030303030304,0.12121212121212122,0.030303030303030304,0.06060606060606061,0.0,0.0,0.030303030303030304,0.06060606060606061,0.0,0.0,0.030303030303030304,0.09090909090909091,0.0,0.030303030303030304,0.0,0.0,0.030303030303030304,0.09090909090909091,0.030303030303030304,0.12121212121212122,0.0,0.09090909090909091,0.09375,0.03125,0.0,0.03125,0.125,0.0625,0.0,0.03125,0.0,0.03125,0.0,0.0,0.125,0.0,0.0625,0.0,0.03125,0.0,0.0,0.03125,0.09375,0.09375,0.03125,0.03125,0.09375
0,0.037037037037037035,0.037037037037037035,0.1111111111111111,0.0,0.07407407407407407,0.1111111111111111,0.07407407407407407,0.07407407407407407,0.0,0.0,0.07407407407407407,0.07407407407407407,0.18518518518518517,0.037037037037037035,0.0,0.0,0.037037037037037035,0.0,0.0,0.0,0.037037037037037035,0.037037037037037035,0.0,0.0,0.0,0.07692307692307693,0.07692307692307693,0.038461538461538464,0.038461538461538464,0.038461538461538464,0.07692307692307693,0.0,0.15384615384615385,0.0,0.038461538461538464,0.11538461538461539,0.11538461538461539,0.11538461538461539,0.0,0.0,0.0,0.038461538461538464,0.0,0.0,0.0,0.0,0.0,0.07692307692307693,0.0,0.0,0.04,0.08,0.16,0.0,0.0,0.08,0.04,0.12,0.0,0.04,0.16,0.08,0.0,0.04,0.04,0.0,0.0,0.04,0.0,0.0,0.0,0.0,0.08,0.0,0.0,0.041666666666666664,0.041666666666666664,0.16666666666666666,0.041666666666666664,0.0,0.08333333333333333,0.125,0.08333333333333333,0.0,0.0,0.125,0.041666666666666664,0.041666666666666664,0.0,0.08333333333333333,0.0,0.0,0.041666666666666664,0.0,0.0,0.0,0.0,0.08333333333333333,0.0,0.0,0.043478260869565216,0.043478260869565216,0.17391304347826086,0.0,0.0,0.13043478260869565,0.0,0.13043478260869565,0.043478260869565216,0.0,0.043478260869565216,0.08695652173913043,0.08695652173913043,0.0,0.08695652173913043,0.0,0.043478260869565216,0.0,0.0,0.0,0.043478260869565216,0.043478260869565216,0.0,0.0,0.0,0.045454545454545456,0.09090909090909091,0.13636363636363635,0.0,0.0,0.045454545454545456,0.045454545454545456,0.09090909090909091,0.045454545454545456,0.09090909090909091,0.045454545454545456,0.09090909090909091,0.18181818181818182,0.0,0.0,0.045454545454545456,0.0,0.0,0.0,0.0,0.045454545454545456,0.0,0.0,0.0,0.0
0,0.0,0.05405405405405406,0.0,0.02702702702702703,0.02702702702702703,0.08108108108108109,0.02702702702702703,0.05405405405405406,0.02702702702702703,0.02702702702702703,0.02702702702702703,0.02702702702702703,0.21621621621621623,0.08108108108108109,0.02702702702702703,0.0,0.05405405405405406,0.05405405405405406,0.0,0.05405405405405406,0.0,0.05405405405405406,0.05405405405405406,0.0,0.02702702702702703,0.0,0.027777777777777776,0.027777777777777776,0.027777777777777776,0.027777777777777776,0.027777777777777776,0.05555555555555555,0.027777777777777776,0.05555555555555555,0.05555555555555555,0.027777777777777776,0.08333333333333333,0.2222222222222222,0.027777777777777776,0.027777777777777776,0.027777777777777776,0.0,0.08333333333333333,0.0,0.027777777777777776,0.027777777777777776,0.05555555555555555,0.027777777777777776,0.027777777777777776,0.0,0.02857142857142857,0.02857142857142857,0.02857142857142857,0.0,0.02857142857142857,0.0,0.05714285714285714,0.05714285714285714,0.05714285714285714,0.02857142857142857,0.02857142857142857,0.08571428571428572,0.2,0.02857142857142857,0.05714285714285714,0.0,0.02857142857142857,0.05714285714285714,0.02857142857142857,0.02857142857142857,0.05714285714285714,0.02857142857142857,0.02857142857142857,0.02857142857142857,0.0,0.029411764705882353,0.0,0.029411764705882353,0.0,0.029411764705882353,0.058823529411764705,0.08823529411764706,0.029411764705882353,0.0,0.029411764705882353,0.029411764705882353,0.058823529411764705,0.23529411764705882,0.058823529411764705,0.029411764705882353,0.0,0.029411764705882353,0.058823529411764705,0.0,0.058823529411764705,0.0,0.058823529411764705,0.029411764705882353,0.058823529411764705,0.0,0.0,0.06060606060606061,0.0,0.0,0.030303030303030304,0.06060606060606061,0.0,0.06060606060606061,0.030303030303030304,0.030303030303030304,0.0,0.12121212121212122,0.21212121212121213,0.06060606060606061,0.030303030303030304,0.06060606060606061,0.030303030303030304,0.06060606060606061,0.0,0.0,0.0,0.030303030303030304,0.030303030303030304,0.030303030303030304,0.06060606060606061,0.0,0.03125,0.03125,0.03125,0.0,0.0,0.0625,0.0,0.03125,0.09375,0.0625,0.09375,0.21875,0.03125,0.03125,0.03125,0.03125,0.0625,0.03125,0.0,0.03125,0.03125,0.03125,0.0,0.03125
0,0.09523809523809523,0.047619047619047616,0.023809523809523808,0.023809523809523808,0.16666666666666666,0.09523809523809523,0.023809523809523808,0.0,0.0,0.047619047619047616,0.07142857142857142,0.0,0.0,0.023809523809523808,0.047619047619047616,0.023809523809523808,0.023809523809523808,0.0,0.0,0.0,0.047619047619047616,0.07142857142857142,0.14285714285714285,0.0,0.023809523809523808,0.12195121951219512,0.0975609756097561,0.0975609756097561,0.0,0.04878048780487805,0.024390243902439025,0.0,0.024390243902439025,0.024390243902439025,0.0975609756097561,0.04878048780487805,0.024390243902439025,0.024390243902439025,0.0,0.04878048780487805,0.024390243902439025,0.0,0.0,0.0,0.024390243902439025,0.12195121951219512,0.04878048780487805,0.024390243902439025,0.024390243902439025,0.04878048780487805,0.15,0.05,0.0,0.025,0.125,0.05,0.025,0.075,0.0,0.025,0.075,0.025,0.025,0.0,0.025,0.0,0.0,0.05,0.0,0.0,0.075,0.05,0.025,0.025,0.1,0.15384615384615385,0.05128205128205128,0.07692307692307693,0.0,0.07692307692307693,0.07692307692307693,0.0,0.0,0.0,0.07692307692307693,0.02564102564102564,0.02564102564102564,0.02564102564102564,0.05128205128205128,0.02564102564102564,0.05128205128205128,0.0,0.0,0.0,0.0,0.05128205128205128,0.05128205128205128,0.07692307692307693,0.0,0.10256410256410256,0.13157894736842105,0.05263157894736842,0.05263157894736842,0.0,0.13157894736842105,0.02631578947368421,0.02631578947368421,0.07894736842105263,0.0,0.02631578947368421,0.10526315789473684,0.02631578947368421,0.0,0.0,0.02631578947368421,0.02631578947368421,0.0,0.0,0.0,0.02631578947368421,0.05263157894736842,0.02631578947368421,0.05263157894736842,0.05263157894736842,0.07894736842105263,0.10810810810810811,0.0,0.08108108108108109,0.0,0.16216216216216217,0.02702702702702703,0.05405405405405406,0.0,0.02702702702702703,0.05405405405405406,0.05405405405405406,0.02702702702702703,0.02702702702702703,0.02702702702702703,0.02702702702702703,0.02702702702702703,0.0,0.02702702702702703,0.0,0.0,0.13513513513513514,0.05405405405405406,0.05405405405405406,0.0,0.02702702702702703
0,0.25,0.0,0.0,0.0,0.25,0.16666666666666666,0.0,0.0,0.0,0.0,0.08333333333333333,0.0,0.0,0.0,0.0,0.0,0.0,0.0,0.0,0.0,0.08333333333333333,0.08333333333333333,0.08333333333333333,0.0,0.0,0.09090909090909091,0.09090909090909091,0.09090909090909091,0.0,0.18181818181818182,0.09090909090909091,0.0,0.0,0.0,0.09090909090909091,0.09090909090909091,0.0,0.0,0.0,0.0,0.0,0.0,0.0,0.0,0.0,0.2727272727272727,0.0,0.0,0.0,0.0,0.4,0.0,0.1,0.0,0.0,0.0,0.1,0.0,0.0,0.1,0.0,0.0,0.0,0.0,0.0,0.0,0.0,0.0,0.0,0.0,0.2,0.0,0.0,0.0,0.1,0.4444444444444444,0.0,0.0,0.0,0.1111111111111111,0.2222222222222222,0.0,0.0,0.0,0.0,0.0,0.0,0.0,0.0,0.0,0.0,0.0,0.0,0.0,0.0,0.0,0.0,0.1111111111111111,0.0,0.1111111111111111,0.125,0.0,0.125,0.0,0.25,0.25,0.0,0.0,0.0,0.0,0.0,0.0,0.0,0.0,0.0,0.0,0.0,0.0,0.0,0.0,0.25,0.0,0.0,0.0,0.0,0.2857142857142857,0.0,0.14285714285714285,0.0,0.0,0.0,0.0,0.0,0.0,0.2857142857142857,0.0,0.0,0.0,0.0,0.0,0.0,0.0,0.0,0.0,0.0,0.2857142857142857,0.0,0.0,0.0,0.0
0,0.4166666666666667,0.0,0.0,0.0,0.25,0.08333333333333333,0.0,0.0,0.0,0.0,0.0,0.0,0.0,0.0,0.0,0.0,0.0,0.0,0.0,0.0,0.25,0.0,0.0,0.0,0.0,0.45454545454545453,0.0,0.0,0.0,0.18181818181818182,0.0,0.0,0.0,0.0,0.09090909090909091,0.0,0.0,0.0,0.0,0.0,0.0,0.0,0.0,0.0,0.0,0.2727272727272727,0.0,0.0,0.0,0.0,0.5,0.0,0.0,0.0,0.1,0.1,0.0,0.0,0.0,0.0,0.0,0.0,0.0,0.0,0.0,0.0,0.0,0.0,0.0,0.0,0.2,0.0,0.0,0.0,0.1,0.5555555555555556,0.0,0.0,0.0,0.1111111111111111,0.1111111111111111,0.0,0.0,0.0,0.0,0.0,0.0,0.0,0.0,0.0,0.0,0.0,0.0,0.0,0.0,0.1111111111111111,0.0,0.0,0.0,0.1111111111111111,0.5,0.0,0.0,0.0,0.125,0.0,0.0,0.0,0.0,0.125,0.0,0.0,0.0,0.0,0.0,0.0,0.0,0.0,0.0,0.0,0.25,0.0,0.0,0.0,0.0,0.42857142857142855,0.0,0.0,0.0,0.14285714285714285,0.14285714285714285,0.0,0.0,0.0,0.0,0.0,0.0,0.0,0.0,0.0,0.0,0.0,0.0,0.0,0.0,0.2857142857142857,0.0,0.0,0.0,0.0
0,0.391304347826087,0.0,0.043478260869565216,0.0,0.17391304347826086,0.043478260869565216,0.0,0.0,0.0,0.0,0.043478260869565216,0.0,0.043478260869565216,0.0,0.043478260869565216,0.0,0.0,0.0,0.0,0.0,0.13043478260869565,0.0,0.043478260869565216,0.0,0.043478260869565216,0.36363636363636365,0.0,0.09090909090909091,0.0,0.18181818181818182,0.0,0.0,0.0,0.0,0.045454545454545456,0.045454545454545456,0.0,0.0,0.0,0.045454545454545456,0.0,0.0,0.0,0.0,0.0,0.18181818181818182,0.0,0.045454545454545456,0.0,0.0,0.47619047619047616,0.0,0.14285714285714285,0.0,0.047619047619047616,0.047619047619047616,0.0,0.0,0.0,0.0,0.0,0.0,0.0,0.0,0.047619047619047616,0.0,0.0,0.0,0.0,0.0,0.09523809523809523,0.0,0.0,0.0,0.14285714285714285,0.45,0.0,0.1,0.0,0.15,0.05,0.0,0.0,0.0,0.0,0.0,0.0,0.0,0.0,0.05,0.0,0.0,0.0,0.0,0.0,0.1,0.0,0.05,0.0,0.05,0.3157894736842105,0.0,0.10526315789473684,0.0,0.2631578947368421,0.05263157894736842,0.0,0.0,0.0,0.0,0.05263157894736842,0.0,0.0,0.0,0.0,0.0,0.0,0.0,0.0,0.0,0.15789473684210525,0.0,0.05263157894736842,0.0,0.0,0.3333333333333333,0.0,0.16666666666666666,0.0,0.16666666666666666,0.05555555555555555,0.0,0.0,0.0,0.0,0.05555555555555555,0.0,0.0,0.0,0.0,0.0,0.0,0.0,0.0,0.0,0.1111111111111111,0.0,0.0,0.0,0.1111111111111111
0,0.14736842105263157,0.031578947368421054,0.05263157894736842,0.021052631578947368,0.11578947368421053,0.021052631578947368,0.042105263157894736,0.010526315789473684,0.010526315789473684,0.031578947368421054,0.042105263157894736,0.021052631578947368,0.010526315789473684,0.0,0.042105263157894736,0.031578947368421054,0.0,0.010526315789473684,0.0,0.031578947368421054,0.1368421052631579,0.021052631578947368,0.031578947368421054,0.031578947368421054,0.10526315789473684,0.1595744680851064,0.010638297872340425,0.02127659574468085,0.010638297872340425,0.1702127659574468,0.031914893617021274,0.031914893617021274,0.010638297872340425,0.02127659574468085,0.02127659574468085,0.06382978723404255,0.02127659574468085,0.0,0.0,0.02127659574468085,0.02127659574468085,0.010638297872340425,0.02127659574468085,0.0,0.02127659574468085,0.09574468085106383,0.0425531914893617,0.06382978723404255,0.031914893617021274,0.09574468085106383,0.13978494623655913,0.03225806451612903,0.021505376344086023,0.043010752688172046,0.12903225806451613,0.043010752688172046,0.010752688172043012,0.021505376344086023,0.0,0.043010752688172046,0.053763440860215055,0.0,0.021505376344086023,0.010752688172043012,0.021505376344086023,0.043010752688172046,0.0,0.0,0.0,0.03225806451612903,0.0967741935483871,0.07526881720430108,0.053763440860215055,0.010752688172043012,0.0967741935483871,0.16304347826086957,0.021739130434782608,0.021739130434782608,0.03260869565217391,0.13043478260869565,0.043478260869565216,0.0,0.021739130434782608,0.010869565217391304,0.043478260869565216,0.043478260869565216,0.0,0.021739130434782608,0.0,0.043478260869565216,0.03260869565217391,0.021739130434782608,0.021739130434782608,0.0,0.0,0.08695652173913043,0.07608695652173914,0.03260869565217391,0.021739130434782608,0.10869565217391304,0.12087912087912088,0.054945054945054944,0.054945054945054944,0.03296703296703297,0.10989010989010989,0.08791208791208792,0.0,0.01098901098901099,0.0,0.02197802197802198,0.04395604395604396,0.01098901098901099,0.0,0.0,0.04395604395604396,0.02197802197802198,0.01098901098901099,0.0,0.0,0.04395604395604396,0.0989010989010989,0.04395604395604396,0.04395604395604396,0.03296703296703297,0.10989010989010989,0.12222222222222222,0.03333333333333333,0.044444444444444446,0.011111111111111112,0.15555555555555556,0.05555555555555555,0.0,0.022222222222222223,0.011111111111111112,0.03333333333333333,0.05555555555555555,0.011111111111111112,0.011111111111111112,0.011111111111111112,0.011111111111111112,0.03333333333333333,0.011111111111111112,0.0,0.0,0.03333333333333333,0.1111111111111111,0.06666666666666667,0.03333333333333333,0.03333333333333333,0.08888888888888889
0,0.13636363636363635,0.022727272727272728,0.1590909090909091,0.022727272727272728,0.09090909090909091,0.045454545454545456,0.0,0.045454545454545456,0.0,0.0,0.1590909090909091,0.0,0.045454545454545456,0.045454545454545456,0.022727272727272728,0.06818181818181818,0.022727272727272728,0.0,0.022727272727272728,0.0,0.022727272727272728,0.022727272727272728,0.022727272727272728,0.022727272727272728,0.0,0.13953488372093023,0.023255813953488372,0.11627906976744186,0.09302325581395349,0.046511627906976744,0.023255813953488372,0.0,0.046511627906976744,0.0,0.023255813953488372,0.13953488372093023,0.046511627906976744,0.09302325581395349,0.0,0.0,0.09302325581395349,0.0,0.0,0.0,0.023255813953488372,0.046511627906976744,0.0,0.0,0.023255813953488372,0.023255813953488372,0.16666666666666666,0.047619047619047616,0.07142857142857142,0.09523809523809523,0.047619047619047616,0.047619047619047616,0.0,0.047619047619047616,0.0,0.0,0.14285714285714285,0.023809523809523808,0.07142857142857142,0.023809523809523808,0.023809523809523808,0.023809523809523808,0.0,0.047619047619047616,0.0,0.047619047619047616,0.047619047619047616,0.0,0.023809523809523808,0.0,0.0,0.21951219512195122,0.04878048780487805,0.07317073170731707,0.04878048780487805,0.024390243902439025,0.07317073170731707,0.0,0.0,0.0,0.024390243902439025,0.07317073170731707,0.024390243902439025,0.14634146341463414,0.024390243902439025,0.024390243902439025,0.04878048780487805,0.0,0.0,0.04878048780487805,0.024390243902439025,0.0,0.0,0.04878048780487805,0.0,0.024390243902439025,0.15,0.0,0.175,0.05,0.05,0.05,0.05,0.0,0.0,0.0,0.15,0.0,0.075,0.05,0.025,0.025,0.025,0.0,0.025,0.025,0.05,0.0,0.025,0.0,0.0,0.1794871794871795,0.0,0.07692307692307693,0.10256410256410256,0.07692307692307693,0.02564102564102564,0.0,0.05128205128205128,0.02564102564102564,0.0,0.1282051282051282,0.02564102564102564,0.15384615384615385,0.0,0.0,0.07692307692307693,0.0,0.0,0.0,0.0,0.02564102564102564,0.02564102564102564,0.0,0.0,0.02564102564102564
0,0.06896551724137931,0.06896551724137931,0.034482758620689655,0.034482758620689655,0.13793103448275862,0.13793103448275862,0.034482758620689655,0.0,0.0,0.06896551724137931,0.06896551724137931,0.034482758620689655,0.034482758620689655,0.0,0.0,0.0,0.0,0.034482758620689655,0.0,0.0,0.034482758620689655,0.10344827586206896,0.034482758620689655,0.0,0.06896551724137931,0.10714285714285714,0.07142857142857142,0.07142857142857142,0.03571428571428571,0.07142857142857142,0.10714285714285714,0.03571428571428571,0.03571428571428571,0.0,0.07142857142857142,0.03571428571428571,0.07142857142857142,0.0,0.0,0.03571428571428571,0.0,0.0,0.03571428571428571,0.0,0.0,0.07142857142857142,0.07142857142857142,0.0,0.0,0.07142857142857142,0.07407407407407407,0.1111111111111111,0.07407407407407407,0.0,0.1111111111111111,0.07407407407407407,0.0,0.037037037037037035,0.037037037037037035,0.07407407407407407,0.1111111111111111,0.0,0.0,0.0,0.037037037037037035,0.0,0.037037037037037035,0.0,0.0,0.0,0.07407407407407407,0.07407407407407407,0.037037037037037035,0.0,0.037037037037037035,0.07692307692307693,0.15384615384615385,0.07692307692307693,0.0,0.038461538461538464,0.038461538461538464,0.038461538461538464,0.07692307692307693,0.0,0.07692307692307693,0.0,0.038461538461538464,0.0,0.0,0.11538461538461539,0.038461538461538464,0.0,0.0,0.0,0.0,0.19230769230769232,0.0,0.0,0.038461538461538464,0.0,0.2,0.08,0.0,0.04,0.04,0.08,0.08,0.04,0.0,0.0,0.0,0.08,0.0,0.0,0.08,0.0,0.0,0.0,0.0,0.04,0.08,0.0,0.08,0.0,0.08,0.125,0.041666666666666664,0.041666666666666664,0.0,0.125,0.08333333333333333,0.08333333333333333,0.0,0.0,0.041666666666666664,0.041666666666666664,0.08333333333333333,0.0,0.0,0.041666666666666664,0.0,0.0,0.0,0.0,0.041666666666666664,0.08333333333333333,0.041666666666666664,0.08333333333333333,0.041666666666666664,0.0
0,0.15384615384615385,0.05128205128205128,0.05128205128205128,0.02564102564102564,0.15384615384615385,0.02564102564102564,0.0,0.0,0.0,0.02564102564102564,0.07692307692307693,0.0,0.02564102564102564,0.0,0.02564102564102564,0.02564102564102564,0.0,0.0,0.0,0.02564102564102564,0.15384615384615385,0.0,0.05128205128205128,0.02564102564102564,0.10256410256410256,0.15789473684210525,0.02631578947368421,0.07894736842105263,0.02631578947368421,0.15789473684210525,0.02631578947368421,0.0,0.0,0.0,0.02631578947368421,0.07894736842105263,0.0,0.0,0.0,0.05263157894736842,0.05263157894736842,0.0,0.0,0.0,0.0,0.13157894736842105,0.02631578947368421,0.05263157894736842,0.02631578947368421,0.07894736842105263,0.21621621621621623,0.02702702702702703,0.0,0.05405405405405406,0.16216216216216217,0.02702702702702703,0.0,0.0,0.0,0.02702702702702703,0.05405405405405406,0.02702702702702703,0.02702702702702703,0.0,0.02702702702702703,0.0,0.0,0.0,0.0,0.05405405405405406,0.16216216216216217,0.0,0.10810810810810811,0.0,0.02702702702702703,0.19444444444444445,0.027777777777777776,0.05555555555555555,0.0,0.16666666666666666,0.0,0.0,0.027777777777777776,0.027777777777777776,0.0,0.05555555555555555,0.0,0.027777777777777776,0.0,0.05555555555555555,0.05555555555555555,0.0,0.0,0.0,0.0,0.16666666666666666,0.027777777777777776,0.027777777777777776,0.0,0.08333333333333333,0.22857142857142856,0.02857142857142857,0.08571428571428572,0.02857142857142857,0.08571428571428572,0.0,0.0,0.02857142857142857,0.0,0.02857142857142857,0.05714285714285714,0.0,0.0,0.0,0.08571428571428572,0.02857142857142857,0.02857142857142857,0.0,0.0,0.0,0.14285714285714285,0.0,0.02857142857142857,0.0,0.11428571428571428,0.23529411764705882,0.0,0.08823529411764706,0.0,0.11764705882352941,0.058823529411764705,0.0,0.0,0.0,0.0,0.029411764705882353,0.029411764705882353,0.0,0.0,0.08823529411764706,0.029411764705882353,0.0,0.029411764705882353,0.0,0.0,0.08823529411764706,0.029411764705882353,0.029411764705882353,0.029411764705882353,0.11764705882352941
0,0.08196721311475409,0.03278688524590164,0.03278688524590164,0.03278688524590164,0.06557377049180328,0.01639344262295082,0.0,0.0,0.03278688524590164,0.08196721311475409,0.04918032786885246,0.03278688524590164,0.03278688524590164,0.01639344262295082,0.04918032786885246,0.04918032786885246,0.0,0.06557377049180328,0.01639344262295082,0.01639344262295082,0.06557377049180328,0.04918032786885246,0.04918032786885246,0.04918032786885246,0.08196721311475409,0.08333333333333333,0.016666666666666666,0.03333333333333333,0.016666666666666666,0.08333333333333333,0.03333333333333333,0.016666666666666666,0.03333333333333333,0.03333333333333333,0.016666666666666666,0.016666666666666666,0.016666666666666666,0.03333333333333333,0.03333333333333333,0.08333333333333333,0.08333333333333333,0.0,0.03333333333333333,0.0,0.03333333333333333,0.05,0.06666666666666667,0.05,0.06666666666666667,0.06666666666666667,0.0847457627118644,0.05084745762711865,0.0,0.03389830508474576,0.05084745762711865,0.0,0.01694915254237288,0.01694915254237288,0.03389830508474576,0.06779661016949153,0.0,0.03389830508474576,0.05084745762711865,0.03389830508474576,0.06779661016949153,0.05084745762711865,0.0,0.03389830508474576,0.0,0.06779661016949153,0.13559322033898305,0.01694915254237288,0.06779661016949153,0.05084745762711865,0.03389830508474576,0.05172413793103448,0.017241379310344827,0.034482758620689655,0.06896551724137931,0.05172413793103448,0.034482758620689655,0.0,0.05172413793103448,0.017241379310344827,0.034482758620689655,0.017241379310344827,0.034482758620689655,0.017241379310344827,0.034482758620689655,0.08620689655172414,0.05172413793103448,0.017241379310344827,0.0,0.034482758620689655,0.05172413793103448,0.1206896551724138,0.034482758620689655,0.06896551724137931,0.0,0.06896551724137931,0.12280701754385964,0.017543859649122806,0.017543859649122806,0.05263157894736842,0.017543859649122806,0.03508771929824561,0.017543859649122806,0.017543859649122806,0.05263157894736842,0.017543859649122806,0.05263157894736842,0.017543859649122806,0.07017543859649122,0.017543859649122806,0.03508771929824561,0.03508771929824561,0.03508771929824561,0.017543859649122806,0.017543859649122806,0.03508771929824561,0.03508771929824561,0.017543859649122806,0.05263157894736842,0.0,0.19298245614035087,0.10714285714285714,0.0,0.017857142857142856,0.05357142857142857,0.03571428571428571,0.03571428571428571,0.0,0.03571428571428571,0.0,0.07142857142857142,0.07142857142857142,0.0,0.03571428571428571,0.03571428571428571,0.05357142857142857,0.017857142857142856,0.017857142857142856,0.03571428571428571,0.03571428571428571,0.03571428571428571,0.05357142857142857,0.08928571428571429,0.03571428571428571,0.017857142857142856,0.10714285714285714
0,0.34782608695652173,0.043478260869565216,0.043478260869565216,0.0,0.13043478260869565,0.043478260869565216,0.0,0.0,0.0,0.043478260869565216,0.08695652173913043,0.0,0.043478260869565216,0.0,0.043478260869565216,0.0,0.0,0.0,0.0,0.0,0.08695652173913043,0.0,0.08695652173913043,0.0,0.0,0.3181818181818182,0.0,0.13636363636363635,0.0,0.13636363636363635,0.045454545454545456,0.0,0.0,0.0,0.045454545454545456,0.045454545454545456,0.045454545454545456,0.0,0.0,0.045454545454545456,0.0,0.0,0.0,0.0,0.0,0.13636363636363635,0.0,0.045454545454545456,0.0,0.0,0.42857142857142855,0.0,0.19047619047619047,0.0,0.0,0.09523809523809523,0.0,0.0,0.0,0.0,0.0,0.0,0.0,0.0,0.09523809523809523,0.0,0.0,0.0,0.0,0.0,0.047619047619047616,0.047619047619047616,0.0,0.0,0.09523809523809523,0.4,0.05,0.1,0.0,0.1,0.05,0.0,0.0,0.0,0.05,0.05,0.0,0.05,0.0,0.0,0.0,0.0,0.0,0.0,0.0,0.05,0.0,0.05,0.0,0.05,0.2631578947368421,0.05263157894736842,0.10526315789473684,0.0,0.21052631578947367,0.05263157894736842,0.0,0.05263157894736842,0.0,0.0,0.10526315789473684,0.0,0.0,0.0,0.0,0.0,0.0,0.0,0.0,0.0,0.10526315789473684,0.0,0.05263157894736842,0.0,0.0,0.3333333333333333,0.0,0.16666666666666666,0.0,0.1111111111111111,0.05555555555555555,0.0,0.05555555555555555,0.0,0.0,0.0,0.05555555555555555,0.0,0.0,0.05555555555555555,0.0,0.0,0.0,0.0,0.0,0.1111111111111111,0.0,0.0,0.0,0.05555555555555555
0,0.05263157894736842,0.0,0.05263157894736842,0.0,0.10526315789473684,0.0,0.0,0.0,0.0,0.05263157894736842,0.10526315789473684,0.10526315789473684,0.0,0.0,0.05263157894736842,0.0,0.0,0.0,0.0,0.0,0.05263157894736842,0.0,0.21052631578947367,0.0,0.21052631578947367,0.1111111111111111,0.0,0.0,0.0,0.1111111111111111,0.0,0.0,0.0,0.0,0.05555555555555555,0.0,0.0,0.05555555555555555,0.0,0.16666666666666666,0.0,0.0,0.0,0.0,0.0,0.1111111111111111,0.1111111111111111,0.16666666666666666,0.0,0.1111111111111111,0.058823529411764705,0.0,0.058823529411764705,0.0,0.11764705882352941,0.0,0.0,0.058823529411764705,0.0,0.0,0.11764705882352941,0.0,0.0,0.0,0.11764705882352941,0.0,0.0,0.0,0.0,0.0,0.058823529411764705,0.058823529411764705,0.11764705882352941,0.0,0.23529411764705882,0.0625,0.0625,0.0625,0.0,0.0625,0.0,0.0,0.0,0.0,0.0625,0.0625,0.0,0.125,0.0,0.0625,0.0,0.0,0.0,0.0,0.0,0.125,0.0,0.0625,0.0,0.25,0.06666666666666667,0.06666666666666667,0.0,0.0,0.06666666666666667,0.0,0.0,0.0,0.0,0.06666666666666667,0.13333333333333333,0.0,0.0,0.0,0.13333333333333333,0.0,0.0,0.0,0.0,0.0,0.06666666666666667,0.0,0.26666666666666666,0.0,0.13333333333333333,0.0,0.0,0.07142857142857142,0.0,0.07142857142857142,0.0,0.0,0.0,0.0,0.07142857142857142,0.07142857142857142,0.0,0.07142857142857142,0.0,0.14285714285714285,0.0,0.0,0.0,0.0,0.0,0.21428571428571427,0.07142857142857142,0.07142857142857142,0.0,0.14285714285714285
0,0.19047619047619047,0.09523809523809523,0.047619047619047616,0.0,0.09523809523809523,0.09523809523809523,0.0,0.0,0.0,0.09523809523809523,0.047619047619047616,0.047619047619047616,0.047619047619047616,0.0,0.0,0.047619047619047616,0.0,0.0,0.0,0.0,0.047619047619047616,0.047619047619047616,0.047619047619047616,0.047619047619047616,0.0,0.15,0.05,0.05,0.0,0.15,0.05,0.05,0.0,0.05,0.05,0.1,0.0,0.05,0.0,0.0,0.0,0.05,0.0,0.0,0.0,0.1,0.05,0.05,0.0,0.0,0.10526315789473684,0.10526315789473684,0.10526315789473684,0.05263157894736842,0.0,0.21052631578947367,0.0,0.0,0.0,0.0,0.0,0.05263157894736842,0.05263157894736842,0.0,0.05263157894736842,0.0,0.0,0.0,0.0,0.05263157894736842,0.10526315789473684,0.05263157894736842,0.0,0.0,0.05263157894736842,0.16666666666666666,0.0,0.05555555555555555,0.0,0.1111111111111111,0.1111111111111111,0.1111111111111111,0.0,0.0,0.0,0.1111111111111111,0.05555555555555555,0.0,0.0,0.0,0.0,0.05555555555555555,0.0,0.0,0.0,0.05555555555555555,0.0,0.05555555555555555,0.05555555555555555,0.05555555555555555,0.17647058823529413,0.058823529411764705,0.058823529411764705,0.058823529411764705,0.0,0.058823529411764705,0.0,0.0,0.0,0.11764705882352941,0.058823529411764705,0.058823529411764705,0.0,0.0,0.058823529411764705,0.058823529411764705,0.0,0.0,0.0,0.0,0.11764705882352941,0.11764705882352941,0.0,0.0,0.0,0.125,0.125,0.0625,0.0,0.0625,0.0625,0.0625,0.0,0.0625,0.0,0.0625,0.0,0.0,0.0,0.125,0.0625,0.0,0.0,0.0,0.0,0.125,0.0625,0.0,0.0,0.0
0,0.09302325581395349,0.046511627906976744,0.023255813953488372,0.023255813953488372,0.09302325581395349,0.023255813953488372,0.023255813953488372,0.023255813953488372,0.0,0.06976744186046512,0.06976744186046512,0.0,0.046511627906976744,0.0,0.023255813953488372,0.0,0.0,0.023255813953488372,0.023255813953488372,0.046511627906976744,0.09302325581395349,0.06976744186046512,0.023255813953488372,0.046511627906976744,0.11627906976744186,0.047619047619047616,0.023809523809523808,0.047619047619047616,0.0,0.16666666666666666,0.07142857142857142,0.0,0.0,0.023809523809523808,0.047619047619047616,0.09523809523809523,0.023809523809523808,0.023809523809523808,0.0,0.0,0.023809523809523808,0.0,0.023809523809523808,0.0,0.023809523809523808,0.047619047619047616,0.09523809523809523,0.023809523809523808,0.07142857142857142,0.11904761904761904,0.0975609756097561,0.07317073170731707,0.024390243902439025,0.0,0.0975609756097561,0.04878048780487805,0.0,0.0,0.04878048780487805,0.04878048780487805,0.04878048780487805,0.024390243902439025,0.04878048780487805,0.0,0.024390243902439025,0.04878048780487805,0.0,0.024390243902439025,0.0,0.0,0.024390243902439025,0.04878048780487805,0.024390243902439025,0.04878048780487805,0.1951219512195122,0.075,0.05,0.025,0.0,0.15,0.0,0.0,0.025,0.0,0.1,0.025,0.05,0.025,0.0,0.05,0.025,0.0,0.025,0.025,0.0,0.125,0.05,0.025,0.075,0.075,0.07692307692307693,0.05128205128205128,0.05128205128205128,0.02564102564102564,0.10256410256410256,0.0,0.05128205128205128,0.0,0.0,0.07692307692307693,0.07692307692307693,0.02564102564102564,0.02564102564102564,0.0,0.02564102564102564,0.02564102564102564,0.0,0.0,0.0,0.05128205128205128,0.05128205128205128,0.02564102564102564,0.05128205128205128,0.07692307692307693,0.1282051282051282,0.07894736842105263,0.10526315789473684,0.0,0.05263157894736842,0.07894736842105263,0.05263157894736842,0.02631578947368421,0.0,0.0,0.05263157894736842,0.07894736842105263,0.0,0.02631578947368421,0.0,0.05263157894736842,0.0,0.02631578947368421,0.02631578947368421,0.0,0.02631578947368421,0.02631578947368421,0.0,0.07894736842105263,0.05263157894736842,0.15789473684210525
0,0.1794871794871795,0.02564102564102564,0.07692307692307693,0.0,0.15384615384615385,0.0,0.0,0.0,0.0,0.02564102564102564,0.0,0.0,0.02564102564102564,0.0,0.10256410256410256,0.05128205128205128,0.0,0.0,0.02564102564102564,0.0,0.1794871794871795,0.0,0.05128205128205128,0.05128205128205128,0.05128205128205128,0.13157894736842105,0.0,0.13157894736842105,0.0,0.18421052631578946,0.02631578947368421,0.0,0.0,0.0,0.0,0.07894736842105263,0.0,0.0,0.0,0.02631578947368421,0.07894736842105263,0.0,0.0,0.0,0.0,0.10526315789473684,0.02631578947368421,0.02631578947368421,0.07894736842105263,0.10526315789473684,0.1891891891891892,0.02702702702702703,0.05405405405405406,0.02702702702702703,0.16216216216216217,0.0,0.0,0.0,0.0,0.02702702702702703,0.05405405405405406,0.0,0.0,0.02702702702702703,0.02702702702702703,0.02702702702702703,0.0,0.0,0.0,0.05405405405405406,0.16216216216216217,0.0,0.10810810810810811,0.02702702702702703,0.02702702702702703,0.16666666666666666,0.027777777777777776,0.08333333333333333,0.027777777777777776,0.1388888888888889,0.0,0.0,0.027777777777777776,0.0,0.0,0.05555555555555555,0.0,0.027777777777777776,0.027777777777777776,0.0,0.05555555555555555,0.0,0.0,0.0,0.027777777777777776,0.16666666666666666,0.0,0.027777777777777776,0.0,0.1388888888888889,0.17142857142857143,0.0,0.11428571428571428,0.05714285714285714,0.11428571428571428,0.0,0.0,0.0,0.0,0.02857142857142857,0.08571428571428572,0.0,0.0,0.0,0.02857142857142857,0.02857142857142857,0.02857142857142857,0.0,0.0,0.02857142857142857,0.14285714285714285,0.0,0.05714285714285714,0.0,0.11428571428571428,0.23529411764705882,0.0,0.058823529411764705,0.029411764705882353,0.11764705882352941,0.029411764705882353,0.0,0.0,0.0,0.0,0.029411764705882353,0.0,0.058823529411764705,0.0,0.029411764705882353,0.0,0.0,0.029411764705882353,0.0,0.058823529411764705,0.11764705882352941,0.029411764705882353,0.029411764705882353,0.029411764705882353,0.11764705882352941
0,0.4375,0.0,0.0625,0.0,0.1875,0.0625,0.0,0.0,0.0,0.0,0.0625,0.0,0.0,0.0,0.0,0.0,0.0,0.0,0.0,0.0,0.1875,0.0,0.0,0.0,0.0,0.4666666666666667,0.0,0.06666666666666667,0.0,0.13333333333333333,0.0,0.0,0.0,0.0,0.06666666666666667,0.06666666666666667,0.0,0.0,0.0,0.0,0.0,0.0,0.0,0.0,0.0,0.2,0.0,0.0,0.0,0.0,0.5,0.0,0.07142857142857142,0.0,0.07142857142857142,0.07142857142857142,0.0,0.0,0.0,0.0,0.0,0.0,0.0,0.0,0.07142857142857142,0.0,0.0,0.0,0.0,0.0,0.21428571428571427,0.0,0.0,0.0,0.0,0.6153846153846154,0.0,0.0,0.0,0.07692307692307693,0.07692307692307693,0.0,0.0,0.0,0.0,0.07692307692307693,0.0,0.0,0.0,0.0,0.0,0.0,0.0,0.0,0.0,0.0,0.0,0.07692307692307693,0.0,0.07692307692307693,0.4166666666666667,0.0,0.08333333333333333,0.0,0.16666666666666666,0.08333333333333333,0.0,0.0,0.0,0.0,0.08333333333333333,0.0,0.0,0.0,0.0,0.0,0.0,0.0,0.0,0.0,0.16666666666666666,0.0,0.0,0.0,0.0,0.45454545454545453,0.0,0.09090909090909091,0.0,0.09090909090909091,0.0,0.0,0.0,0.0,0.09090909090909091,0.09090909090909091,0.0,0.0,0.0,0.0,0.0,0.0,0.0,0.0,0.0,0.18181818181818182,0.0,0.0,0.0,0.0
0,0.0,0.0,0.17142857142857143,0.0,0.08571428571428572,0.02857142857142857,0.0,0.0,0.0,0.02857142857142857,0.02857142857142857,0.02857142857142857,0.05714285714285714,0.02857142857142857,0.11428571428571428,0.0,0.0,0.05714285714285714,0.0,0.0,0.2,0.02857142857142857,0.0,0.0,0.14285714285714285,0.058823529411764705,0.058823529411764705,0.029411764705882353,0.0,0.08823529411764706,0.0,0.0,0.0,0.0,0.058823529411764705,0.058823529411764705,0.0,0.058823529411764705,0.029411764705882353,0.11764705882352941,0.0,0.0,0.029411764705882353,0.0,0.029411764705882353,0.14705882352941177,0.0,0.14705882352941177,0.0,0.08823529411764706,0.09090909090909091,0.0,0.06060606060606061,0.030303030303030304,0.06060606060606061,0.030303030303030304,0.0,0.0,0.0,0.030303030303030304,0.09090909090909091,0.0,0.06060606060606061,0.0,0.09090909090909091,0.0,0.0,0.0,0.0,0.06060606060606061,0.06060606060606061,0.06060606060606061,0.12121212121212122,0.0,0.15151515151515152,0.0625,0.0,0.0625,0.0,0.09375,0.03125,0.0,0.03125,0.0,0.0,0.03125,0.0,0.09375,0.0,0.125,0.03125,0.0,0.0,0.0,0.03125,0.125,0.0625,0.0625,0.03125,0.125,0.06451612903225806,0.0,0.0967741935483871,0.0,0.06451612903225806,0.0,0.03225806451612903,0.0,0.0,0.03225806451612903,0.06451612903225806,0.03225806451612903,0.03225806451612903,0.03225806451612903,0.0967741935483871,0.03225806451612903,0.0,0.0,0.0,0.03225806451612903,0.12903225806451613,0.0,0.12903225806451613,0.0,0.12903225806451613,0.03333333333333333,0.0,0.06666666666666667,0.03333333333333333,0.06666666666666667,0.06666666666666667,0.0,0.0,0.0,0.0,0.06666666666666667,0.0,0.03333333333333333,0.0,0.16666666666666666,0.0,0.03333333333333333,0.03333333333333333,0.0,0.0,0.1,0.03333333333333333,0.13333333333333333,0.0,0.13333333333333333
0,0.2727272727272727,0.0,0.09090909090909091,0.0,0.18181818181818182,0.18181818181818182,0.0,0.0,0.0,0.0,0.0,0.09090909090909091,0.0,0.0,0.0,0.0,0.0,0.0,0.0,0.0,0.18181818181818182,0.0,0.0,0.0,0.0,0.3,0.1,0.1,0.0,0.1,0.0,0.0,0.0,0.0,0.1,0.1,0.0,0.0,0.0,0.0,0.0,0.0,0.0,0.0,0.0,0.2,0.0,0.0,0.0,0.0,0.4444444444444444,0.1111111111111111,0.1111111111111111,0.0,0.0,0.1111111111111111,0.0,0.0,0.0,0.0,0.0,0.0,0.0,0.0,0.0,0.0,0.0,0.0,0.0,0.0,0.1111111111111111,0.0,0.0,0.0,0.1111111111111111,0.375,0.125,0.0,0.0,0.125,0.125,0.0,0.0,0.0,0.0,0.0,0.0,0.0,0.0,0.0,0.0,0.0,0.0,0.0,0.0,0.125,0.0,0.125,0.0,0.0,0.42857142857142855,0.0,0.14285714285714285,0.0,0.0,0.0,0.0,0.0,0.0,0.14285714285714285,0.0,0.0,0.0,0.0,0.0,0.0,0.0,0.0,0.0,0.0,0.14285714285714285,0.14285714285714285,0.0,0.0,0.0,0.16666666666666666,0.16666666666666666,0.16666666666666666,0.0,0.0,0.16666666666666666,0.0,0.0,0.0,0.0,0.0,0.0,0.0,0.0,0.0,0.0,0.0,0.0,0.0,0.0,0.3333333333333333,0.0,0.0,0.0,0.0
0,0.3157894736842105,0.10526315789473684,0.0,0.0,0.10526315789473684,0.05263157894736842,0.0,0.05263157894736842,0.0,0.05263157894736842,0.05263157894736842,0.0,0.05263157894736842,0.0,0.05263157894736842,0.0,0.0,0.0,0.0,0.0,0.10526315789473684,0.0,0.05263157894736842,0.0,0.0,0.2777777777777778,0.05555555555555555,0.1111111111111111,0.0,0.1111111111111111,0.05555555555555555,0.0,0.05555555555555555,0.0,0.05555555555555555,0.0,0.05555555555555555,0.0,0.0,0.05555555555555555,0.0,0.0,0.0,0.0,0.0,0.16666666666666666,0.0,0.0,0.0,0.0,0.35294117647058826,0.0,0.17647058823529413,0.0,0.058823529411764705,0.11764705882352941,0.0,0.0,0.0,0.058823529411764705,0.0,0.0,0.0,0.0,0.058823529411764705,0.0,0.0,0.0,0.0,0.0,0.058823529411764705,0.11764705882352941,0.0,0.0,0.0,0.3125,0.0625,0.125,0.0,0.125,0.0625,0.0625,0.0,0.0,0.0,0.0625,0.0,0.0,0.0,0.0,0.0,0.0,0.0,0.0,0.0,0.0625,0.0,0.0625,0.0,0.0625,0.2,0.13333333333333333,0.06666666666666667,0.0,0.2,0.06666666666666667,0.0,0.06666666666666667,0.0,0.0,0.06666666666666667,0.0,0.0,0.0,0.0,0.0,0.0,0.0,0.0,0.0,0.13333333333333333,0.0,0.06666666666666667,0.0,0.0,0.21428571428571427,0.07142857142857142,0.14285714285714285,0.0,0.14285714285714285,0.07142857142857142,0.0,0.07142857142857142,0.0,0.0,0.0,0.07142857142857142,0.0,0.0,0.0,0.0,0.0,0.0,0.0,0.0,0.14285714285714285,0.0,0.0,0.0,0.07142857142857142
0,0.5,0.08333333333333333,0.08333333333333333,0.0,0.08333333333333333,0.08333333333333333,0.0,0.0,0.0,0.0,0.08333333333333333,0.0,0.0,0.0,0.0,0.0,0.0,0.0,0.0,0.0,0.08333333333333333,0.0,0.0,0.0,0.0,0.6363636363636364,0.0,0.09090909090909091,0.0,0.0,0.0,0.0,0.0,0.0,0.09090909090909091,0.0,0.09090909090909091,0.0,0.0,0.0,0.0,0.0,0.0,0.0,0.0,0.09090909090909091,0.0,0.0,0.0,0.0,0.6,0.1,0.1,0.0,0.0,0.1,0.0,0.0,0.0,0.0,0.0,0.0,0.0,0.0,0.0,0.0,0.0,0.0,0.0,0.0,0.1,0.0,0.0,0.0,0.0,0.5555555555555556,0.1111111111111111,0.1111111111111111,0.0,0.0,0.1111111111111111,0.0,0.0,0.0,0.0,0.0,0.0,0.0,0.0,0.0,0.0,0.0,0.0,0.0,0.0,0.1111111111111111,0.0,0.0,0.0,0.0,0.5,0.125,0.125,0.0,0.0,0.125,0.0,0.0,0.0,0.0,0.0,0.0,0.0,0.0,0.0,0.0,0.0,0.0,0.0,0.0,0.125,0.0,0.0,0.0,0.0,0.42857142857142855,0.14285714285714285,0.14285714285714285,0.0,0.0,0.14285714285714285,0.0,0.0,0.0,0.0,0.0,0.0,0.0,0.0,0.0,0.0,0.0,0.0,0.0,0.0,0.14285714285714285,0.0,0.0,0.0,0.0
0,0.05128205128205128,0.10256410256410256,0.05128205128205128,0.0,0.10256410256410256,0.05128205128205128,0.0,0.02564102564102564,0.02564102564102564,0.02564102564102564,0.07692307692307693,0.0,0.0,0.0,0.10256410256410256,0.02564102564102564,0.0,0.0,0.07692307692307693,0.0,0.07692307692307693,0.05128205128205128,0.10256410256410256,0.0,0.05128205128205128,0.10526315789473684,0.07894736842105263,0.05263157894736842,0.0,0.07894736842105263,0.05263157894736842,0.0,0.0,0.02631578947368421,0.05263157894736842,0.07894736842105263,0.05263157894736842,0.05263157894736842,0.0,0.0,0.02631578947368421,0.0,0.0,0.05263157894736842,0.02631578947368421,0.02631578947368421,0.0,0.07894736842105263,0.02631578947368421,0.13157894736842105,0.13513513513513514,0.02702702702702703,0.02702702702702703,0.02702702702702703,0.10810810810810811,0.02702702702702703,0.0,0.05405405405405406,0.02702702702702703,0.02702702702702703,0.0,0.05405405405405406,0.05405405405405406,0.0,0.05405405405405406,0.02702702702702703,0.0,0.0,0.02702702702702703,0.05405405405405406,0.08108108108108109,0.05405405405405406,0.05405405405405406,0.02702702702702703,0.05405405405405406,0.05555555555555555,0.05555555555555555,0.08333333333333333,0.027777777777777776,0.1111111111111111,0.05555555555555555,0.027777777777777776,0.0,0.027777777777777776,0.027777777777777776,0.1111111111111111,0.0,0.027777777777777776,0.0,0.027777777777777776,0.027777777777777776,0.0,0.027777777777777776,0.0,0.05555555555555555,0.027777777777777776,0.05555555555555555,0.05555555555555555,0.05555555555555555,0.05555555555555555,0.11428571428571428,0.05714285714285714,0.08571428571428572,0.02857142857142857,0.02857142857142857,0.05714285714285714,0.02857142857142857,0.0,0.0,0.05714285714285714,0.05714285714285714,0.02857142857142857,0.02857142857142857,0.0,0.05714285714285714,0.0,0.0,0.02857142857142857,0.0,0.08571428571428572,0.05714285714285714,0.02857142857142857,0.05714285714285714,0.08571428571428572,0.02857142857142857,0.08823529411764706,0.029411764705882353,0.0,0.058823529411764705,0.14705882352941177,0.029411764705882353,0.058823529411764705,0.0,0.0,0.029411764705882353,0.058823529411764705,0.029411764705882353,0.08823529411764706,0.0,0.0,0.0,0.0,0.058823529411764705,0.0,0.058823529411764705,0.08823529411764706,0.029411764705882353,0.058823529411764705,0.058823529411764705,0.029411764705882353
0,0.2222222222222222,0.027777777777777776,0.027777777777777776,0.0,0.16666666666666666,0.027777777777777776,0.0,0.0,0.0,0.0,0.05555555555555555,0.0,0.027777777777777776,0.0,0.05555555555555555,0.0,0.0,0.0,0.0,0.027777777777777776,0.1111111111111111,0.027777777777777776,0.08333333333333333,0.027777777777777776,0.1111111111111111,0.14285714285714285,0.0,0.11428571428571428,0.02857142857142857,0.14285714285714285,0.0,0.0,0.0,0.0,0.02857142857142857,0.08571428571428572,0.02857142857142857,0.0,0.0,0.02857142857142857,0.02857142857142857,0.0,0.0,0.0,0.0,0.17142857142857143,0.02857142857142857,0.02857142857142857,0.0,0.14285714285714285,0.14705882352941177,0.0,0.11764705882352941,0.0,0.17647058823529413,0.0,0.0,0.0,0.0,0.029411764705882353,0.08823529411764706,0.029411764705882353,0.0,0.0,0.0,0.0,0.0,0.0,0.0,0.029411764705882353,0.20588235294117646,0.029411764705882353,0.029411764705882353,0.0,0.11764705882352941,0.18181818181818182,0.06060606060606061,0.06060606060606061,0.0,0.15151515151515152,0.0,0.0,0.0,0.0,0.030303030303030304,0.12121212121212122,0.0,0.0,0.0,0.0,0.0,0.0,0.0,0.0,0.030303030303030304,0.15151515151515152,0.0,0.09090909090909091,0.0,0.12121212121212122,0.15625,0.0625,0.0625,0.0,0.15625,0.03125,0.0,0.0,0.0,0.0,0.09375,0.0,0.0,0.0,0.03125,0.03125,0.0,0.0,0.0,0.0,0.125,0.0,0.09375,0.0,0.15625,0.16129032258064516,0.03225806451612903,0.06451612903225806,0.0,0.16129032258064516,0.03225806451612903,0.0,0.0,0.0,0.0,0.03225806451612903,0.0,0.03225806451612903,0.0,0.06451612903225806,0.0,0.0,0.0,0.0,0.03225806451612903,0.22580645161290322,0.03225806451612903,0.06451612903225806,0.0,0.06451612903225806
0,0.2608695652173913,0.0,0.08695652173913043,0.0,0.17391304347826086,0.043478260869565216,0.043478260869565216,0.0,0.0,0.0,0.08695652173913043,0.0,0.043478260869565216,0.0,0.043478260869565216,0.0,0.0,0.0,0.0,0.0,0.13043478260869565,0.0,0.043478260869565216,0.0,0.043478260869565216,0.18181818181818182,0.0,0.18181818181818182,0.0,0.18181818181818182,0.045454545454545456,0.0,0.0,0.0,0.045454545454545456,0.09090909090909091,0.0,0.0,0.0,0.045454545454545456,0.0,0.0,0.0,0.0,0.0,0.22727272727272727,0.0,0.0,0.0,0.0,0.3333333333333333,0.0,0.09523809523809523,0.0,0.14285714285714285,0.047619047619047616,0.0,0.0,0.0,0.047619047619047616,0.047619047619047616,0.0,0.047619047619047616,0.0,0.0,0.0,0.0,0.0,0.0,0.0,0.09523809523809523,0.0,0.047619047619047616,0.0,0.09523809523809523,0.4,0.0,0.05,0.0,0.1,0.1,0.0,0.0,0.0,0.0,0.0,0.0,0.05,0.0,0.05,0.0,0.0,0.0,0.0,0.0,0.05,0.0,0.1,0.0,0.1,0.2631578947368421,0.0,0.05263157894736842,0.0,0.21052631578947367,0.05263157894736842,0.0,0.05263157894736842,0.0,0.0,0.05263157894736842,0.0,0.0,0.0,0.05263157894736842,0.0,0.0,0.0,0.0,0.0,0.15789473684210525,0.0,0.10526315789473684,0.0,0.0,0.16666666666666666,0.0,0.16666666666666666,0.0,0.2222222222222222,0.05555555555555555,0.0,0.05555555555555555,0.0,0.0,0.05555555555555555,0.0,0.0,0.0,0.0,0.0,0.0,0.0,0.0,0.0,0.2222222222222222,0.0,0.0,0.0,0.05555555555555555
0,0.07692307692307693,0.0,0.1282051282051282,0.0,0.10256410256410256,0.0,0.0,0.02564102564102564,0.0,0.02564102564102564,0.1282051282051282,0.0,0.02564102564102564,0.02564102564102564,0.07692307692307693,0.0,0.0,0.02564102564102564,0.0,0.05128205128205128,0.07692307692307693,0.05128205128205128,0.05128205128205128,0.05128205128205128,0.07692307692307693,0.10526315789473684,0.0,0.02631578947368421,0.02631578947368421,0.13157894736842105,0.0,0.0,0.02631578947368421,0.0,0.02631578947368421,0.02631578947368421,0.02631578947368421,0.07894736842105263,0.0,0.13157894736842105,0.05263157894736842,0.02631578947368421,0.0,0.0,0.0,0.07894736842105263,0.0,0.13157894736842105,0.05263157894736842,0.05263157894736842,0.05405405405405406,0.0,0.08108108108108109,0.02702702702702703,0.10810810810810811,0.0,0.02702702702702703,0.0,0.02702702702702703,0.0,0.16216216216216217,0.0,0.0,0.02702702702702703,0.08108108108108109,0.0,0.0,0.08108108108108109,0.0,0.0,0.05405405405405406,0.02702702702702703,0.10810810810810811,0.0,0.13513513513513514,0.08333333333333333,0.027777777777777776,0.08333333333333333,0.05555555555555555,0.027777777777777776,0.0,0.0,0.0,0.0,0.05555555555555555,0.05555555555555555,0.0,0.1388888888888889,0.0,0.08333333333333333,0.027777777777777776,0.0,0.0,0.0,0.05555555555555555,0.1111111111111111,0.027777777777777776,0.05555555555555555,0.027777777777777776,0.08333333333333333,0.05714285714285714,0.0,0.11428571428571428,0.0,0.11428571428571428,0.02857142857142857,0.0,0.02857142857142857,0.0,0.0,0.08571428571428572,0.02857142857142857,0.02857142857142857,0.05714285714285714,0.08571428571428572,0.02857142857142857,0.02857142857142857,0.02857142857142857,0.0,0.0,0.08571428571428572,0.0,0.08571428571428572,0.0,0.11428571428571428,0.058823529411764705,0.029411764705882353,0.058823529411764705,0.029411764705882353,0.11764705882352941,0.0,0.0,0.029411764705882353,0.029411764705882353,0.0,0.029411764705882353,0.0,0.08823529411764706,0.0,0.14705882352941177,0.058823529411764705,0.0,0.0,0.0,0.029411764705882353,0.14705882352941177,0.029411764705882353,0.08823529411764706,0.0,0.029411764705882353
0,0.0,0.0,0.05555555555555555,0.0,0.08333333333333333,0.0,0.0,0.0,0.0,0.08333333333333333,0.05555555555555555,0.0,0.027777777777777776,0.027777777777777776,0.1111111111111111,0.0,0.027777777777777776,0.0,0.0,0.027777777777777776,0.08333333333333333,0.05555555555555555,0.1388888888888889,0.0,0.2222222222222222,0.0,0.0,0.02857142857142857,0.0,0.11428571428571428,0.02857142857142857,0.0,0.0,0.0,0.02857142857142857,0.02857142857142857,0.02857142857142857,0.08571428571428572,0.0,0.08571428571428572,0.0,0.02857142857142857,0.0,0.0,0.02857142857142857,0.08571428571428572,0.0,0.11428571428571428,0.02857142857142857,0.2857142857142857,0.029411764705882353,0.0,0.058823529411764705,0.0,0.058823529411764705,0.029411764705882353,0.0,0.0,0.0,0.029411764705882353,0.0,0.029411764705882353,0.029411764705882353,0.0,0.17647058823529413,0.0,0.0,0.0,0.0,0.058823529411764705,0.08823529411764706,0.029411764705882353,0.14705882352941177,0.029411764705882353,0.20588235294117646,0.030303030303030304,0.0,0.0,0.0,0.12121212121212122,0.0,0.0,0.0,0.0,0.06060606060606061,0.030303030303030304,0.030303030303030304,0.06060606060606061,0.0,0.09090909090909091,0.06060606060606061,0.0,0.0,0.0,0.0,0.030303030303030304,0.030303030303030304,0.18181818181818182,0.030303030303030304,0.24242424242424243,0.0,0.0,0.125,0.0,0.03125,0.0,0.0,0.03125,0.0,0.03125,0.0625,0.03125,0.03125,0.0,0.09375,0.0,0.0,0.0,0.0,0.0625,0.0625,0.03125,0.0625,0.03125,0.3125,0.03225806451612903,0.0,0.06451612903225806,0.0,0.06451612903225806,0.03225806451612903,0.0,0.0,0.0,0.03225806451612903,0.0,0.0,0.0967741935483871,0.0,0.0967741935483871,0.0,0.0,0.0,0.0,0.06451612903225806,0.06451612903225806,0.06451612903225806,0.0967741935483871,0.03225806451612903,0.25806451612903225
0,0.2608695652173913,0.043478260869565216,0.043478260869565216,0.0,0.13043478260869565,0.13043478260869565,0.0,0.0,0.0,0.043478260869565216,0.043478260869565216,0.043478260869565216,0.043478260869565216,0.0,0.043478260869565216,0.0,0.0,0.0,0.0,0.0,0.043478260869565216,0.043478260869565216,0.08695652173913043,0.0,0.0,0.18181818181818182,0.09090909090909091,0.13636363636363635,0.0,0.09090909090909091,0.09090909090909091,0.0,0.0,0.0,0.09090909090909091,0.045454545454545456,0.045454545454545456,0.0,0.0,0.045454545454545456,0.0,0.0,0.0,0.0,0.0,0.13636363636363635,0.0,0.045454545454545456,0.0,0.0,0.3333333333333333,0.047619047619047616,0.14285714285714285,0.0,0.0,0.09523809523809523,0.047619047619047616,0.047619047619047616,0.0,0.0,0.0,0.0,0.0,0.0,0.09523809523809523,0.0,0.0,0.0,0.0,0.0,0.047619047619047616,0.047619047619047616,0.0,0.0,0.09523809523809523,0.25,0.1,0.1,0.0,0.1,0.15,0.0,0.0,0.0,0.05,0.05,0.0,0.05,0.0,0.0,0.0,0.0,0.0,0.0,0.0,0.05,0.0,0.05,0.0,0.05,0.15789473684210525,0.05263157894736842,0.10526315789473684,0.0,0.21052631578947367,0.10526315789473684,0.05263157894736842,0.05263157894736842,0.0,0.0,0.10526315789473684,0.0,0.0,0.0,0.0,0.0,0.0,0.0,0.0,0.0,0.10526315789473684,0.0,0.05263157894736842,0.0,0.0,0.2222222222222222,0.05555555555555555,0.16666666666666666,0.0,0.05555555555555555,0.1111111111111111,0.0,0.05555555555555555,0.0,0.05555555555555555,0.0,0.05555555555555555,0.0,0.0,0.05555555555555555,0.0,0.0,0.0,0.0,0.0,0.1111111111111111,0.0,0.0,0.0,0.05555555555555555
0,0.28888888888888886,0.044444444444444446,0.06666666666666667,0.022222222222222223,0.1111111111111111,0.0,0.0,0.022222222222222223,0.0,0.022222222222222223,0.044444444444444446,0.0,0.0,0.044444444444444446,0.044444444444444446,0.06666666666666667,0.0,0.0,0.0,0.0,0.1111111111111111,0.0,0.044444444444444446,0.022222222222222223,0.044444444444444446,0.20454545454545456,0.022727272727272728,0.11363636363636363,0.022727272727272728,0.18181818181818182,0.022727272727272728,0.0,0.0,0.0,0.022727272727272728,0.11363636363636363,0.0,0.0,0.0,0.0,0.06818181818181818,0.0,0.0,0.0,0.0,0.09090909090909091,0.022727272727272728,0.022727272727272728,0.06818181818181818,0.022727272727272728,0.27906976744186046,0.046511627906976744,0.0,0.06976744186046512,0.16279069767441862,0.023255813953488372,0.0,0.023255813953488372,0.0,0.0,0.06976744186046512,0.0,0.023255813953488372,0.0,0.023255813953488372,0.023255813953488372,0.0,0.0,0.0,0.046511627906976744,0.11627906976744186,0.0,0.06976744186046512,0.023255813953488372,0.0,0.2619047619047619,0.023809523809523808,0.09523809523809523,0.047619047619047616,0.11904761904761904,0.0,0.0,0.023809523809523808,0.023809523809523808,0.0,0.09523809523809523,0.0,0.0,0.0,0.023809523809523808,0.047619047619047616,0.023809523809523808,0.0,0.0,0.0,0.11904761904761904,0.0,0.0,0.023809523809523808,0.07142857142857142,0.2682926829268293,0.024390243902439025,0.12195121951219512,0.07317073170731707,0.07317073170731707,0.04878048780487805,0.0,0.0,0.0,0.0,0.0975609756097561,0.0,0.0,0.0,0.024390243902439025,0.0,0.024390243902439025,0.0,0.0,0.04878048780487805,0.0975609756097561,0.0,0.0,0.024390243902439025,0.07317073170731707,0.35,0.025,0.025,0.05,0.1,0.05,0.0,0.0,0.0,0.0,0.0,0.0,0.025,0.025,0.075,0.0,0.0,0.05,0.0,0.025,0.1,0.025,0.025,0.025,0.025
0,0.041666666666666664,0.041666666666666664,0.0,0.0,0.125,0.0,0.0,0.0,0.0,0.08333333333333333,0.0,0.041666666666666664,0.041666666666666664,0.0,0.125,0.0,0.0,0.0,0.0,0.041666666666666664,0.16666666666666666,0.0,0.16666666666666666,0.0,0.125,0.043478260869565216,0.0,0.0,0.0,0.17391304347826086,0.043478260869565216,0.0,0.0,0.0,0.043478260869565216,0.043478260869565216,0.0,0.043478260869565216,0.0,0.08695652173913043,0.0,0.0,0.043478260869565216,0.0,0.0,0.08695652173913043,0.08695652173913043,0.13043478260869565,0.0,0.17391304347826086,0.0,0.045454545454545456,0.09090909090909091,0.0,0.09090909090909091,0.045454545454545456,0.0,0.0,0.0,0.045454545454545456,0.09090909090909091,0.0,0.045454545454545456,0.0,0.045454545454545456,0.0,0.045454545454545456,0.0,0.0,0.0,0.09090909090909091,0.0,0.045454545454545456,0.0,0.3181818181818182,0.047619047619047616,0.0,0.09523809523809523,0.0,0.09523809523809523,0.047619047619047616,0.0,0.0,0.0,0.047619047619047616,0.047619047619047616,0.0,0.0,0.0,0.14285714285714285,0.0,0.0,0.0,0.0,0.047619047619047616,0.09523809523809523,0.047619047619047616,0.09523809523809523,0.0,0.19047619047619047,0.0,0.0,0.0,0.0,0.2,0.0,0.05,0.0,0.0,0.05,0.15,0.0,0.0,0.0,0.05,0.05,0.0,0.0,0.0,0.0,0.05,0.0,0.2,0.0,0.2,0.05263157894736842,0.0,0.05263157894736842,0.0,0.05263157894736842,0.0,0.0,0.05263157894736842,0.0,0.05263157894736842,0.05263157894736842,0.05263157894736842,0.05263157894736842,0.0,0.05263157894736842,0.0,0.0,0.0,0.0,0.05263157894736842,0.10526315789473684,0.0,0.05263157894736842,0.0,0.3157894736842105
0,0.16666666666666666,0.041666666666666664,0.041666666666666664,0.0,0.16666666666666666,0.0,0.041666666666666664,0.0,0.0,0.08333333333333333,0.041666666666666664,0.0,0.08333333333333333,0.0,0.041666666666666664,0.0,0.0,0.0,0.0,0.0,0.20833333333333334,0.0,0.041666666666666664,0.0,0.041666666666666664,0.17391304347826086,0.0,0.13043478260869565,0.0,0.13043478260869565,0.043478260869565216,0.0,0.0,0.0,0.08695652173913043,0.043478260869565216,0.043478260869565216,0.0,0.0,0.043478260869565216,0.0,0.0,0.0,0.0,0.0,0.17391304347826086,0.0,0.043478260869565216,0.0,0.08695652173913043,0.18181818181818182,0.0,0.18181818181818182,0.0,0.09090909090909091,0.09090909090909091,0.0,0.0,0.0,0.045454545454545456,0.0,0.045454545454545456,0.0,0.0,0.045454545454545456,0.0,0.0,0.0,0.0,0.0,0.18181818181818182,0.0,0.0,0.0,0.13636363636363635,0.23809523809523808,0.047619047619047616,0.09523809523809523,0.0,0.09523809523809523,0.09523809523809523,0.0,0.0,0.0,0.047619047619047616,0.047619047619047616,0.0,0.0,0.0,0.047619047619047616,0.0,0.0,0.0,0.0,0.0,0.09523809523809523,0.0,0.09523809523809523,0.0,0.09523809523809523,0.15,0.05,0.05,0.0,0.2,0.05,0.0,0.05,0.0,0.05,0.1,0.0,0.0,0.0,0.0,0.0,0.0,0.0,0.0,0.0,0.15,0.0,0.1,0.0,0.05,0.15789473684210525,0.05263157894736842,0.10526315789473684,0.0,0.10526315789473684,0.05263157894736842,0.0,0.05263157894736842,0.0,0.05263157894736842,0.05263157894736842,0.0,0.0,0.0,0.05263157894736842,0.0,0.0,0.0,0.0,0.0,0.15789473684210525,0.0,0.05263157894736842,0.0,0.10526315789473684
0,0.10714285714285714,0.0,0.0,0.03571428571428571,0.14285714285714285,0.0,0.0,0.0,0.0,0.03571428571428571,0.0,0.0,0.0,0.0,0.03571428571428571,0.0,0.0,0.0,0.0,0.03571428571428571,0.21428571428571427,0.03571428571428571,0.03571428571428571,0.0,0.32142857142857145,0.07407407407407407,0.0,0.0,0.0,0.2222222222222222,0.037037037037037035,0.0,0.0,0.0,0.0,0.037037037037037035,0.0,0.0,0.0,0.0,0.0,0.0,0.0,0.0,0.037037037037037035,0.14814814814814814,0.037037037037037035,0.037037037037037035,0.037037037037037035,0.3333333333333333,0.038461538461538464,0.0,0.038461538461538464,0.0,0.19230769230769232,0.0,0.0,0.0,0.0,0.038461538461538464,0.038461538461538464,0.0,0.0,0.0,0.0,0.038461538461538464,0.0,0.0,0.0,0.0,0.19230769230769232,0.038461538461538464,0.0,0.0,0.38461538461538464,0.04,0.0,0.0,0.0,0.2,0.0,0.0,0.0,0.0,0.04,0.0,0.0,0.0,0.0,0.04,0.04,0.0,0.0,0.0,0.0,0.24,0.04,0.04,0.0,0.32,0.08333333333333333,0.041666666666666664,0.0,0.0,0.125,0.0,0.0,0.041666666666666664,0.0,0.0,0.041666666666666664,0.0,0.0,0.0,0.0,0.041666666666666664,0.0,0.0,0.0,0.0,0.16666666666666666,0.0,0.0,0.0,0.4583333333333333,0.13043478260869565,0.0,0.0,0.0,0.13043478260869565,0.0,0.0,0.0,0.0,0.043478260869565216,0.0,0.0,0.0,0.0,0.0,0.0,0.0,0.0,0.0,0.043478260869565216,0.17391304347826086,0.043478260869565216,0.043478260869565216,0.0,0.391304347826087
0,0.09375,0.03125,0.03125,0.03125,0.1875,0.03125,0.0,0.0,0.0,0.0,0.03125,0.0,0.0,0.03125,0.0625,0.0,0.0,0.03125,0.0,0.03125,0.21875,0.0,0.0625,0.0,0.125,0.12903225806451613,0.0,0.0967741935483871,0.0,0.16129032258064516,0.0,0.0,0.03225806451612903,0.0,0.0,0.03225806451612903,0.03225806451612903,0.0,0.0,0.06451612903225806,0.03225806451612903,0.0,0.0,0.0,0.03225806451612903,0.1935483870967742,0.0,0.0,0.03225806451612903,0.16129032258064516,0.23333333333333334,0.0,0.03333333333333333,0.03333333333333333,0.1,0.0,0.0,0.0,0.0,0.03333333333333333,0.06666666666666667,0.0,0.0,0.0,0.06666666666666667,0.0,0.03333333333333333,0.0,0.0,0.03333333333333333,0.1,0.0,0.06666666666666667,0.0,0.2,0.06896551724137931,0.034482758620689655,0.034482758620689655,0.0,0.27586206896551724,0.034482758620689655,0.0,0.0,0.0,0.0,0.0,0.0,0.06896551724137931,0.0,0.034482758620689655,0.06896551724137931,0.0,0.0,0.0,0.0,0.20689655172413793,0.0,0.0,0.034482758620689655,0.13793103448275862,0.21428571428571427,0.0,0.07142857142857142,0.0,0.14285714285714285,0.0,0.0,0.0,0.0,0.03571428571428571,0.03571428571428571,0.0,0.0,0.03571428571428571,0.03571428571428571,0.03571428571428571,0.0,0.03571428571428571,0.0,0.0,0.10714285714285714,0.0,0.0,0.0,0.25,0.14814814814814814,0.0,0.037037037037037035,0.037037037037037035,0.18518518518518517,0.0,0.0,0.037037037037037035,0.0,0.0,0.07407407407407407,0.0,0.0,0.0,0.037037037037037035,0.0,0.0,0.0,0.0,0.07407407407407407,0.14814814814814814,0.0,0.037037037037037035,0.0,0.18518518518518517
0,0.0,0.0,0.0,0.0,0.2222222222222222,0.05555555555555555,0.0,0.0,0.0,0.05555555555555555,0.0,0.0,0.0,0.0,0.0,0.05555555555555555,0.0,0.0,0.0,0.0,0.1111111111111111,0.1111111111111111,0.05555555555555555,0.05555555555555555,0.2777777777777778,0.058823529411764705,0.058823529411764705,0.0,0.0,0.11764705882352941,0.0,0.0,0.0,0.0,0.11764705882352941,0.0,0.0,0.0,0.0,0.0,0.0,0.0,0.0,0.0,0.058823529411764705,0.11764705882352941,0.058823529411764705,0.058823529411764705,0.058823529411764705,0.29411764705882354,0.0,0.0,0.0625,0.0,0.1875,0.0625,0.0,0.0,0.0625,0.0,0.0,0.0,0.0,0.0,0.0,0.0,0.0,0.0,0.0,0.0625,0.125,0.125,0.0,0.0,0.3125,0.0,0.06666666666666667,0.0,0.0,0.13333333333333333,0.06666666666666667,0.0,0.0,0.0,0.06666666666666667,0.0,0.0,0.0,0.0,0.0,0.0,0.0,0.06666666666666667,0.0,0.0,0.13333333333333333,0.06666666666666667,0.0,0.06666666666666667,0.3333333333333333,0.0,0.07142857142857142,0.0,0.07142857142857142,0.07142857142857142,0.0,0.07142857142857142,0.0,0.0,0.07142857142857142,0.0,0.0,0.0,0.0,0.0,0.0,0.0,0.0,0.0,0.0,0.21428571428571427,0.0,0.07142857142857142,0.0,0.35714285714285715,0.15384615384615385,0.0,0.0,0.0,0.07692307692307693,0.0,0.0,0.0,0.0,0.15384615384615385,0.0,0.0,0.0,0.0,0.0,0.0,0.0,0.0,0.0,0.0,0.07692307692307693,0.15384615384615385,0.07692307692307693,0.07692307692307693,0.23076923076923078
0,0.13333333333333333,0.0,0.0,0.03333333333333333,0.16666666666666666,0.03333333333333333,0.0,0.0,0.0,0.06666666666666667,0.03333333333333333,0.0,0.0,0.0,0.03333333333333333,0.03333333333333333,0.0,0.0,0.0,0.03333333333333333,0.1,0.1,0.06666666666666667,0.03333333333333333,0.13333333333333333,0.06896551724137931,0.06896551724137931,0.0,0.0,0.1724137931034483,0.0,0.034482758620689655,0.0,0.034482758620689655,0.034482758620689655,0.0,0.0,0.034482758620689655,0.0,0.034482758620689655,0.034482758620689655,0.0,0.0,0.0,0.034482758620689655,0.20689655172413793,0.0,0.034482758620689655,0.034482758620689655,0.1724137931034483,0.07142857142857142,0.03571428571428571,0.0,0.0,0.21428571428571427,0.03571428571428571,0.0,0.0,0.0,0.07142857142857142,0.03571428571428571,0.03571428571428571,0.0,0.0,0.0,0.07142857142857142,0.0,0.0,0.0,0.0,0.10714285714285714,0.03571428571428571,0.07142857142857142,0.03571428571428571,0.17857142857142858,0.037037037037037035,0.07407407407407407,0.037037037037037035,0.0,0.18518518518518517,0.07407407407407407,0.0,0.0,0.037037037037037035,0.0,0.037037037037037035,0.0,0.0,0.0,0.037037037037037035,0.037037037037037035,0.0,0.0,0.0,0.037037037037037035,0.14814814814814814,0.037037037037037035,0.037037037037037035,0.0,0.18518518518518517,0.038461538461538464,0.038461538461538464,0.038461538461538464,0.0,0.19230769230769232,0.07692307692307693,0.0,0.0,0.0,0.038461538461538464,0.0,0.038461538461538464,0.0,0.0,0.038461538461538464,0.038461538461538464,0.0,0.0,0.0,0.038461538461538464,0.19230769230769232,0.038461538461538464,0.038461538461538464,0.038461538461538464,0.11538461538461539,0.08,0.04,0.08,0.04,0.08,0.04,0.0,0.0,0.0,0.04,0.04,0.0,0.0,0.0,0.04,0.0,0.0,0.0,0.0,0.08,0.16,0.08,0.0,0.0,0.2
0,0.13043478260869565,0.08695652173913043,0.021739130434782608,0.021739130434782608,0.08695652173913043,0.08695652173913043,0.043478260869565216,0.021739130434782608,0.06521739130434782,0.0,0.043478260869565216,0.043478260869565216,0.021739130434782608,0.0,0.021739130434782608,0.043478260869565216,0.0,0.021739130434782608,0.0,0.021739130434782608,0.021739130434782608,0.043478260869565216,0.06521739130434782,0.0,0.08695652173913043,0.06666666666666667,0.08888888888888889,0.06666666666666667,0.06666666666666667,0.06666666666666667,0.1111111111111111,0.022222222222222223,0.022222222222222223,0.022222222222222223,0.044444444444444446,0.044444444444444446,0.044444444444444446,0.022222222222222223,0.0,0.0,0.0,0.022222222222222223,0.022222222222222223,0.0,0.044444444444444446,0.08888888888888889,0.044444444444444446,0.022222222222222223,0.0,0.06666666666666667,0.1590909090909091,0.06818181818181818,0.022727272727272728,0.022727272727272728,0.09090909090909091,0.045454545454545456,0.022727272727272728,0.06818181818181818,0.022727272727272728,0.06818181818181818,0.0,0.06818181818181818,0.0,0.022727272727272728,0.022727272727272728,0.0,0.0,0.045454545454545456,0.022727272727272728,0.0,0.11363636363636363,0.06818181818181818,0.0,0.0,0.045454545454545456,0.16279069767441862,0.023255813953488372,0.06976744186046512,0.023255813953488372,0.09302325581395349,0.046511627906976744,0.06976744186046512,0.023255813953488372,0.023255813953488372,0.046511627906976744,0.023255813953488372,0.023255813953488372,0.023255813953488372,0.0,0.046511627906976744,0.023255813953488372,0.023255813953488372,0.023255813953488372,0.0,0.0,0.046511627906976744,0.09302325581395349,0.0,0.046511627906976744,0.046511627906976744,0.09523809523809523,0.09523809523809523,0.023809523809523808,0.047619047619047616,0.09523809523809523,0.047619047619047616,0.047619047619047616,0.07142857142857142,0.023809523809523808,0.023809523809523808,0.023809523809523808,0.0,0.0,0.023809523809523808,0.07142857142857142,0.023809523809523808,0.023809523809523808,0.023809523809523808,0.0,0.0,0.09523809523809523,0.07142857142857142,0.023809523809523808,0.0,0.047619047619047616,0.07317073170731707,0.12195121951219512,0.04878048780487805,0.04878048780487805,0.07317073170731707,0.07317073170731707,0.04878048780487805,0.04878048780487805,0.04878048780487805,0.0,0.024390243902439025,0.0,0.04878048780487805,0.0,0.04878048780487805,0.0,0.04878048780487805,0.0,0.0,0.0,0.12195121951219512,0.024390243902439025,0.0,0.0,0.0975609756097561
0,0.3684210526315789,0.0,0.15789473684210525,0.0,0.05263157894736842,0.05263157894736842,0.0,0.0,0.0,0.0,0.05263157894736842,0.0,0.15789473684210525,0.05263157894736842,0.0,0.05263157894736842,0.0,0.0,0.0,0.0,0.05263157894736842,0.0,0.0,0.0,0.0,0.2777777777777778,0.0,0.2222222222222222,0.05555555555555555,0.05555555555555555,0.05555555555555555,0.0,0.0,0.0,0.0,0.1111111111111111,0.0,0.1111111111111111,0.0,0.0,0.05555555555555555,0.0,0.0,0.0,0.0,0.05555555555555555,0.0,0.0,0.0,0.0,0.4117647058823529,0.0,0.11764705882352941,0.058823529411764705,0.058823529411764705,0.058823529411764705,0.0,0.0,0.0,0.0,0.058823529411764705,0.0,0.11764705882352941,0.0,0.0,0.0,0.0,0.058823529411764705,0.0,0.0,0.0,0.0,0.058823529411764705,0.0,0.0,0.375,0.0,0.25,0.0,0.0625,0.0625,0.0,0.0,0.0,0.0,0.0,0.0,0.0625,0.0625,0.0,0.0,0.0,0.0625,0.0,0.0,0.0625,0.0,0.0,0.0,0.0,0.26666666666666666,0.0,0.26666666666666666,0.06666666666666667,0.06666666666666667,0.06666666666666667,0.0,0.0,0.0,0.0,0.06666666666666667,0.0,0.06666666666666667,0.0,0.0,0.0,0.0,0.06666666666666667,0.0,0.0,0.06666666666666667,0.0,0.0,0.0,0.0,0.35714285714285715,0.0,0.21428571428571427,0.07142857142857142,0.0,0.0,0.0,0.0,0.0,0.07142857142857142,0.07142857142857142,0.0,0.07142857142857142,0.0,0.0,0.0,0.0,0.07142857142857142,0.0,0.0,0.0,0.0,0.07142857142857142,0.0,0.0
0,0.18181818181818182,0.18181818181818182,0.09090909090909091,0.0,0.045454545454545456,0.09090909090909091,0.0,0.045454545454545456,0.0,0.045454545454545456,0.18181818181818182,0.0,0.045454545454545456,0.0,0.0,0.0,0.0,0.0,0.0,0.0,0.0,0.045454545454545456,0.045454545454545456,0.0,0.0,0.14285714285714285,0.047619047619047616,0.19047619047619047,0.0,0.09523809523809523,0.047619047619047616,0.09523809523809523,0.047619047619047616,0.0,0.0,0.19047619047619047,0.047619047619047616,0.0,0.0,0.0,0.0,0.0,0.0,0.0,0.0,0.09523809523809523,0.0,0.0,0.0,0.0,0.25,0.1,0.15,0.0,0.0,0.15,0.0,0.0,0.0,0.05,0.1,0.0,0.05,0.0,0.05,0.0,0.0,0.0,0.0,0.0,0.0,0.1,0.0,0.0,0.0,0.3684210526315789,0.05263157894736842,0.05263157894736842,0.0,0.05263157894736842,0.05263157894736842,0.10526315789473684,0.05263157894736842,0.0,0.0,0.0,0.05263157894736842,0.10526315789473684,0.0,0.05263157894736842,0.0,0.0,0.0,0.0,0.0,0.05263157894736842,0.0,0.0,0.0,0.0,0.2222222222222222,0.1111111111111111,0.16666666666666666,0.0,0.05555555555555555,0.05555555555555555,0.0,0.05555555555555555,0.0,0.05555555555555555,0.16666666666666666,0.05555555555555555,0.0,0.0,0.0,0.0,0.0,0.0,0.0,0.0,0.0,0.05555555555555555,0.0,0.0,0.0,0.17647058823529413,0.11764705882352941,0.17647058823529413,0.0,0.058823529411764705,0.058823529411764705,0.058823529411764705,0.058823529411764705,0.0,0.0,0.17647058823529413,0.058823529411764705,0.0,0.0,0.0,0.0,0.0,0.0,0.0,0.0,0.0,0.0,0.0,0.0,0.058823529411764705
0,0.08108108108108109,0.013513513513513514,0.04054054054054054,0.02702702702702703,0.10810810810810811,0.013513513513513514,0.013513513513513514,0.013513513513513514,0.013513513513513514,0.013513513513513514,0.05405405405405406,0.013513513513513514,0.0945945945945946,0.02702702702702703,0.06756756756756757,0.02702702702702703,0.0,0.02702702702702703,0.0,0.05405405405405406,0.10810810810810811,0.02702702702702703,0.08108108108108109,0.02702702702702703,0.05405405405405406,0.1095890410958904,0.0273972602739726,0.0547945205479452,0.0136986301369863,0.0547945205479452,0.0,0.0,0.0136986301369863,0.0136986301369863,0.0410958904109589,0.0547945205479452,0.0136986301369863,0.0684931506849315,0.0273972602739726,0.0958904109589041,0.0547945205479452,0.0,0.0410958904109589,0.0136986301369863,0.0,0.0684931506849315,0.0273972602739726,0.0684931506849315,0.0273972602739726,0.1095890410958904,0.05555555555555555,0.027777777777777776,0.06944444444444445,0.013888888888888888,0.09722222222222222,0.013888888888888888,0.013888888888888888,0.027777777777777776,0.0,0.013888888888888888,0.041666666666666664,0.013888888888888888,0.09722222222222222,0.041666666666666664,0.06944444444444445,0.05555555555555555,0.013888888888888888,0.013888888888888888,0.0,0.027777777777777776,0.1111111111111111,0.0,0.041666666666666664,0.041666666666666664,0.09722222222222222,0.056338028169014086,0.0,0.09859154929577464,0.028169014084507043,0.08450704225352113,0.0,0.014084507042253521,0.04225352112676056,0.0,0.014084507042253521,0.07042253521126761,0.028169014084507043,0.08450704225352113,0.014084507042253521,0.07042253521126761,0.056338028169014086,0.0,0.0,0.014084507042253521,0.028169014084507043,0.08450704225352113,0.028169014084507043,0.028169014084507043,0.04225352112676056,0.11267605633802817,0.05714285714285714,0.0,0.08571428571428572,0.014285714285714285,0.11428571428571428,0.02857142857142857,0.014285714285714285,0.0,0.014285714285714285,0.014285714285714285,0.05714285714285714,0.014285714285714285,0.08571428571428572,0.014285714285714285,0.08571428571428572,0.04285714285714286,0.0,0.014285714285714285,0.0,0.04285714285714286,0.08571428571428572,0.04285714285714286,0.07142857142857142,0.04285714285714286,0.05714285714285714,0.07246376811594203,0.0,0.08695652173913043,0.028985507246376812,0.08695652173913043,0.028985507246376812,0.014492753623188406,0.014492753623188406,0.0,0.014492753623188406,0.043478260869565216,0.014492753623188406,0.07246376811594203,0.028985507246376812,0.08695652173913043,0.014492753623188406,0.014492753623188406,0.057971014492753624,0.0,0.014492753623188406,0.10144927536231885,0.028985507246376812,0.028985507246376812,0.028985507246376812,0.11594202898550725
0,0.02702702702702703,0.05405405405405406,0.05405405405405406,0.02702702702702703,0.13513513513513514,0.02702702702702703,0.0,0.02702702702702703,0.0,0.02702702702702703,0.02702702702702703,0.0,0.05405405405405406,0.0,0.05405405405405406,0.0,0.0,0.0,0.0,0.02702702702702703,0.1891891891891892,0.02702702702702703,0.02702702702702703,0.0,0.21621621621621623,0.1111111111111111,0.027777777777777776,0.0,0.0,0.16666666666666666,0.0,0.0,0.0,0.0,0.05555555555555555,0.027777777777777776,0.0,0.027777777777777776,0.0,0.08333333333333333,0.027777777777777776,0.0,0.0,0.0,0.0,0.1111111111111111,0.027777777777777776,0.1388888888888889,0.027777777777777776,0.16666666666666666,0.08571428571428572,0.0,0.08571428571428572,0.0,0.14285714285714285,0.02857142857142857,0.0,0.0,0.0,0.02857142857142857,0.02857142857142857,0.0,0.0,0.0,0.11428571428571428,0.0,0.0,0.0,0.0,0.02857142857142857,0.11428571428571428,0.05714285714285714,0.08571428571428572,0.02857142857142857,0.17142857142857143,0.08823529411764706,0.0,0.029411764705882353,0.029411764705882353,0.17647058823529413,0.029411764705882353,0.0,0.0,0.0,0.029411764705882353,0.029411764705882353,0.029411764705882353,0.0,0.0,0.08823529411764706,0.0,0.0,0.0,0.0,0.029411764705882353,0.11764705882352941,0.029411764705882353,0.14705882352941177,0.0,0.14705882352941177,0.09090909090909091,0.06060606060606061,0.030303030303030304,0.0,0.15151515151515152,0.030303030303030304,0.0,0.0,0.030303030303030304,0.0,0.030303030303030304,0.0,0.0,0.0,0.12121212121212122,0.0,0.0,0.030303030303030304,0.0,0.0,0.12121212121212122,0.0,0.12121212121212122,0.0,0.18181818181818182,0.09375,0.0,0.0625,0.03125,0.15625,0.0,0.0,0.03125,0.0,0.03125,0.0625,0.03125,0.0,0.0,0.0625,0.0,0.0,0.03125,0.0,0.0,0.09375,0.03125,0.0625,0.0,0.21875
0,0.043478260869565216,0.0,0.06521739130434782,0.021739130434782608,0.10869565217391304,0.0,0.0,0.0,0.021739130434782608,0.021739130434782608,0.06521739130434782,0.021739130434782608,0.06521739130434782,0.021739130434782608,0.06521739130434782,0.021739130434782608,0.0,0.0,0.0,0.06521739130434782,0.08695652173913043,0.021739130434782608,0.10869565217391304,0.021739130434782608,0.15217391304347827,0.022222222222222223,0.022222222222222223,0.06666666666666667,0.0,0.13333333333333333,0.0,0.0,0.0,0.022222222222222223,0.022222222222222223,0.06666666666666667,0.0,0.022222222222222223,0.022222222222222223,0.13333333333333333,0.022222222222222223,0.0,0.022222222222222223,0.0,0.022222222222222223,0.1111111111111111,0.022222222222222223,0.13333333333333333,0.044444444444444446,0.08888888888888889,0.0,0.0,0.11363636363636363,0.0,0.13636363636363635,0.045454545454545456,0.0,0.0,0.0,0.0,0.045454545454545456,0.022727272727272728,0.06818181818181818,0.022727272727272728,0.06818181818181818,0.0,0.0,0.0,0.0,0.06818181818181818,0.13636363636363635,0.022727272727272728,0.06818181818181818,0.06818181818181818,0.11363636363636363,0.046511627906976744,0.0,0.09302325581395349,0.046511627906976744,0.06976744186046512,0.0,0.0,0.023255813953488372,0.0,0.023255813953488372,0.09302325581395349,0.023255813953488372,0.023255813953488372,0.0,0.09302325581395349,0.023255813953488372,0.023255813953488372,0.0,0.0,0.023255813953488372,0.06976744186046512,0.0,0.09302325581395349,0.046511627906976744,0.18604651162790697,0.09523809523809523,0.023809523809523808,0.047619047619047616,0.023809523809523808,0.07142857142857142,0.023809523809523808,0.0,0.0,0.0,0.023809523809523808,0.047619047619047616,0.0,0.047619047619047616,0.023809523809523808,0.11904761904761904,0.0,0.0,0.023809523809523808,0.023809523809523808,0.023809523809523808,0.047619047619047616,0.023809523809523808,0.11904761904761904,0.023809523809523808,0.16666666666666666,0.07317073170731707,0.0,0.04878048780487805,0.024390243902439025,0.0975609756097561,0.0,0.0,0.0,0.0,0.04878048780487805,0.04878048780487805,0.024390243902439025,0.04878048780487805,0.04878048780487805,0.07317073170731707,0.024390243902439025,0.0,0.024390243902439025,0.0,0.024390243902439025,0.07317073170731707,0.024390243902439025,0.12195121951219512,0.0,0.17073170731707318
0,0.21739130434782608,0.08695652173913043,0.043478260869565216,0.0,0.13043478260869565,0.043478260869565216,0.0,0.0,0.0,0.08695652173913043,0.08695652173913043,0.0,0.043478260869565216,0.0,0.043478260869565216,0.0,0.0,0.0,0.0,0.0,0.13043478260869565,0.0,0.08695652173913043,0.0,0.0,0.22727272727272727,0.0,0.09090909090909091,0.0,0.18181818181818182,0.045454545454545456,0.0,0.045454545454545456,0.0,0.045454545454545456,0.0,0.09090909090909091,0.0,0.0,0.045454545454545456,0.0,0.0,0.0,0.0,0.0,0.18181818181818182,0.0,0.045454545454545456,0.0,0.0,0.23809523809523808,0.047619047619047616,0.19047619047619047,0.0,0.047619047619047616,0.14285714285714285,0.0,0.0,0.0,0.0,0.0,0.0,0.0,0.0,0.09523809523809523,0.0,0.0,0.0,0.0,0.0,0.09523809523809523,0.047619047619047616,0.0,0.0,0.09523809523809523,0.35,0.05,0.05,0.0,0.1,0.05,0.05,0.0,0.0,0.05,0.05,0.0,0.05,0.0,0.0,0.0,0.0,0.0,0.0,0.0,0.0,0.0,0.1,0.0,0.1,0.10526315789473684,0.10526315789473684,0.10526315789473684,0.0,0.21052631578947367,0.05263157894736842,0.0,0.05263157894736842,0.0,0.05263157894736842,0.10526315789473684,0.0,0.0,0.0,0.0,0.0,0.0,0.0,0.0,0.0,0.15789473684210525,0.0,0.05263157894736842,0.0,0.0,0.2222222222222222,0.0,0.16666666666666666,0.0,0.1111111111111111,0.05555555555555555,0.0,0.05555555555555555,0.0,0.05555555555555555,0.0,0.05555555555555555,0.0,0.0,0.05555555555555555,0.0,0.0,0.0,0.0,0.0,0.1111111111111111,0.05555555555555555,0.0,0.0,0.05555555555555555
0,0.05263157894736842,0.07894736842105263,0.02631578947368421,0.0,0.07894736842105263,0.02631578947368421,0.0,0.05263157894736842,0.0,0.05263157894736842,0.02631578947368421,0.0,0.07894736842105263,0.0,0.10526315789473684,0.0,0.0,0.0,0.0,0.0,0.13157894736842105,0.05263157894736842,0.05263157894736842,0.0,0.18421052631578946,0.05405405405405406,0.05405405405405406,0.02702702702702703,0.0,0.10810810810810811,0.02702702702702703,0.0,0.02702702702702703,0.0,0.08108108108108109,0.10810810810810811,0.0,0.05405405405405406,0.0,0.05405405405405406,0.0,0.0,0.0,0.0,0.0,0.05405405405405406,0.05405405405405406,0.10810810810810811,0.0,0.1891891891891892,0.05555555555555555,0.0,0.08333333333333333,0.0,0.1111111111111111,0.08333333333333333,0.0,0.027777777777777776,0.0,0.027777777777777776,0.027777777777777776,0.0,0.027777777777777776,0.0,0.1388888888888889,0.0,0.0,0.0,0.0,0.0,0.05555555555555555,0.1111111111111111,0.08333333333333333,0.0,0.16666666666666666,0.11428571428571428,0.0,0.02857142857142857,0.0,0.11428571428571428,0.0,0.02857142857142857,0.02857142857142857,0.0,0.05714285714285714,0.05714285714285714,0.02857142857142857,0.02857142857142857,0.0,0.08571428571428572,0.0,0.0,0.0,0.0,0.0,0.05714285714285714,0.05714285714285714,0.14285714285714285,0.0,0.17142857142857143,0.08823529411764706,0.11764705882352941,0.0,0.0,0.058823529411764705,0.0,0.0,0.058823529411764705,0.0,0.058823529411764705,0.029411764705882353,0.0,0.029411764705882353,0.0,0.14705882352941177,0.0,0.0,0.0,0.0,0.0,0.11764705882352941,0.0,0.14705882352941177,0.0,0.14705882352941177,0.030303030303030304,0.030303030303030304,0.06060606060606061,0.0,0.15151515151515152,0.0,0.030303030303030304,0.030303030303030304,0.0,0.06060606060606061,0.09090909090909091,0.030303030303030304,0.0,0.0,0.09090909090909091,0.0,0.0,0.0,0.0,0.0,0.12121212121212122,0.030303030303030304,0.15151515151515152,0.0,0.09090909090909091
0,0.4166666666666667,0.0,0.08333333333333333,0.0,0.08333333333333333,0.0,0.08333333333333333,0.0,0.0,0.08333333333333333,0.08333333333333333,0.0,0.0,0.0,0.0,0.0,0.0,0.0,0.0,0.0,0.16666666666666666,0.0,0.0,0.0,0.0,0.36363636363636365,0.0,0.09090909090909091,0.0,0.09090909090909091,0.09090909090909091,0.0,0.0,0.0,0.09090909090909091,0.09090909090909091,0.0,0.0,0.0,0.0,0.0,0.0,0.0,0.0,0.0,0.18181818181818182,0.0,0.0,0.0,0.0,0.4,0.0,0.1,0.0,0.0,0.2,0.0,0.0,0.0,0.0,0.0,0.0,0.0,0.0,0.1,0.0,0.0,0.0,0.0,0.0,0.2,0.0,0.0,0.0,0.0,0.4444444444444444,0.0,0.0,0.0,0.1111111111111111,0.2222222222222222,0.0,0.0,0.0,0.0,0.1111111111111111,0.0,0.0,0.0,0.0,0.0,0.0,0.0,0.0,0.0,0.0,0.0,0.1111111111111111,0.0,0.0,0.375,0.0,0.0,0.0,0.125,0.125,0.0,0.125,0.0,0.0,0.125,0.0,0.0,0.0,0.0,0.0,0.0,0.0,0.0,0.0,0.125,0.0,0.0,0.0,0.0,0.2857142857142857,0.0,0.0,0.0,0.14285714285714285,0.14285714285714285,0.0,0.14285714285714285,0.0,0.0,0.14285714285714285,0.0,0.0,0.0,0.0,0.0,0.0,0.0,0.0,0.0,0.14285714285714285,0.0,0.0,0.0,0.0
0,0.4166666666666667,0.0,0.08333333333333333,0.0,0.16666666666666666,0.08333333333333333,0.0,0.0,0.0,0.0,0.08333333333333333,0.0,0.0,0.0,0.0,0.0,0.0,0.0,0.0,0.0,0.16666666666666666,0.0,0.0,0.0,0.0,0.45454545454545453,0.0,0.09090909090909091,0.0,0.09090909090909091,0.0,0.0,0.0,0.0,0.09090909090909091,0.09090909090909091,0.0,0.0,0.0,0.0,0.0,0.0,0.0,0.0,0.0,0.18181818181818182,0.0,0.0,0.0,0.0,0.5,0.0,0.1,0.0,0.0,0.1,0.0,0.0,0.0,0.0,0.0,0.0,0.0,0.0,0.1,0.0,0.0,0.0,0.0,0.0,0.2,0.0,0.0,0.0,0.0,0.5555555555555556,0.0,0.0,0.0,0.1111111111111111,0.1111111111111111,0.0,0.0,0.0,0.0,0.1111111111111111,0.0,0.0,0.0,0.0,0.0,0.0,0.0,0.0,0.0,0.0,0.0,0.1111111111111111,0.0,0.0,0.375,0.0,0.125,0.0,0.125,0.125,0.0,0.0,0.0,0.0,0.125,0.0,0.0,0.0,0.0,0.0,0.0,0.0,0.0,0.0,0.125,0.0,0.0,0.0,0.0,0.42857142857142855,0.0,0.0,0.0,0.14285714285714285,0.0,0.0,0.14285714285714285,0.0,0.0,0.14285714285714285,0.0,0.0,0.0,0.0,0.0,0.0,0.0,0.0,0.0,0.14285714285714285,0.0,0.0,0.0,0.0
0,0.3333333333333333,0.0,0.08333333333333333,0.0,0.16666666666666666,0.16666666666666666,0.0,0.0,0.0,0.0,0.0,0.08333333333333333,0.0,0.0,0.0,0.0,0.0,0.0,0.0,0.0,0.16666666666666666,0.0,0.0,0.0,0.0,0.36363636363636365,0.09090909090909091,0.09090909090909091,0.0,0.09090909090909091,0.0,0.0,0.0,0.0,0.09090909090909091,0.09090909090909091,0.0,0.0,0.0,0.0,0.0,0.0,0.0,0.0,0.0,0.18181818181818182,0.0,0.0,0.0,0.0,0.4,0.1,0.1,0.0,0.1,0.1,0.0,0.0,0.0,0.0,0.0,0.0,0.0,0.0,0.0,0.0,0.0,0.0,0.0,0.0,0.2,0.0,0.0,0.0,0.0,0.5555555555555556,0.1111111111111111,0.0,0.0,0.0,0.1111111111111111,0.0,0.0,0.0,0.0,0.0,0.0,0.0,0.0,0.0,0.0,0.0,0.0,0.0,0.0,0.0,0.0,0.1111111111111111,0.0,0.1111111111111111,0.375,0.0,0.125,0.0,0.125,0.125,0.0,0.0,0.0,0.0,0.0,0.0,0.0,0.0,0.0,0.0,0.0,0.0,0.0,0.0,0.125,0.125,0.0,0.0,0.0,0.2857142857142857,0.14285714285714285,0.14285714285714285,0.0,0.0,0.0,0.0,0.0,0.0,0.14285714285714285,0.0,0.0,0.0,0.0,0.0,0.0,0.0,0.0,0.0,0.0,0.2857142857142857,0.0,0.0,0.0,0.0
0,0.2558139534883721,0.046511627906976744,0.046511627906976744,0.023255813953488372,0.11627906976744186,0.09302325581395349,0.0,0.0,0.0,0.023255813953488372,0.0,0.0,0.0,0.023255813953488372,0.046511627906976744,0.023255813953488372,0.0,0.0,0.0,0.023255813953488372,0.09302325581395349,0.06976744186046512,0.046511627906976744,0.0,0.06976744186046512,0.30952380952380953,0.047619047619047616,0.047619047619047616,0.023809523809523808,0.047619047619047616,0.0,0.0,0.0,0.023809523809523808,0.09523809523809523,0.0,0.047619047619047616,0.0,0.0,0.023809523809523808,0.023809523809523808,0.0,0.023809523809523808,0.0,0.0,0.14285714285714285,0.023809523809523808,0.023809523809523808,0.0,0.09523809523809523,0.24390243902439024,0.024390243902439025,0.04878048780487805,0.0,0.14634146341463414,0.07317073170731707,0.024390243902439025,0.0,0.0,0.024390243902439025,0.07317073170731707,0.0,0.0,0.0,0.0,0.024390243902439025,0.0,0.0,0.024390243902439025,0.0,0.07317073170731707,0.07317073170731707,0.024390243902439025,0.024390243902439025,0.0975609756097561,0.225,0.075,0.025,0.05,0.075,0.075,0.0,0.025,0.0,0.025,0.025,0.0,0.0,0.0,0.05,0.025,0.0,0.0,0.0,0.025,0.15,0.05,0.025,0.0,0.075,0.23076923076923078,0.02564102564102564,0.02564102564102564,0.0,0.15384615384615385,0.02564102564102564,0.02564102564102564,0.02564102564102564,0.05128205128205128,0.0,0.05128205128205128,0.02564102564102564,0.0,0.0,0.0,0.05128205128205128,0.0,0.0,0.0,0.0,0.15384615384615385,0.02564102564102564,0.02564102564102564,0.0,0.10256410256410256,0.18421052631578946,0.02631578947368421,0.07894736842105263,0.0,0.13157894736842105,0.05263157894736842,0.0,0.0,0.0,0.07894736842105263,0.07894736842105263,0.0,0.0,0.0,0.0,0.05263157894736842,0.0,0.0,0.0,0.0,0.13157894736842105,0.07894736842105263,0.0,0.05263157894736842,0.05263157894736842
0,0.15384615384615385,0.07692307692307693,0.0,0.0,0.15384615384615385,0.15384615384615385,0.0,0.0,0.0,0.07692307692307693,0.07692307692307693,0.0,0.0,0.0,0.0,0.0,0.0,0.0,0.0,0.0,0.07692307692307693,0.07692307692307693,0.07692307692307693,0.0,0.07692307692307693,0.0,0.0,0.08333333333333333,0.0,0.25,0.08333333333333333,0.08333333333333333,0.0,0.0,0.08333333333333333,0.08333333333333333,0.0,0.0,0.0,0.0,0.0,0.0,0.0,0.0,0.0,0.25,0.08333333333333333,0.0,0.0,0.0,0.18181818181818182,0.09090909090909091,0.0,0.0,0.09090909090909091,0.09090909090909091,0.0,0.09090909090909091,0.0,0.09090909090909091,0.0,0.0,0.0,0.0,0.0,0.0,0.0,0.0,0.0,0.0,0.18181818181818182,0.0,0.0,0.0,0.18181818181818182,0.3,0.1,0.0,0.0,0.0,0.2,0.0,0.0,0.0,0.1,0.0,0.0,0.0,0.0,0.0,0.0,0.0,0.0,0.0,0.0,0.0,0.0,0.1,0.0,0.2,0.1111111111111111,0.0,0.0,0.0,0.2222222222222222,0.2222222222222222,0.0,0.0,0.0,0.1111111111111111,0.0,0.0,0.0,0.0,0.0,0.0,0.0,0.0,0.0,0.0,0.1111111111111111,0.1111111111111111,0.1111111111111111,0.0,0.0,0.0,0.0,0.125,0.0,0.25,0.0,0.125,0.0,0.0,0.125,0.0,0.0,0.0,0.0,0.0,0.0,0.0,0.0,0.0,0.0,0.375,0.0,0.0,0.0,0.0
0,0.12121212121212122,0.06060606060606061,0.06060606060606061,0.0,0.12121212121212122,0.030303030303030304,0.0,0.0,0.0,0.030303030303030304,0.030303030303030304,0.0,0.030303030303030304,0.030303030303030304,0.030303030303030304,0.0,0.0,0.0,0.0,0.030303030303030304,0.18181818181818182,0.0,0.06060606060606061,0.0,0.18181818181818182,0.15625,0.03125,0.03125,0.0,0.15625,0.03125,0.0,0.03125,0.0,0.0,0.0,0.0,0.03125,0.03125,0.0625,0.03125,0.0,0.0,0.0,0.0,0.125,0.03125,0.0625,0.0,0.1875,0.0967741935483871,0.03225806451612903,0.06451612903225806,0.0,0.1935483870967742,0.03225806451612903,0.0,0.0,0.0,0.0,0.06451612903225806,0.0,0.03225806451612903,0.0,0.03225806451612903,0.0,0.03225806451612903,0.0,0.0,0.0,0.12903225806451613,0.0,0.06451612903225806,0.03225806451612903,0.1935483870967742,0.06666666666666667,0.0,0.06666666666666667,0.0,0.23333333333333334,0.0,0.03333333333333333,0.0,0.0,0.0,0.03333333333333333,0.03333333333333333,0.0,0.03333333333333333,0.03333333333333333,0.03333333333333333,0.0,0.0,0.0,0.0,0.2,0.0,0.06666666666666667,0.0,0.16666666666666666,0.10344827586206896,0.034482758620689655,0.034482758620689655,0.034482758620689655,0.13793103448275862,0.0,0.0,0.0,0.0,0.034482758620689655,0.034482758620689655,0.034482758620689655,0.0,0.0,0.06896551724137931,0.034482758620689655,0.0,0.0,0.0,0.0,0.13793103448275862,0.0,0.10344827586206896,0.0,0.20689655172413793,0.03571428571428571,0.0,0.03571428571428571,0.0,0.25,0.0,0.0,0.03571428571428571,0.0,0.0,0.10714285714285714,0.0,0.0,0.0,0.03571428571428571,0.03571428571428571,0.0,0.0,0.0,0.0,0.14285714285714285,0.07142857142857142,0.07142857142857142,0.03571428571428571,0.14285714285714285
0,0.08235294117647059,0.0,0.09411764705882353,0.07058823529411765,0.08235294117647059,0.047058823529411764,0.0,0.0,0.0,0.0,0.10588235294117647,0.0,0.03529411764705882,0.08235294117647059,0.03529411764705882,0.023529411764705882,0.03529411764705882,0.11764705882352941,0.023529411764705882,0.011764705882352941,0.07058823529411765,0.011764705882352941,0.023529411764705882,0.023529411764705882,0.023529411764705882,0.08333333333333333,0.023809523809523808,0.09523809523809523,0.08333333333333333,0.03571428571428571,0.023809523809523808,0.0,0.011904761904761904,0.011904761904761904,0.0,0.023809523809523808,0.023809523809523808,0.08333333333333333,0.05952380952380952,0.07142857142857142,0.11904761904761904,0.0,0.03571428571428571,0.023809523809523808,0.03571428571428571,0.08333333333333333,0.0,0.03571428571428571,0.023809523809523808,0.011904761904761904,0.10843373493975904,0.04819277108433735,0.07228915662650602,0.04819277108433735,0.04819277108433735,0.012048192771084338,0.0,0.012048192771084338,0.0,0.012048192771084338,0.12048192771084337,0.0,0.07228915662650602,0.060240963855421686,0.012048192771084338,0.04819277108433735,0.0,0.060240963855421686,0.060240963855421686,0.04819277108433735,0.04819277108433735,0.0,0.03614457831325301,0.03614457831325301,0.03614457831325301,0.13414634146341464,0.012195121951219513,0.0975609756097561,0.024390243902439025,0.06097560975609756,0.0,0.012195121951219513,0.012195121951219513,0.0,0.012195121951219513,0.08536585365853659,0.012195121951219513,0.08536585365853659,0.06097560975609756,0.024390243902439025,0.07317073170731707,0.012195121951219513,0.024390243902439025,0.08536585365853659,0.024390243902439025,0.04878048780487805,0.0,0.024390243902439025,0.036585365853658534,0.036585365853658534,0.1111111111111111,0.0,0.07407407407407407,0.08641975308641975,0.04938271604938271,0.024691358024691357,0.0,0.0,0.0,0.012345679012345678,0.1111111111111111,0.0,0.06172839506172839,0.04938271604938271,0.04938271604938271,0.037037037037037035,0.024691358024691357,0.07407407407407407,0.06172839506172839,0.024691358024691357,0.06172839506172839,0.024691358024691357,0.037037037037037035,0.0,0.024691358024691357,0.1,0.025,0.1,0.025,0.0625,0.025,0.0,0.0125,0.0,0.0,0.0375,0.025,0.0625,0.1,0.05,0.1375,0.0,0.0375,0.025,0.025,0.05,0.0,0.025,0.05,0.025
0,0.125,0.08333333333333333,0.125,0.041666666666666664,0.0,0.0,0.08333333333333333,0.041666666666666664,0.041666666666666664,0.041666666666666664,0.08333333333333333,0.0,0.08333333333333333,0.0,0.041666666666666664,0.08333333333333333,0.0,0.0,0.0,0.0,0.041666666666666664,0.041666666666666664,0.0,0.0,0.041666666666666664,0.08695652173913043,0.08695652173913043,0.21739130434782608,0.0,0.0,0.043478260869565216,0.0,0.0,0.043478260869565216,0.13043478260869565,0.08695652173913043,0.08695652173913043,0.0,0.0,0.0,0.043478260869565216,0.0,0.0,0.043478260869565216,0.0,0.043478260869565216,0.043478260869565216,0.043478260869565216,0.0,0.0,0.18181818181818182,0.0,0.09090909090909091,0.045454545454545456,0.045454545454545456,0.09090909090909091,0.045454545454545456,0.0,0.045454545454545456,0.045454545454545456,0.0,0.13636363636363635,0.045454545454545456,0.0,0.0,0.045454545454545456,0.0,0.045454545454545456,0.0,0.0,0.0,0.0,0.09090909090909091,0.0,0.045454545454545456,0.09523809523809523,0.09523809523809523,0.09523809523809523,0.0,0.047619047619047616,0.09523809523809523,0.047619047619047616,0.047619047619047616,0.047619047619047616,0.0,0.0,0.047619047619047616,0.047619047619047616,0.047619047619047616,0.047619047619047616,0.09523809523809523,0.0,0.0,0.0,0.0,0.047619047619047616,0.0,0.047619047619047616,0.0,0.047619047619047616,0.05,0.15,0.1,0.05,0.0,0.1,0.0,0.1,0.0,0.05,0.05,0.0,0.0,0.05,0.05,0.05,0.0,0.05,0.0,0.0,0.1,0.05,0.0,0.0,0.0,0.10526315789473684,0.05263157894736842,0.05263157894736842,0.05263157894736842,0.05263157894736842,0.10526315789473684,0.0,0.10526315789473684,0.0,0.05263157894736842,0.10526315789473684,0.0,0.0,0.05263157894736842,0.0,0.05263157894736842,0.0,0.05263157894736842,0.0,0.0,0.0,0.10526315789473684,0.05263157894736842,0.0,0.0
0,0.10344827586206896,0.034482758620689655,0.0,0.034482758620689655,0.1724137931034483,0.034482758620689655,0.0,0.034482758620689655,0.0,0.0,0.034482758620689655,0.0,0.0,0.0,0.06896551724137931,0.0,0.0,0.0,0.0,0.034482758620689655,0.1724137931034483,0.034482758620689655,0.06896551724137931,0.0,0.1724137931034483,0.07142857142857142,0.03571428571428571,0.0,0.0,0.21428571428571427,0.0,0.0,0.0,0.0,0.07142857142857142,0.03571428571428571,0.0,0.03571428571428571,0.0,0.03571428571428571,0.0,0.0,0.0,0.0,0.03571428571428571,0.21428571428571427,0.03571428571428571,0.07142857142857142,0.03571428571428571,0.10714285714285714,0.07407407407407407,0.0,0.037037037037037035,0.0,0.18518518518518517,0.037037037037037035,0.0,0.0,0.0,0.037037037037037035,0.07407407407407407,0.037037037037037035,0.0,0.0,0.0,0.037037037037037035,0.0,0.0,0.0,0.0,0.1111111111111111,0.037037037037037035,0.07407407407407407,0.0,0.25925925925925924,0.07692307692307693,0.0,0.038461538461538464,0.0,0.19230769230769232,0.07692307692307693,0.0,0.0,0.0,0.0,0.0,0.0,0.038461538461538464,0.0,0.07692307692307693,0.0,0.038461538461538464,0.0,0.0,0.0,0.19230769230769232,0.038461538461538464,0.038461538461538464,0.0,0.19230769230769232,0.12,0.04,0.04,0.0,0.12,0.0,0.0,0.0,0.0,0.08,0.0,0.04,0.0,0.0,0.04,0.04,0.0,0.0,0.0,0.0,0.2,0.0,0.08,0.0,0.2,0.125,0.0,0.08333333333333333,0.0,0.125,0.0,0.0,0.0,0.0,0.041666666666666664,0.041666666666666664,0.0,0.041666666666666664,0.0,0.0,0.0,0.0,0.0,0.0,0.041666666666666664,0.16666666666666666,0.08333333333333333,0.0,0.0,0.25
0,0.045454545454545456,0.045454545454545456,0.045454545454545456,0.0,0.045454545454545456,0.045454545454545456,0.0,0.045454545454545456,0.0,0.13636363636363635,0.0,0.13636363636363635,0.045454545454545456,0.0,0.045454545454545456,0.0,0.045454545454545456,0.0,0.0,0.0,0.09090909090909091,0.045454545454545456,0.09090909090909091,0.045454545454545456,0.045454545454545456,0.0,0.047619047619047616,0.09523809523809523,0.0,0.047619047619047616,0.09523809523809523,0.0,0.0,0.047619047619047616,0.09523809523809523,0.0,0.047619047619047616,0.047619047619047616,0.0,0.09523809523809523,0.047619047619047616,0.0,0.0,0.0,0.0,0.047619047619047616,0.14285714285714285,0.09523809523809523,0.0,0.047619047619047616,0.0,0.05,0.05,0.05,0.05,0.05,0.1,0.05,0.0,0.05,0.05,0.0,0.1,0.0,0.05,0.0,0.0,0.0,0.0,0.05,0.1,0.1,0.05,0.0,0.05,0.05263157894736842,0.10526315789473684,0.0,0.0,0.05263157894736842,0.05263157894736842,0.0,0.15789473684210525,0.0,0.05263157894736842,0.0,0.10526315789473684,0.0,0.0,0.10526315789473684,0.0,0.0,0.05263157894736842,0.0,0.0,0.05263157894736842,0.05263157894736842,0.05263157894736842,0.05263157894736842,0.05263157894736842,0.1111111111111111,0.05555555555555555,0.05555555555555555,0.0,0.0,0.0,0.16666666666666666,0.0,0.05555555555555555,0.05555555555555555,0.0,0.0,0.05555555555555555,0.0,0.1111111111111111,0.0,0.0,0.05555555555555555,0.0,0.0,0.0,0.05555555555555555,0.1111111111111111,0.0,0.1111111111111111,0.0,0.058823529411764705,0.0,0.0,0.17647058823529413,0.0,0.058823529411764705,0.11764705882352941,0.0,0.058823529411764705,0.0,0.058823529411764705,0.058823529411764705,0.058823529411764705,0.0,0.0,0.058823529411764705,0.0,0.0,0.0,0.11764705882352941,0.058823529411764705,0.058823529411764705,0.0,0.058823529411764705
0,0.3684210526315789,0.05263157894736842,0.05263157894736842,0.0,0.10526315789473684,0.05263157894736842,0.0,0.0,0.0,0.05263157894736842,0.05263157894736842,0.0,0.05263157894736842,0.0,0.05263157894736842,0.0,0.0,0.0,0.0,0.0,0.10526315789473684,0.0,0.05263157894736842,0.0,0.0,0.3333333333333333,0.0,0.1111111111111111,0.0,0.16666666666666666,0.1111111111111111,0.0,0.0,0.0,0.0,0.0,0.05555555555555555,0.0,0.0,0.05555555555555555,0.0,0.0,0.0,0.0,0.0,0.1111111111111111,0.0,0.05555555555555555,0.0,0.0,0.35294117647058826,0.058823529411764705,0.17647058823529413,0.0,0.058823529411764705,0.11764705882352941,0.0,0.0,0.0,0.0,0.0,0.0,0.0,0.0,0.058823529411764705,0.0,0.0,0.0,0.0,0.0,0.058823529411764705,0.0,0.0,0.0,0.11764705882352941,0.3125,0.0625,0.125,0.0,0.1875,0.125,0.0,0.0,0.0,0.0,0.0625,0.0,0.0,0.0,0.0,0.0,0.0,0.0,0.0,0.0,0.0,0.0,0.0625,0.0,0.0625,0.26666666666666666,0.06666666666666667,0.13333333333333333,0.0,0.2,0.06666666666666667,0.0,0.0,0.0,0.06666666666666667,0.06666666666666667,0.0,0.0,0.0,0.0,0.0,0.0,0.0,0.0,0.0,0.06666666666666667,0.0,0.06666666666666667,0.0,0.0,0.21428571428571427,0.07142857142857142,0.14285714285714285,0.0,0.21428571428571427,0.07142857142857142,0.0,0.07142857142857142,0.0,0.0,0.07142857142857142,0.0,0.0,0.0,0.0,0.0,0.0,0.0,0.0,0.0,0.07142857142857142,0.0,0.0,0.0,0.07142857142857142
0,0.13333333333333333,0.03333333333333333,0.0,0.03333333333333333,0.16666666666666666,0.03333333333333333,0.0,0.03333333333333333,0.0,0.0,0.03333333333333333,0.0,0.0,0.0,0.06666666666666667,0.0,0.0,0.0,0.0,0.03333333333333333,0.16666666666666666,0.03333333333333333,0.06666666666666667,0.0,0.16666666666666666,0.10344827586206896,0.034482758620689655,0.0,0.0,0.20689655172413793,0.0,0.0,0.0,0.0,0.06896551724137931,0.034482758620689655,0.0,0.034482758620689655,0.0,0.034482758620689655,0.0,0.0,0.0,0.0,0.034482758620689655,0.20689655172413793,0.034482758620689655,0.06896551724137931,0.034482758620689655,0.10344827586206896,0.07142857142857142,0.0,0.03571428571428571,0.0,0.21428571428571427,0.03571428571428571,0.0,0.0,0.0,0.03571428571428571,0.07142857142857142,0.03571428571428571,0.0,0.0,0.0,0.03571428571428571,0.0,0.0,0.0,0.0,0.14285714285714285,0.03571428571428571,0.07142857142857142,0.0,0.21428571428571427,0.07407407407407407,0.0,0.037037037037037035,0.0,0.18518518518518517,0.07407407407407407,0.0,0.0,0.0,0.0,0.037037037037037035,0.0,0.037037037037037035,0.0,0.037037037037037035,0.0,0.037037037037037035,0.0,0.0,0.0,0.18518518518518517,0.037037037037037035,0.037037037037037035,0.0,0.2222222222222222,0.11538461538461539,0.038461538461538464,0.038461538461538464,0.0,0.11538461538461539,0.038461538461538464,0.0,0.0,0.0,0.038461538461538464,0.0,0.038461538461538464,0.0,0.0,0.07692307692307693,0.038461538461538464,0.0,0.0,0.0,0.0,0.19230769230769232,0.0,0.07692307692307693,0.0,0.19230769230769232,0.12,0.0,0.08,0.0,0.12,0.0,0.0,0.0,0.0,0.08,0.04,0.0,0.04,0.0,0.0,0.0,0.0,0.0,0.0,0.04,0.2,0.08,0.0,0.0,0.2
0,0.3333333333333333,0.0,0.0,0.0,0.25,0.08333333333333333,0.0,0.0,0.0,0.0,0.0,0.0,0.0,0.0,0.0,0.0,0.0,0.0,0.0,0.0,0.25,0.0,0.0,0.0,0.08333333333333333,0.2727272727272727,0.0,0.0,0.0,0.2727272727272727,0.0,0.0,0.0,0.0,0.09090909090909091,0.0,0.0,0.0,0.0,0.0,0.0,0.0,0.0,0.0,0.0,0.36363636363636365,0.0,0.0,0.0,0.0,0.4,0.0,0.0,0.0,0.1,0.1,0.0,0.0,0.0,0.0,0.0,0.0,0.0,0.0,0.0,0.0,0.0,0.0,0.0,0.0,0.2,0.0,0.0,0.0,0.2,0.4444444444444444,0.0,0.0,0.0,0.1111111111111111,0.1111111111111111,0.0,0.0,0.0,0.0,0.0,0.0,0.0,0.0,0.0,0.0,0.0,0.0,0.0,0.0,0.1111111111111111,0.0,0.0,0.0,0.2222222222222222,0.25,0.0,0.0,0.0,0.25,0.0,0.0,0.0,0.0,0.125,0.0,0.0,0.0,0.0,0.0,0.0,0.0,0.0,0.0,0.0,0.375,0.0,0.0,0.0,0.0,0.2857142857142857,0.0,0.0,0.0,0.14285714285714285,0.0,0.0,0.0,0.0,0.14285714285714285,0.0,0.0,0.0,0.0,0.0,0.0,0.0,0.0,0.0,0.0,0.42857142857142855,0.0,0.0,0.0,0.0
0,0.125,0.0,0.0625,0.0,0.0625,0.0,0.0,0.0,0.0,0.125,0.0625,0.0,0.0,0.0,0.125,0.0,0.0,0.0,0.0,0.0,0.0,0.125,0.1875,0.0,0.125,0.13333333333333333,0.06666666666666667,0.06666666666666667,0.0,0.0,0.0,0.0,0.06666666666666667,0.0,0.06666666666666667,0.0,0.06666666666666667,0.0,0.0,0.13333333333333333,0.0,0.0,0.0,0.0,0.0,0.0,0.0,0.13333333333333333,0.0,0.26666666666666666,0.07142857142857142,0.0,0.07142857142857142,0.0,0.14285714285714285,0.0,0.0,0.07142857142857142,0.0,0.07142857142857142,0.0,0.07142857142857142,0.07142857142857142,0.0,0.07142857142857142,0.0,0.0,0.0,0.0,0.0,0.0,0.07142857142857142,0.07142857142857142,0.0,0.21428571428571427,0.07692307692307693,0.07692307692307693,0.07692307692307693,0.0,0.07692307692307693,0.0,0.07692307692307693,0.0,0.0,0.07692307692307693,0.0,0.0,0.0,0.0,0.15384615384615385,0.0,0.0,0.0,0.0,0.0,0.0,0.0,0.15384615384615385,0.0,0.23076923076923078,0.0,0.08333333333333333,0.0,0.0,0.25,0.0,0.0,0.0,0.0,0.16666666666666666,0.0,0.0,0.16666666666666666,0.0,0.0,0.0,0.0,0.0,0.0,0.0,0.0,0.08333333333333333,0.08333333333333333,0.0,0.16666666666666666,0.0,0.18181818181818182,0.09090909090909091,0.0,0.09090909090909091,0.0,0.0,0.09090909090909091,0.0,0.09090909090909091,0.0,0.0,0.0,0.0,0.18181818181818182,0.0,0.0,0.0,0.0,0.0,0.0,0.0,0.09090909090909091,0.0,0.18181818181818182
